level,Avg time spent (minutes),Median time spent (minutes),Cumulative avg time spent (minutes),%User having more than one attempt,avg attempts,median attempts
1,0.5132121212121213,0.13333333333333333,0.5132121212121213,0.040998217468805706,1.035650623885918,1
2,0.32045454545454644,0.2,0.8336666666666678,0.020833333333333332,1.0265151515151516,1
3,0.19876543209876626,0.16666666666666666,1.032432098765434,0.021442495126705652,1.02729044834308,1
4,0.2713666666666674,0.2,1.3037987654321015,0.014,1.018,1
5,0.7358739837398377,0.6,2.039672749171939,0.022357723577235773,1.024390243902439,1
6,1.6051521438450895,0.48333333333333334,3.6448248930170286,0.016597510373443983,1.0228215767634854,1
7,0.6560028248587579,0.36666666666666664,4.300827717875786,0.012711864406779662,1.0148305084745763,1
8,1.7952208835341377,0.3,6.096048601409924,0.036057692307692304,1.0649038461538463,1
9,0.4458333333333332,0.35,6.541881934743257,0.010101010101010102,1.0151515151515151,1
10,1.0921929824561412,0.65,7.634074917199398,0.02349869451697128,1.0365535248041775,1
11,1.057454890788225,0.8666666666666667,8.691529807987623,0.03943661971830986,1.0507042253521126,1
12,0.45029850746268657,0.3333333333333333,9.14182831545031,0.020895522388059702,1.0238805970149254,1
13,2.8091282051282054,1.7833333333333334,11.950956520578515,0.04281345565749235,1.0581039755351682,1
14,2.555140692640691,0.9666666666666667,14.506097213219206,0.03870967741935484,1.0903225806451613,1
15,1.1360730593607307,0.95,15.642170272579937,0.030716723549488054,1.030716723549488,1
16,0.5761072261072265,0.45,16.218277498687165,0.0034965034965034965,1.0034965034965035,1
17,0.49661921708185086,0.4,16.714896715769015,0.0071174377224199285,1.01067615658363,1
18,0.7542565947242207,0.6666666666666666,17.469153310493237,0.014388489208633094,1.025179856115108,1
19,0.774783147459727,0.6166666666666667,18.243936457952962,0.01858736059479554,1.029739776951673,1
20,1.3316287878787885,1,19.57556524583175,0.052830188679245285,1.0566037735849056,1
21,4.649734395750335,3.216666666666667,24.225299641582087,0.1171875,1.25,1
22,1.3488934993084363,1.0333333333333334,25.57419314089052,0.02074688796680498,1.0248962655601659,1
23,1.2236581920903953,0.85,26.797851332980915,0.029661016949152543,1.0338983050847457,1
24,1.0139367816091953,0.9,27.81178811459011,0.021551724137931036,1.0258620689655173,1
25,4.46446402349486,1.4666666666666666,32.27625213808497,0.0611353711790393,1.0786026200873362,1
26,0.6119581464872946,0.55,32.88821028457227,0.008968609865470852,1.0089686098654709,1
27,1.9337817638266064,0.5833333333333334,34.821992048398876,0.013452914798206279,1.0852017937219731,1
28,0.7436728395061728,0.6833333333333333,35.56566488790505,0.004629629629629629,1.0046296296296295,1
29,0.7424100156494522,0.6833333333333333,36.308074903554505,0.014084507042253521,1.028169014084507,1
30,0.7014285714285712,0.6,37.00950347498308,0.009523809523809525,1.0047619047619047,1
31,0.47941176470588254,0.4166666666666667,37.48891523968896,0.014705882352941176,1.0245098039215685,1
32,1.5285130718954252,0.85,39.01742831158438,0.01951219512195122,1.0195121951219512,1
33,0.42031509121061383,0.4,39.43774340279499,0.014925373134328358,1.0149253731343284,1
34,1.864285714285714,1.0333333333333334,41.30202911708071,0.025380710659898477,1.0406091370558375,1
35,0.9376511226252159,0.8,42.239680239705926,0.015544041450777202,1.0207253886010363,1
36,3.87065972222222,0.5833333333333334,46.11033996192815,0.041666666666666664,1.046875,1
37,1.826344086021504,1.2166666666666666,47.936684047949655,0.053763440860215055,1.064516129032258,1
38,1.0148250460405157,0.8166666666666667,48.95150909399017,0.0055248618784530384,1.0055248618784531,1
39,0.8700549450549451,0.7,49.821564039045114,0.01098901098901099,1.021978021978022,1
40,5.0765193370165775,1.55,54.89808337606169,0.0718232044198895,1.0939226519337018,1
41,0.6378095238095238,0.5833333333333334,55.535892899871214,0.02857142857142857,1.0342857142857143,1
42,2.6110789980732174,1.5666666666666667,58.14697189794443,0.045714285714285714,1.0685714285714285,1
43,0.5621031746031748,0.5166666666666667,58.709075072547606,0.017857142857142856,1.0297619047619047,1
44,0.641616161616162,0.6166666666666667,59.35069123416377,0,1,1
45,0.5944785276073619,0.5333333333333333,59.94516976177113,0.012269938650306749,1.0797546012269938,1
46,0.9886831275720163,0.8166666666666667,60.93385288934315,0.024691358024691357,1.0308641975308641,1
47,0.6505208333333333,0.55,61.58437372267648,0,1,1
48,1.2541401273885344,1.05,62.83851385006501,0.01910828025477707,1.019108280254777,1
49,1.0650743099787687,0.95,63.90358816004378,0.025477707006369428,1.0318471337579618,1
50,2.025698924731183,1.2333333333333334,65.92928708477497,0.07096774193548387,1.0774193548387097,1
51,0.5214912280701757,0.45,66.45077831284515,0.013157894736842105,1.019736842105263,1
52,0.7649237472766882,0.55,67.21570206012183,0.013071895424836602,1.0326797385620916,1
53,0.7065789473684211,0.6666666666666666,67.92228100749026,0,1,1
54,1.245364238410596,0.9833333333333333,69.16764524590086,0.013245033112582781,1.0198675496688743,1
55,2.7693512304250567,0.85,71.93699647632592,0.006711409395973154,1.0067114093959733,1
56,0.9675675675675671,0.7833333333333333,72.90456404389349,0,1,1
57,0.930612244897959,0.85,73.83517628879144,0,1,1
58,2.1373873873873874,0.43333333333333335,75.97256367617884,0,1,1
59,2.99342403628118,0.9166666666666666,78.96598771246002,0.047619047619047616,1.08843537414966,1
60,10.445287356321842,1.4833333333333334,89.41127506878186,0.08843537414965986,1.1700680272108843,1
61,0.8499999999999998,0.5833333333333334,90.26127506878186,0.02112676056338028,1.028169014084507,1
62,4.5410165484633565,1.8166666666666667,94.80229161724522,0.12056737588652482,1.2624113475177305,1
63,6.129197080291972,2.566666666666667,100.93148869753719,0.15942028985507245,1.3043478260869565,1
64,2.010617283950617,1,102.94210598148781,0.029411764705882353,1.036764705882353,1
65,1.1669154228855727,1,104.10902140437338,0.05223880597014925,1.0597014925373134,1
66,0.7913486005089061,0.7,104.90037000488229,0.007633587786259542,1,1
67,1.4152564102564102,1.3,106.3156264151387,0.007692307692307693,1.0076923076923077,1
68,0.46167979002624654,0.4166666666666667,106.77730620516495,0,1,1
69,1.7958666666666658,0.7333333333333333,108.57317287183162,0,1,1
70,1.4560483870967738,1.3166666666666667,110.02922125892839,0.024,1.032,1
71,1.2474254742547428,0.95,111.27664673318313,0.04065040650406504,1.0406504065040652,1
72,0.8295833333333331,0.7666666666666667,112.10623006651646,0,1,1
73,0.6655555555555556,0.6166666666666667,112.77178562207202,0.008333333333333333,1,1
74,1.2712250712250714,0.9833333333333333,114.04301069329709,0.008547008547008548,1.017094017094017,1
75,1.5792022792022788,1.0166666666666666,115.62221297249937,0.008547008547008548,1.0085470085470085,1
76,0.8062678062678061,0.65,116.42848077876718,0.02564102564102564,1.0256410256410255,1
77,6.534913793103447,2.1,122.96339457187062,0.07758620689655173,1.1206896551724137,1
78,1.165517241379311,0.45,124.12891181324993,0.008620689655172414,1.0086206896551724,1
79,0.7738700564971756,0.6666666666666666,124.9027818697471,0.025423728813559324,1.0169491525423728,1
80,0.6189265536723164,0.5666666666666667,125.52170842341941,0.00847457627118644,1.0084745762711864,1
81,0.9101139601139602,0.8166666666666667,126.43182238353337,0.05128205128205128,1.0769230769230769,1
82,1.2904347826086962,1.0666666666666667,127.72225716614207,0.017391304347826087,1.0260869565217392,1
83,1.7502873563218384,0.6,129.47254452246392,0.02586206896551724,1.0258620689655173,1
84,0.8241379310344826,0.7666666666666667,130.2966824534984,0.008620689655172414,1.0258620689655173,1
85,2.418452380952381,1.7166666666666666,132.71513483445077,0.03571428571428571,1.0625,1
86,0.9240240240240242,0.9,133.6391588584748,0,1,1
87,2.2210210210210213,1.8166666666666667,135.8601798794958,0.07207207207207207,1.0810810810810811,1
88,0.5968468468468466,0.5333333333333333,136.45702672634266,0,1,1
89,0.39348484848484855,0.36666666666666664,136.85051157482752,0.00909090909090909,1.009090909090909,1
90,2.069969969969971,1.5833333333333333,138.9204815447975,0.08108108108108109,1.1261261261261262,1
91,2.418018018018018,1.45,141.3384995628155,0.009009009009009009,1.009009009009009,1
92,3.314545454545455,2.2,144.65304501736097,0.10909090909090909,1.1727272727272726,1
93,0.45600600600600594,0.43333333333333335,145.10905102336696,0.009009009009009009,1.009009009009009,1
94,0.7311728395061727,0.6833333333333333,145.84022386287313,0.037037037037037035,1.037037037037037,1
95,0.5225856697819313,0.5,146.36280953265506,0.009345794392523364,1.0093457943925233,1
96,0.4345794392523364,0.4,146.7973889719074,0,1,1
97,7.923102310231022,2.35,154.72049128213843,0.2912621359223301,1.5145631067961165,1
98,1.708506944444444,0.8666666666666667,156.42899822658288,0.05154639175257732,1.0515463917525774,1
99,1.8982456140350876,1.3833333333333333,158.32724384061797,0.021052631578947368,1.0210526315789474,1
100,1.7901041666666673,1.3,160.11734800728465,0.010416666666666666,1,1
101,0.6607017543859646,0.45,160.77804976167062,0,1,1
102,2.277083333333333,1.4,163.05513309500395,0.020833333333333332,1.0208333333333333,1
103,7.1726950354609835,2.4833333333333334,170.22782813046493,0.0851063829787234,1.1170212765957446,1
104,13.38912280701754,3.05,183.61695093748247,0.15789473684210525,1.2736842105263158,1
105,7.764102564102565,1.4833333333333334,191.38105350158503,0.03260869565217391,1.0326086956521738,1
106,1.3297101449275368,1.2,192.71076364651256,0.010869565217391304,1.0108695652173914,1
107,0.9670250896057351,0.9,193.6777887361183,0,1,1
108,1.9578853046594986,1.7,195.6356740407778,0.043010752688172046,1.064516129032258,1
109,0.7052536231884057,0.65,196.3409276639662,0.021739130434782608,1.0217391304347827,1
110,8.802434456928838,2.4,205.14336212089503,0.0898876404494382,1.101123595505618,1
111,3.3889513108614238,1.3666666666666667,208.53231343175645,0.022222222222222223,1.0333333333333334,1
112,1.3925490196078432,1.2166666666666666,209.9248624513643,0.023529411764705882,1.0235294117647058,1
113,2.7119047619047625,1.7,212.63676721326908,0.07142857142857142,1.0952380952380953,1
114,1.1391566265060238,1.0166666666666666,213.77592383977512,0.012048192771084338,1.0120481927710843,1
115,0.5724206349206352,0.45,214.34834447469575,0.023809523809523808,1.0238095238095237,1
116,1.796825396825397,1.0333333333333334,216.14516987152115,0.07142857142857142,1.0714285714285714,1
117,4.223809523809526,1.1166666666666667,220.36897939533068,0.03571428571428571,1.0595238095238095,1
118,1.9220238095238098,1.7833333333333334,222.2910032048545,0.058823529411764705,1.0588235294117647,1
119,2.5815476190476185,1.1833333333333333,224.87255082390212,0.023809523809523808,1.0357142857142858,1
120,1.6652941176470586,1.5166666666666666,226.53784494154917,0.023529411764705882,1.0588235294117647,1
121,1.4654901960784317,0.7833333333333333,228.0033351376276,0.03529411764705882,1.035294117647059,1
122,1.0080392156862743,0.6666666666666666,229.01137435331387,0,1,1
123,1.0079365079365081,0.8833333333333333,230.01931086125037,0.011904761904761904,1.0476190476190477,1
124,9.881349206349208,2.6333333333333333,239.90066006759957,0.13095238095238096,1.2380952380952381,1
125,1.1243902439024387,0.9833333333333333,241.025050311502,0.06097560975609756,1.0975609756097562,1
126,1.320576131687243,1.1833333333333333,242.34562644318925,0.012345679012345678,1.0123456790123457,1
127,5.18353658536585,1.8333333333333333,247.5291630285551,0.04878048780487805,1.0731707317073171,1
128,0.7382113821138211,0.4666666666666667,248.26737441066894,0,1,1
129,1.6831275720164607,1.45,249.9505019826854,0.024390243902439025,1.024390243902439,1
130,2.6500000000000004,1.2666666666666666,252.60050198268542,0,1,1
131,6.5393750000000015,1.8166666666666667,259.1398769826854,0.025,1.0375,1
132,2.4482905982905994,0.65,261.588167580976,0,1,1
133,1.5455555555555553,0.8666666666666667,263.13372313653156,0.04,1.0666666666666667,1
134,0.46801801801801785,0.4166666666666667,263.6017411545496,0,1,1
135,6.546222222222222,1.95,270.1479633767718,0.16,1.2933333333333332,1
136,3.493333333333333,2.283333333333333,273.64129671010517,0.10666666666666667,1.1466666666666667,1
137,2.141095890410959,1.65,275.7823926005161,0.0410958904109589,1.095890410958904,1
138,1.9559360730593607,1.7333333333333334,277.7383286735755,0.0273972602739726,1.0273972602739727,1
139,1.094520547945205,1.05,278.8328492215207,0.0273972602739726,1.0684931506849316,1
140,0.9873873873873873,0.9166666666666666,279.8202366089081,0,1,1
141,0.9428888888888886,0.85,280.763125497797,0.02666666666666667,1.0266666666666666,1
142,0.8251082251082255,0.75,281.5882337229052,0.025974025974025976,1.0649350649350648,1
143,2.7977777777777777,1.8833333333333333,284.38601150068297,0.02666666666666667,1.0266666666666666,1
144,3.6378378378378384,2.5833333333333335,288.0238493385208,0.14864864864864866,1.1891891891891893,1
145,1.856306306306306,0.9333333333333333,289.8801556448271,0.013513513513513514,1.0135135135135136,1
146,2.454954954954955,1.5666666666666667,292.335110599782,0.04054054054054054,1.0405405405405406,1
147,3.798198198198198,2.8,296.1333087979802,0.12162162162162163,1.135135135135135,1
148,0.8438356164383559,0.7166666666666667,296.97714441441855,0.0136986301369863,1.0136986301369864,1
149,0.5591324200913241,0.5,297.53627683450986,0.0273972602739726,1.0273972602739727,1
150,2.144520547945206,1.3833333333333333,299.68079738245507,0.0547945205479452,1.0547945205479452,1
151,0.7872685185185188,0.7166666666666667,300.4680659009736,0.013888888888888888,1.0277777777777777,1
152,3.425694444444445,1.5,303.89376034541806,0.041666666666666664,1.0555555555555556,1
153,5.286574074074075,2.45,309.1803344194921,0.16666666666666666,1.3472222222222223,1
154,5.972142857142858,1.1333333333333333,315.15247727663495,0.08450704225352113,1.1126760563380282,1
155,1.3720657276995296,0.9333333333333333,316.5245430043345,0.028169014084507043,1.028169014084507,1
156,0.9002450980392156,0.8333333333333334,317.42478810237367,0.014705882352941176,1.0147058823529411,1
157,1.664950980392157,1.5,319.08973908276585,0.058823529411764705,1.0588235294117647,1
158,2.966421568627451,2.2,322.05616065139327,0.029411764705882353,1.0294117647058822,1
159,3.7340686274509802,1.8166666666666667,325.79022927884427,0.057971014492753624,1.0579710144927537,1
160,0.9374999999999999,0.9,326.72772927884427,0.014705882352941176,1.0147058823529411,1
161,2.420772946859903,1.6833333333333333,329.1485022257042,0.057971014492753624,1.0724637681159421,1
162,1.4434782608695647,1.1833333333333333,330.59198048657373,0.028985507246376812,1.0289855072463767,1
163,2.0181592039800997,1.5,332.6101396905538,0.014925373134328358,1.0298507462686568,1
164,1.4256218905472637,1.35,334.0357615811011,0.05970149253731343,1.0746268656716418,1
165,2.515217391304347,1.9666666666666666,336.55097897240546,0.08695652173913043,1.1594202898550725,1
166,3.2384803921568626,2.3,339.78945936456233,0.10294117647058823,1.1470588235294117,1
167,1.0785353535353535,0.9833333333333333,340.8679947180977,0.015151515151515152,1.0151515151515151,1
168,8.579743589743593,4.466666666666667,349.4477383078413,0.3181818181818182,1.803030303030303,1
169,0.6344086021505374,0.5333333333333333,350.0821469099918,0.031746031746031744,1.0317460317460319,1
170,3.8137566137566132,1.55,353.8959035237484,0.07936507936507936,1.0952380952380953,1
171,1.1997395833333333,0.7166666666666667,355.09564310708174,0.015625,1.03125,1
172,1.618489583333333,1.1666666666666667,356.71413269041506,0.046875,1.03125,1
173,1.3906250000000002,1.15,358.10475769041506,0.015625,1.015625,1
174,6.405291005291004,3.316666666666667,364.5100486957061,0.07936507936507936,1.126984126984127,1
175,8.889153439153441,2.466666666666667,373.39920213485954,0.047619047619047616,1.0634920634920635,1
176,0.6870967741935483,0.5666666666666667,374.0862989090531,0,1,1
177,1.1010752688172045,0.95,375.1873741778703,0.016129032258064516,1.0161290322580645,1
178,0.8411290322580641,0.7166666666666667,376.02850321012835,0.03225806451612903,1.032258064516129,1
179,2.6005376344086035,0.8166666666666667,378.629040844537,0.03225806451612903,1.032258064516129,1
180,0.5956989247311825,0.4666666666666667,379.2247397692682,0,1,1
181,1.5685792349726777,1.2333333333333334,380.79331900424086,0.04918032786885246,1.0491803278688525,1
182,2.4489071038251375,1.7833333333333334,383.242226108066,0.01639344262295082,1,1
183,1.106944444444444,0.8,384.34917055251043,0.016666666666666666,1.0166666666666666,1
184,2.4114754098360645,1.5833333333333333,386.7606459623465,0.01639344262295082,1.0327868852459017,1
185,1.5491666666666666,1.2833333333333334,388.30981262901315,0.05,1.05,1
186,2.3952777777777774,2.316666666666667,390.70509040679093,0.03333333333333333,1.05,1
187,0.9233333333333336,0.8166666666666667,391.6284237401243,0,1,1
188,3.694722222222223,3.1166666666666667,395.3231459623465,0.08333333333333333,1.2166666666666666,1
189,6.915476190476193,4.3,402.23862215282264,0.22413793103448276,1.7586206896551724,1
190,8.635454545454545,1.8,410.8740766982772,0.07272727272727272,1.0727272727272728,1
191,1.3074404761904759,0.95,412.1815171744677,0.017857142857142856,1.0178571428571428,1
192,8.862121212121213,1.4166666666666667,421.0436383865889,0.03571428571428571,1.0357142857142858,1
193,4.325151515151515,1.2333333333333334,425.3687899017404,0.03636363636363636,1.1090909090909091,1
194,2.9333333333333336,1.3666666666666667,428.30212323507374,0.03508771929824561,1.0350877192982457,1
195,2.4172413793103447,1.5,430.71936461438406,0.034482758620689655,1.0344827586206897,1
196,4.06848484848485,2.8,434.7878494628689,0.16071428571428573,1.2857142857142858,1
197,6.395151515151515,1.3833333333333333,441.1830009780204,0.01818181818181818,1.018181818181818,1
198,0.7748484848484851,0.7666666666666667,441.95784946286886,0.01818181818181818,1.018181818181818,1
199,1.1709090909090905,1.0666666666666667,443.12875855377797,0,1,1
200,1.0520833333333335,0.9833333333333333,444.1808418871113,0.03571428571428571,1.0535714285714286,1
201,1.6394736842105266,1.2833333333333334,445.8203155713218,0.03508771929824561,1.0350877192982457,1
202,8.080116959064329,1.3,453.9004325303862,0.07017543859649122,1.0701754385964912,1
203,3.6304093567251456,2.35,457.5308418871113,0.07017543859649122,1.1929824561403508,1
204,1.977485380116958,0.6666666666666666,459.50832726722825,0.017543859649122806,1.0175438596491229,1
205,3.217816091954023,1.3,462.7261433591823,0.034482758620689655,1.0344827586206897,1
206,1.6017543859649124,1.4166666666666667,464.3278977451472,0.05263157894736842,1.0701754385964912,1
207,4.38391812865497,2.033333333333333,468.71181587380215,0.017543859649122806,1.0175438596491229,1
208,2.8851190476190474,2.7333333333333334,471.5969349214212,0.07142857142857142,1.0892857142857142,1
209,5.10090909090909,3.533333333333333,476.69784401233034,0.16363636363636364,1.290909090909091,1
210,10.308641975308639,6.183333333333334,487.006485987639,0.2222222222222222,1.6481481481481481,1
211,0.8464052287581697,0.7333333333333333,487.85289121639715,0.0196078431372549,1.0196078431372548,1
212,3.7259999999999986,2.466666666666667,491.57889121639715,0.08,1.08,1
213,2.1055555555555556,1.6166666666666667,493.6844467719527,0.058823529411764705,1.0784313725490196,1
214,5.274489795918367,2.45,498.9589365678711,0.10204081632653061,1.1428571428571428,1
215,2.132653061224489,1.8333333333333333,501.0915896290956,0.04081632653061224,1.0408163265306123,1
216,5.747163120567377,2.466666666666667,506.838752749663,0.19148936170212766,1.5957446808510638,1
217,6.621631205673759,4.366666666666666,513.4603839553367,0.06382978723404255,1.1914893617021276,1
218,0.7868794326241136,0.75,514.2472633879609,0,1,1
219,3.909374999999999,1.7833333333333334,518.1566383879608,0.020833333333333332,1,1
220,1.6085106382978716,1.4166666666666667,519.7651490262587,0.06382978723404255,1.0638297872340425,1
221,4.3,3.533333333333333,524.0651490262586,0.020833333333333332,1.0416666666666667,1
222,1.5255319148936168,1.3166666666666667,525.5906809411522,0.02127659574468085,1.0212765957446808,1
223,22.39962962962963,4.8,547.9903105707818,0.06666666666666667,1.7777777777777777,1
224,3.920075757575758,2.816666666666667,551.9103863283576,0.1590909090909091,1.3863636363636365,1
225,0.7386363636363638,0.6833333333333333,552.649022691994,0,1,1
226,2.210077519379845,2,554.8591002113739,0.023255813953488372,1.0232558139534884,1
227,1.3022727272727275,0.7333333333333333,556.1613729386465,0,1,1
228,14.142424242424244,4.366666666666666,570.3037971810708,0.22727272727272727,1.5227272727272727,1
229,4.624074074074075,2.9,574.9278712551449,0.2,1.288888888888889,1
230,1.3996296296296296,1.0666666666666667,576.3275008847745,0.044444444444444446,1.0888888888888888,1
231,9.511851851851851,4.416666666666667,585.8393527366263,0.15555555555555556,1.3333333333333333,1
232,0.9598484848484847,0.8166666666666667,586.7992012214748,0,1,1
233,2.4909090909090907,1.7166666666666666,589.290110312384,0.022727272727272728,1.0227272727272727,1
234,1.7492424242424243,1.6,591.0393527366264,0,1,1
235,1.147777777777778,1.05,592.1871305144042,0.022222222222222223,1.0444444444444445,1
236,20.805303030303026,3.033333333333333,612.9924335447072,0.15555555555555556,1.288888888888889,1
237,2.264444444444444,1.2166666666666666,615.2568779891516,0,1,1
238,4.69851851851852,2.1166666666666667,619.9553965076701,0.08888888888888889,1.0888888888888888,1
239,1.4514814814814814,0.9333333333333333,621.4068779891516,0,1,1
240,0.7137037037037038,0.6666666666666666,622.1205816928552,0,1,1
241,1.6405303030303033,1.35,623.7611119958856,0,1,1
242,1.1575757575757573,0.95,624.9186877534613,0,1,1
243,7.608712121212119,4.1,632.5273998746734,0.06818181818181818,1.2727272727272727,1
244,4.127407407407406,3.4166666666666665,636.6548072820808,0.08888888888888889,1.2444444444444445,1
245,2.9147286821705425,1.5833333333333333,639.5695359642514,0.06818181818181818,1.0681818181818181,1
246,5.715447154471545,1.2,645.284983118723,0.07317073170731707,1.170731707317073,1
247,1.913636363636364,1.6833333333333333,647.1986194823593,0.045454545454545456,1.0227272727272727,1
248,10.226515151515153,4.216666666666667,657.4251346338744,0.1590909090909091,1.4090909090909092,1
249,7.692803030303028,4.966666666666667,665.1179376641775,0.09090909090909091,1.1818181818181819,1
250,0.7897727272727273,0.6333333333333333,665.9077103914502,0.022727272727272728,1.0227272727272727,1
251,11.75365853658537,5.616666666666666,677.6613689280356,0.2558139534883721,1.6046511627906976,1
252,17.43577235772358,4.433333333333334,695.0971412857591,0.0975609756097561,1.1951219512195121,1
253,0.998717948717949,0.9,696.0958592344771,0,1,1
254,4.064035087719298,2.1,700.1598943221964,0,1,1
255,1.1717948717948719,0.9833333333333333,701.3316891939912,0.02564102564102564,1.0256410256410255,1
256,7.757916666666664,2.1333333333333333,709.0896058606579,0.125,1.1,1
257,1.2033333333333334,1.0333333333333334,710.2929391939913,0.05,1.05,1
258,3.5388888888888883,3.3333333333333335,713.8318280828802,0.05128205128205128,1.0512820512820513,1
259,2.168803418803418,2.033333333333333,716.0006315016836,0,1,1
260,7.436666666666669,1.25,723.4372981683504,0.025,1.025,1
261,0.9042735042735046,0.8,724.3415716726239,0.02564102564102564,1.0256410256410255,1
262,2.2649122807017545,1.6333333333333333,726.6064839533257,0.05128205128205128,1.0512820512820513,1
263,2.4864035087719296,1.85,729.0928874620976,0.05263157894736842,1.0789473684210527,1
264,3.51140350877193,2.6666666666666665,732.6042909708694,0.10526315789473684,1.1578947368421053,1
265,2.450877192982456,1.8,735.0551681638519,0.02631578947368421,1.0263157894736843,1
266,1.9552631578947364,0.9,737.0104313217466,0.07894736842105263,1.0789473684210527,1
267,1.4438596491228068,1.3,738.4542909708695,0,1,1
268,3.0644736842105265,2.4166666666666665,741.51876465508,0.05263157894736842,1.1578947368421053,1
269,2.180630630630631,1.9,743.6993952857106,0.08108108108108109,1.1081081081081081,1
270,1.5223684210526316,1.1166666666666667,745.2217637067632,0.02631578947368421,1.0789473684210527,1
271,14.226315789473679,3.55,759.4480794962369,0.10526315789473684,1.5263157894736843,1
272,1.3008771929824559,1.2166666666666666,760.7489566892194,0,1,1
273,5.625225225225225,4.283333333333333,766.3741819144446,0.05405405405405406,1.054054054054054,1
274,2.2263157894736842,1.9333333333333333,768.6004977039183,0.02631578947368421,1.0526315789473684,1
275,2.8630630630630636,1.4666666666666666,771.4635607669813,0.08108108108108109,1.2432432432432432,1
276,7.8578947368421055,5.216666666666667,779.3214555038235,0.13157894736842105,1.105263157894737,1
277,1.138288288288288,1.0166666666666666,780.4597437921118,0,1,1
278,51.81228070175438,4.6,832.2720244938662,0.10526315789473684,1.4473684210526316,1
279,5.623684210526315,3.066666666666667,837.8957087043925,0.18421052631578946,1.2894736842105263,1
280,5.2482456140350875,2.8833333333333333,843.1439543184276,0.07894736842105263,1.2105263157894737,1
281,2.6890350877192986,2.35,845.8329894061469,0.07894736842105263,1.131578947368421,1
282,9.53640350877193,1.6833333333333333,855.3693929149189,0.02631578947368421,1.0263157894736843,1
283,4.19342105263158,1.65,859.5628139675505,0.07894736842105263,1.0789473684210527,1
284,5.1877192982456135,3.9,864.7505332657961,0.07894736842105263,1.131578947368421,1
285,1.4068376068376067,1.1666666666666667,866.1573708726337,0.05128205128205128,1.2820512820512822,1
286,40.8627192982456,6.516666666666667,907.0200901708793,0.23076923076923078,1.7179487179487178,1
287,2.6587719298245616,1.8833333333333333,909.6788621007038,0.13157894736842105,1.1842105263157894,1
288,9.314912280701751,1.9,918.9937743814055,0.05263157894736842,1.1842105263157894,1
289,17.444594594594598,3.8,936.4383689760001,0.15789473684210525,1.3157894736842106,1
290,0.8558558558558556,0.75,937.294224831856,0,1,1
291,21.38952380952381,8.133333333333333,958.6837486413798,0.24324324324324326,2.027027027027027,1
292,1.7050505050505047,1.2333333333333334,960.3887991464303,0.06060606060606061,1.0606060606060606,1
293,7.945454545454545,3.816666666666667,968.3342536918849,0.030303030303030304,1.0303030303030303,1
294,5.74705882352941,4.966666666666667,974.0813125154143,0.08823529411764706,1.088235294117647,1
295,2.2691176470588235,1.9666666666666666,976.3504301624731,0.08823529411764706,1.088235294117647,1
296,5.062745098039215,2.316666666666667,981.4131752605123,0.058823529411764705,1.5588235294117647,1
297,2.211111111111111,1.4666666666666666,983.6242863716234,0.06060606060606061,1.2121212121212122,1
298,2.6666666666666665,2.283333333333333,986.29095303829,0.030303030303030304,1.2121212121212122,1
299,2.4045454545454543,1.7166666666666666,988.6954984928354,0.12121212121212122,1.4848484848484849,1
300,1.8859375,1.7166666666666666,990.5814359928354,0.03125,1.03125,1
301,13.904687500000001,6.1,1004.4861234928354,0.15625,1.4375,1
302,0.8881720430107525,0.85,1005.3742955358462,0,1,1
303,1.2865591397849465,1.15,1006.6608546756311,0.03225806451612903,1.032258064516129,1
304,2.0193548387096776,1.7166666666666666,1008.6802095143407,0.03225806451612903,1.032258064516129,1
305,1.2755208333333337,1.1333333333333333,1009.955730347674,0.0625,1.0625,1
306,37.03817204301075,8.433333333333334,1046.9939023906848,0.12903225806451613,1.4838709677419355,1
307,1.3091397849462367,1.2166666666666666,1048.303042175631,0,1,1
308,3.904166666666667,2.55,1052.2072088422976,0.15625,1.21875,1
309,3.190624999999999,2.65,1055.3978338422976,0.0625,1.0625,1
310,1.3953125000000002,0.9666666666666667,1056.7931463422976,0,1,1
311,16.781770833333333,4.75,1073.574917175631,0.1875,1.375,1
312,1.6786458333333334,1.4333333333333333,1075.2535630089644,0.0625,1.0625,1
313,4.619270833333333,2.55,1079.8728338422977,0.03125,1.03125,1
314,18.07311827956989,6.733333333333333,1097.9459521218675,0.1875,1.78125,1
315,26.317741935483877,7.433333333333334,1124.2636940573514,0.3225806451612903,2.064516129032258,1
316,2.413888888888889,1.8833333333333333,1126.6775829462401,0.03333333333333333,1.1,1
317,0.9016666666666667,0.85,1127.5792496129068,0.03333333333333333,1.0333333333333334,1
318,3.2655555555555558,1.9666666666666666,1130.8448051684622,0.2,1.2,1
319,4.801666666666666,2.933333333333333,1135.646471835129,0.03333333333333333,1.1,1
320,6.009444444444444,2.783333333333333,1141.6559162795734,0.06666666666666667,1.1333333333333333,1
321,2.93,2.533333333333333,1144.5859162795734,0.16666666666666666,1.2666666666666666,1
322,1.314367816091954,1.15,1145.9002840956655,0,1,1
323,8.299425287356321,1.7,1154.1997093830219,0.06896551724137931,1.103448275862069,1
324,3.642528735632184,2.283333333333333,1157.842238118654,0,1,1
325,1.1005747126436782,0.9666666666666667,1158.9428128312977,0.034482758620689655,1.0344827586206897,1
326,3.342592592592592,2.3833333333333333,1162.2854054238903,0,1,1
327,15.371604938271606,1.5333333333333334,1177.6570103621618,0,1,1
328,2.525308641975309,1.95,1180.182319004137,0,1,1
329,3.6666666666666674,2.95,1183.8489856708038,0.037037037037037035,1.037037037037037,1
330,1.5617283950617282,1.25,1185.4107140658655,0,1,1
331,4.7426666666666675,2.816666666666667,1190.1533807325322,0.08,1.24,1
332,1.877564102564103,0.5,1192.0309448350963,0,1,1
333,17.158333333333335,6.033333333333333,1209.1892781684296,0.23076923076923078,1.5384615384615385,1
334,5.570833333333334,3.65,1214.760111501763,0.125,1.2916666666666667,1
335,1.6069444444444445,1.35,1216.3670559462075,0,1,1
336,38.203623188405786,7.2,1254.5706791346133,0.30434782608695654,2.782608695652174,1
337,12.780303030303033,1.4333333333333333,1267.3509821649163,0.045454545454545456,1.0454545454545454,1
338,3.3265151515151516,2.05,1270.6774973164315,0.045454545454545456,1.0454545454545454,1
339,1.9265151515151515,1.5666666666666667,1272.6040124679466,0.09090909090909091,1.0909090909090908,1
340,0.7348484848484849,0.55,1273.3388609527951,0.045454545454545456,1.1363636363636365,1
341,25.70151515151515,3.8833333333333333,1299.0403761043103,0.18181818181818182,1.2272727272727273,1
342,0.8183333333333331,0.7,1299.8587094376437,0,1,1
343,21.115079365079364,2.7,1320.973788802723,0.09523809523809523,1.0476190476190477,1
344,5.898412698412697,2.0833333333333335,1326.8722015011356,0,1,1
345,6.648333333333333,1.8166666666666667,1333.520534834469,0.1,1.1,1
346,15.259848484848487,4.05,1348.7803833193175,0.09090909090909091,1.0909090909090908,1
347,1.5984126984126985,1.3666666666666667,1350.37879601773,0.047619047619047616,1.0476190476190477,1
348,13.081666666666667,3.75,1363.4604626843968,0.3,1.35,1
349,12.518333333333334,3.5833333333333335,1375.9787960177302,0.1,1.1,1
350,2.171666666666667,1.7,1378.1504626843969,0,1,1
351,21.184166666666663,1.7666666666666666,1399.3346293510635,0.15,1.35,1
352,0.9246031746031745,0.8166666666666667,1400.2592325256667,0,1,1
353,68.60530303030303,5.9,1468.8645355559697,0.13043478260869565,2.130434782608696,1
354,9.234057971014494,4.833333333333333,1478.0985935269841,0.125,1.0833333333333333,1
355,1.048550724637681,0.6333333333333333,1479.1471442516217,0.08695652173913043,1.0869565217391304,1
356,33.39621212121212,6.533333333333333,1512.5433563728338,0.21739130434782608,1.391304347826087,1
357,6.852380952380951,4.65,1519.395737325215,0,1,1
358,13.763492063492063,2.816666666666667,1533.159229388707,0.09523809523809523,1.0476190476190477,1
359,4.953968253968254,1.3833333333333333,1538.1131976426752,0,1,1
360,1.265909090909091,1.0666666666666667,1539.3791067335844,0.045454545454545456,1,1
361,31.70317460317461,3.683333333333333,1571.082281336759,0,1,1
362,1.8941666666666666,1.45,1572.9764480034257,0,1,1
363,5.61,4.166666666666667,1578.5864480034256,0.05,1.05,1
364,13.088636363636367,3.966666666666667,1591.675084367062,0.045454545454545456,1.0454545454545454,1
365,2.5037878787878785,1.75,1594.17887224585,0.09090909090909091,1.3181818181818181,1
366,2.2378787878787887,1.9666666666666666,1596.4167510337288,0,1,1
367,1.192857142857143,1.0333333333333334,1597.6096081765859,0,1,1
368,24.909848484848478,4.683333333333334,1622.5194566614343,0.09090909090909091,1.2727272727272727,1
369,6.551666666666667,2.95,1629.071123328101,0.05,1.2,1
370,0.5456140350877194,0.5,1629.6167373631888,0.05263157894736842,1.0526315789473684,1
371,4.528703703703704,3.683333333333333,1634.1454410668925,0,1,1
372,1.2888888888888888,1.1333333333333333,1635.4343299557813,0.05555555555555555,1.1666666666666667,1
373,4.1483333333333325,3.533333333333333,1639.5826632891146,0.05,1,1
374,5.336111111111111,2.8,1644.9187744002259,0.05555555555555555,1.1111111111111112,1
375,1.2731481481481481,1.1833333333333333,1646.191922548374,0,1,1
376,18.433333333333337,6.866666666666666,1664.6252558817073,0.10526315789473684,1.105263157894737,1
377,1.5359649122807015,1.3333333333333333,1666.161220793988,0,1,1
378,12.60833333333333,5.05,1678.7695541273213,0.25,1.85,1
379,1.5375,1.4,1680.3070541273212,0,1,1
380,0.7816666666666666,0.7166666666666667,1681.088720793988,0,1,1
381,5.139166666666666,3.6333333333333333,1686.2278874606545,0.05,1.05,1
382,1.8925,1.6666666666666667,1688.1203874606545,0,1,1
383,3.4691666666666663,2.35,1691.5895541273212,0.1,1.2,1
384,2.54,2.033333333333333,1694.1295541273212,0.05,1.05,1
385,2.4191666666666665,1.7,1696.5487207939877,0.1,1.1,1
386,1.5166666666666664,1.3166666666666667,1698.0653874606544,0.05,1.05,1
387,1.2225,1.1166666666666667,1699.2878874606545,0,1,1
388,3.825833333333333,2.216666666666667,1703.1137207939878,0,1,1
389,1.8050000000000002,1.4833333333333334,1704.9187207939879,0,1,1
390,1.1140350877192986,0.9,1706.032755881707,0.05263157894736842,1.0526315789473684,1
391,5.0150000000000015,3.316666666666667,1711.0477558817072,0,0.95,1
392,4.6274999999999995,2.8,1715.6752558817072,0.15,1.35,1
393,2.665833333333333,2.2,1718.3410892150405,0,1,1
394,4.741269841269841,3.7,1723.0823590563102,0.047619047619047616,1.0476190476190477,1
395,0.7833333333333334,0.55,1723.8656923896435,0,1,1
396,7.327499999999999,5.566666666666666,1731.1931923896436,0.14285714285714285,1.380952380952381,1
397,2.5616666666666665,1.2166666666666666,1733.7548590563104,0,1,1
398,11.900793650793652,5.333333333333333,1745.655652707104,0.23809523809523808,1.4285714285714286,1
399,15.568253968253963,5.45,1761.223906675358,0.23809523809523808,1.380952380952381,1
400,1.1366666666666665,1.0833333333333333,1762.3605733420247,0,1,1
401,3.8500000000000005,3.316666666666667,1766.2105733420246,0,1,1
402,1.701587301587302,1.4833333333333334,1767.912160643612,0,1,1
403,5.511904761904762,2.85,1773.4240654055168,0.047619047619047616,1.0476190476190477,1
404,2.5547619047619046,1.9,1775.9788273102788,0,1,1
405,5.71031746031746,0.85,1781.6891447705962,0.14285714285714285,1.1428571428571428,1
406,8.082539682539682,2.683333333333333,1789.7716844531358,0.047619047619047616,1.0476190476190477,1
407,6.646825396825397,1.55,1796.418509849961,0,1,1
408,1.7015873015873015,1.3666666666666667,1798.1200971515484,0.09523809523809523,1.1428571428571428,1
409,6.0023809523809515,4.483333333333333,1804.1224781039293,0.14285714285714285,1.619047619047619,1
410,1.0468253968253967,0.9166666666666666,1805.1693035007547,0,1,1
411,7.37063492063492,3.2333333333333334,1812.5399384213897,0.14285714285714285,1.1904761904761905,1
412,1.0714285714285714,0.75,1813.6113669928184,0.047619047619047616,1.0476190476190477,1
413,7.029365079365081,4.983333333333333,1820.6407320721835,0.23809523809523808,1.619047619047619,1
414,21.78095238095238,4.183333333333334,1842.4216844531359,0.14285714285714285,1.2857142857142858,1
415,0.6531746031746032,0.5833333333333334,1843.0748590563105,0,1,1
416,3.329365079365079,2.933333333333333,1846.4042241356756,0.047619047619047616,1.0476190476190477,1
417,0.9301587301587299,0.65,1847.3343828658344,0.047619047619047616,1.0476190476190477,1
418,14.056349206349207,6.95,1861.3907320721837,0.14285714285714285,1.1904761904761905,1
419,8.867460317460317,7.133333333333334,1870.2581923896441,0.09523809523809523,1.0952380952380953,1
420,2.7775000000000007,1.7333333333333334,1873.035692389644,0.05,1.15,1
421,2.425,1.8333333333333333,1875.460692389644,0.05,1.05,1
422,2.2858333333333327,1.7833333333333334,1877.7465257229774,0,1,1
423,2.6785714285714284,2.216666666666667,1880.4250971515487,0.047619047619047616,1.0476190476190477,1
424,26.80634920634921,4.516666666666667,1907.231446357898,0.09523809523809523,1.2857142857142858,1
425,0.9722222222222223,0.9,1908.2036685801202,0.047619047619047616,1.0476190476190477,1
426,2.5516666666666667,2.216666666666667,1910.755335246787,0.047619047619047616,1.0476190476190477,1
427,2.6484126984126988,2.3666666666666667,1913.4037479451995,0,1,1
428,1.1253968253968256,1.05,1914.5291447705963,0,1,1
429,3.756349206349206,3.033333333333333,1918.2854939769454,0.047619047619047616,1.0952380952380953,1
430,0.907142857142857,0.8333333333333334,1919.1926368340883,0,1,1
431,4.042063492063492,3.183333333333333,1923.2347003261518,0.047619047619047616,1.0476190476190477,1
432,1.7291666666666672,1.2,1924.9638669928186,0.15,1.2,1
433,2.143650793650794,2.1,1927.1075177864693,0,1,1
434,4.347619047619047,3.216666666666667,1931.4551368340883,0.047619047619047616,1.0952380952380953,1
435,0.6063492063492064,0.5666666666666667,1932.0614860404376,0,1,1
436,2.6984126984126986,2.316666666666667,1934.7598987388503,0.047619047619047616,1.1904761904761905,1
437,2.125396825396826,0.9666666666666667,1936.8852955642471,0,1,1
438,4.92857142857143,4.433333333333334,1941.8138669928185,0.09523809523809523,1.0952380952380953,1
439,25.34920634920635,9.666666666666666,1967.1630733420247,0.3333333333333333,1.9047619047619047,1
440,0.5476190476190474,0.48333333333333334,1967.7106923896438,0,1,1
441,8.77857142857143,6.800000000000001,1976.4892638182152,0.23809523809523808,1.4285714285714286,1
442,1.1166666666666667,1.1166666666666667,1977.6059304848818,0,1,1
443,1.4428571428571428,1.2,1979.0487876277389,0.047619047619047616,1.0476190476190477,1
444,4.196825396825396,3.7,1983.2456130245644,0.047619047619047616,1.0476190476190477,1
445,2.0436507936507935,1.7166666666666666,1985.2892638182152,0.047619047619047616,1.0952380952380953,1
446,5.641269841269842,2.6166666666666667,1990.930533659485,0,1,1
447,1.206349206349206,1.0666666666666667,1992.1368828658342,0,1,1
448,6.494736842105264,3.7666666666666666,1998.6316197079395,0.25,1.35,1
449,3.3078947368421048,3,2001.9395144447817,0.10526315789473684,1.1578947368421053,1
450,1.7601851851851855,1.3666666666666667,2003.699699629967,0.1111111111111111,1.1666666666666667,1
451,1.7379629629629632,1.6166666666666667,2005.4376625929299,0,1,1
452,1.0750000000000002,1,2006.51266259293,0.05555555555555555,1.0555555555555556,1
453,21.27807017543859,3.7333333333333334,2027.7907327683686,0,0.9473684210526315,1
454,20.167460317460318,5.166666666666667,2047.958193085829,0.047619047619047616,0.9523809523809523,1
455,6.485714285714287,1.3333333333333333,2054.4439073715434,0,1,1
456,2.4896825396825397,1.9,2056.933589911226,0.047619047619047616,1.2380952380952381,1
457,0.9388888888888888,0.8166666666666667,2057.872478800115,0,1,1
458,5.396666666666666,3,2063.2691454667815,0.14285714285714285,1.2380952380952381,1
459,10.065833333333332,5.916666666666667,2073.334978800115,0.15,1.65,1
460,2.2416666666666663,1.7666666666666666,2075.576645466782,0.05,1.05,1
461,4.305833333333333,3.6166666666666667,2079.882478800115,0.05,1.05,1
462,6.51111111111111,3.566666666666667,2086.393589911226,0.047619047619047616,1,1
463,1.653968253968254,1.2166666666666666,2088.0475581651945,0.047619047619047616,1.0476190476190477,1
464,2.0841666666666665,1.55,2090.131724831861,0.047619047619047616,1.0476190476190477,1
465,1.7149999999999999,1.55,2091.846724831861,0,1,1
466,5.195,2.05,2097.0417248318613,0.05,1.05,1
467,1.48,1.2666666666666666,2098.5217248318613,0.1,1.1,1
468,2.1075000000000004,1.7666666666666666,2100.6292248318614,0,1,1
469,5.395238095238096,3.35,2106.0244629270996,0.14285714285714285,1.4285714285714286,1
470,0.8746031746031748,0.7166666666666667,2106.899066101703,0.047619047619047616,1.0476190476190477,1
471,3.322222222222222,1.35,2110.221288323925,0.047619047619047616,1.0952380952380953,1
472,1.5968253968253967,0.9,2111.8181137207503,0,1,1
473,30.761111111111106,5.483333333333333,2142.579224831861,0.09523809523809523,1.5714285714285714,1
474,3.503968253968254,2.8833333333333333,2146.0831930858294,0,1,1
475,14.313492063492065,1.0333333333333334,2160.3966851493215,0.047619047619047616,1.0476190476190477,1
476,3.729365079365079,2.7,2164.1260502286864,0.09523809523809523,1.1428571428571428,1
477,1.0261904761904763,0.9666666666666667,2165.152240704877,0.047619047619047616,1.0476190476190477,1
478,6.992063492063492,4.283333333333333,2172.1443041969405,0,1,1
479,3.8325000000000005,3.033333333333333,2175.9768041969405,0,1,1
480,0.6777777777777779,0.6333333333333333,2176.6545819747184,0,1,1
481,3.786507936507936,2.816666666666667,2180.4410899112263,0.09523809523809523,1.0952380952380953,1
482,0.9785714285714284,0.9166666666666666,2181.4196613397976,0.047619047619047616,1.0476190476190477,1
483,5.467499999999999,5.05,2186.887161339798,0.14285714285714285,1.2380952380952381,1
484,1.2783333333333333,1.0833333333333333,2188.165494673131,0,1,1
485,1.3233333333333335,1.0666666666666667,2189.4888280064642,0,1,1
486,1.7858333333333334,1.6166666666666667,2191.2746613397976,0.05,1.05,1
487,1.3719298245614033,1.0666666666666667,2192.646591164359,0,1,1
488,5.6225000000000005,4.966666666666667,2198.269091164359,0.1,1.25,1
489,2.2775,2.05,2200.546591164359,0.05,1.05,1
490,1.8191666666666664,1.4666666666666666,2202.365757831026,0.1,1.1,1
491,2.395833333333333,1.7666666666666666,2204.7615911643593,0.1,1.1,1
492,1.3866666666666667,1.0833333333333333,2206.148257831026,0,1,1
493,6.581666666666665,3.25,2212.7299244976925,0.15,1.3,1
494,5.189166666666667,3.7,2217.919091164359,0.2,1.2,1
495,1.2608333333333335,1.05,2219.1799244976924,0,1,1
496,8.273333333333333,6.033333333333333,2227.453257831026,0.2,1.45,1
497,2.6475,1.75,2230.100757831026,0,1,1
498,3.1208333333333336,1.4833333333333334,2233.2215911643593,0,1,1
499,10.995833333333335,3.716666666666667,2244.2174244976927,0.05,1.25,1
500,1.620175438596491,1.2166666666666666,2245.8375999362893,0,1,1
501,11.623333333333333,7.966666666666667,2257.4609332696227,0.2,1.3,1
502,0.9412698412698414,0.8166666666666667,2258.4022031108925,0.047619047619047616,1.0476190476190477,1
503,8.213492063492064,3.0833333333333335,2266.6156951743847,0.14285714285714285,1.3333333333333333,1
504,4.400000000000001,3.6333333333333333,2271.0156951743847,0.047619047619047616,1.0476190476190477,1
505,0.696825396825397,0.55,2271.71252057121,0,1,1
506,2.4642857142857144,2.2,2274.176806285496,0,1,1
507,2.6849206349206347,1.1333333333333333,2276.8617269204165,0,1,1
508,4.080833333333333,2.05,2280.94256025375,0.05,1.05,1
509,8.968253968253968,5.05,2289.910814222004,0.09523809523809523,1.5238095238095237,1
510,1.0424999999999998,1,2290.953314222004,0.05,1.05,1
511,4.561904761904762,3.1666666666666665,2295.5152189839087,0.047619047619047616,1.1428571428571428,1
512,1.7015873015873015,1.3666666666666667,2297.2168062854957,0,1,1
513,1.2603174603174603,1.2,2298.477123745813,0.047619047619047616,1.0476190476190477,1
514,4.132539682539683,2.75,2302.6096634283526,0.09523809523809523,1.1904761904761905,1
515,1.3285714285714287,1.1166666666666667,2303.9382348569243,0.09523809523809523,1.1904761904761905,1
516,37.92301587301588,3.216666666666667,2341.8612507299404,0.047619047619047616,1.0952380952380953,1
517,1.5341269841269842,1.3166666666666667,2343.3953777140673,0,1,1
518,31.015873015873012,6.866666666666666,2374.4112507299405,0.09523809523809523,1.0952380952380953,1
519,3.1750000000000003,2.966666666666667,2377.5862507299407,0,1,1
520,1.1983333333333335,1.1,2378.784584063274,0,1,1
521,4.549166666666667,2.816666666666667,2383.3337507299407,0,1,1
522,1.0191666666666666,0.75,2384.352917396607,0,1,1
523,18.342499999999998,10.216666666666667,2402.6954173966074,0.15,1.4,1
524,8.440000000000001,2.8833333333333333,2411.1354173966074,0.2,1.35,1
525,7.283333333333333,4.416666666666667,2418.4187507299407,0.3,1.45,1
526,1.592982456140351,1.4,2420.011733186081,0.05263157894736842,1.0526315789473684,1
527,2.3912280701754387,1.7833333333333334,2422.4029612562567,0,1,1
528,1.8736842105263154,1.7833333333333334,2424.276645466783,0,1,1
529,16.064814814814817,5.683333333333334,2440.341460281598,0.05263157894736842,1.4210526315789473,1
530,1.398148148148148,1.1,2441.739608429746,0.1111111111111111,1.1111111111111112,1
531,4.556666666666667,3.15,2446.296275096413,0.15,1.35,1
532,2.685833333333333,2.1666666666666665,2448.9821084297464,0.15,1.25,1
533,5.7574999999999985,4.333333333333333,2454.7396084297466,0.1,1.2,1
534,3.4475000000000002,2.2666666666666666,2458.187108429747,0.1,1.1,1
535,1.9275000000000002,1.5833333333333333,2460.1146084297466,0.15,1.15,1
536,1.7466666666666666,1.7,2461.861275096413,0,1,1
537,1.1208333333333336,1,2462.9821084297464,0.05,1.05,1
538,11.156666666666668,5.2,2474.138775096413,0.3,1.6,1
539,5.703333333333331,4.066666666666666,2479.8421084297465,0.2,2.25,1
540,1.145,1.05,2480.9871084297465,0,1,1
541,1.9491666666666663,1.6333333333333333,2482.9362750964133,0.05,1.05,1
542,0.3108333333333333,0.2833333333333333,2483.2471084297467,0.05,1.15,1
543,6.085,5.333333333333333,2489.3321084297468,0.1,1.15,1
544,8.836666666666666,4.75,2498.1687750964134,0.15,1.55,1
545,1.2233333333333336,1.0833333333333333,2499.3921084297467,0,1,1
546,23.036666666666665,5.833333333333333,2522.4287750964136,0.15,1.2,1
547,2.076666666666667,1.7333333333333334,2524.5054417630804,0,1,1
548,3.6275,2.216666666666667,2528.1329417630805,0.1,1.1,1
549,5.469298245614035,3.566666666666667,2533.6022400086945,0.05,1.05,1
550,1.1508771929824562,0.8833333333333333,2534.753117201677,0,1,1
551,1.9771929824561405,1.6333333333333333,2536.730310184133,0.05263157894736842,1.105263157894737,1
552,1.1728070175438596,0.6833333333333333,2537.903117201677,0,1,1
553,5.944736842105263,3.1,2543.8478540437823,0.10526315789473684,1.105263157894737,1
554,2.3064814814814816,1.0833333333333333,2546.154335525264,0,1,1
555,1.1046296296296296,0.8666666666666667,2547.2589651548933,0.05555555555555555,1.0555555555555556,1
556,2.6675925925925927,2.0833333333333335,2549.9265577474857,0.1111111111111111,1.1111111111111112,1
557,1.3083333333333333,1.1166666666666667,2551.234891080819,0,1,1
558,19.226851851851855,4.916666666666667,2570.461742932671,0.1111111111111111,1.1666666666666667,1
559,3.231481481481482,2.25,2573.693224414152,0.1111111111111111,1.1111111111111112,1
560,3.275,2.3666666666666667,2576.9682244141522,0.05555555555555555,1.0555555555555556,1
561,1.577777777777778,1.4666666666666666,2578.54600219193,0.05555555555555555,1.0555555555555556,1
562,1.4859649122807017,0.95,2580.0319671042107,0.05263157894736842,1.0526315789473684,1
563,16.008771929824565,8.233333333333333,2596.040739034035,0.3684210526315789,2.210526315789474,1
564,3.954385964912281,2.5166666666666666,2599.9951249989476,0.05263157894736842,1.105263157894737,1
565,1.0473684210526315,0.95,2601.0424934200005,0.05263157894736842,1.0526315789473684,1
566,3.2640350877192987,3,2604.3065285077196,0,1,1
567,9.778333333333334,3.6333333333333333,2614.0848618410528,0.05,1.2,1
568,3.1383333333333336,2.3833333333333333,2617.223195174386,0.05,1.1,1
569,1.4008333333333334,1.35,2618.6240285077192,0,1,1
570,1.7149122807017545,1.1,2620.338940788421,0,1,1
571,1.7526315789473683,1.6333333333333333,2622.0915723673684,0,1,1
572,1.1964912280701756,0.7666666666666667,2623.2880635954384,0.05263157894736842,1.263157894736842,1
573,9.107894736842107,4.016666666666667,2632.3959583322803,0.15789473684210525,1.4210526315789473,1
574,3.2131578947368418,2.5166666666666666,2635.6091162270172,0.10526315789473684,1.105263157894737,1
575,2.102777777777778,1.7333333333333334,2637.711894004795,0,1,1
576,1.9728070175438592,1.6333333333333333,2639.6847010223387,0.10526315789473684,1.105263157894737,1
577,1.2982456140350878,1.1333333333333333,2640.982946636374,0,1,1
578,4.988333333333332,3.783333333333333,2645.971279969707,0.15,1.3,1
579,7.352499999999999,5.083333333333333,2653.323779969707,0.1,1.25,1
580,1.1574999999999998,0.8,2654.481279969707,0.05,1.1,1
581,6.421666666666665,1.85,2660.9029466363736,0.1,1.1,1
582,1.7883333333333333,1.5,2662.691279969707,0,1,1
583,6.060833333333333,3.966666666666667,2668.7521133030405,0,1,1
584,7.58,3.2,2676.3321133030404,0.1,1.2,1
585,1.525,1.3166666666666667,2677.8571133030405,0,1,1
586,2.8500000000000005,2.35,2680.7071133030404,0.1,1.1,1
587,1.565,1.4,2682.2721133030404,0.1,1.1,1
588,17.72894736842105,3.533333333333333,2700.0010606714613,0.15,1.35,1
589,2.7933333333333334,1.9166666666666667,2702.794394004795,0.1,1.1,1
590,0.885,0.7666666666666667,2703.679394004795,0,1,1
591,10.997499999999999,4.35,2714.676894004795,0.15,2.35,1
592,0.787719298245614,0.7,2715.4646133030406,0.05263157894736842,1.0526315789473684,1
593,5.990350877192983,4.333333333333333,2721.4549641802337,0.21052631578947367,1.263157894736842,1
594,5.597368421052632,3.8666666666666667,2727.0523326012863,0.05263157894736842,1.0526315789473684,1
595,9.693859649122807,3.216666666666667,2736.746192250409,0.10526315789473684,1.1578947368421053,1
596,1.6877192982456142,1.4166666666666667,2738.4339115486546,0.10526315789473684,1.263157894736842,1
597,6.169298245614036,1.4333333333333333,2744.6032097942684,0.10526315789473684,1.105263157894737,1
598,2.9842105263157896,1.9333333333333333,2747.587420320584,0.05263157894736842,1.105263157894737,1
599,3.7017543859649136,2.716666666666667,2751.2891747065487,0.05263157894736842,1.0526315789473684,1
600,0.41578947368421054,0.4166666666666667,2751.7049641802328,0.05263157894736842,1.105263157894737,1
601,3.262962962962963,2.7666666666666666,2754.9679271431955,0.1111111111111111,1.1111111111111112,1
602,0.8351851851851851,0.7833333333333333,2755.803112328381,0,1,1
603,3.611111111111111,3.45,2759.414223439492,0,1,1
604,1.787037037037037,1.6,2761.201260476529,0,1,1
605,1.9259259259259258,2.066666666666667,2763.127186402455,0.1111111111111111,1.1111111111111112,1
606,1.825,1.75,2764.952186402455,0,1,1
607,2.5250000000000004,2.2666666666666666,2767.477186402455,0,1,1
608,5.258333333333334,3.6166666666666667,2772.7355197357883,0,1,1
609,2.1214285714285714,1.8666666666666667,2774.856948307217,0,1,1
610,1.5833333333333333,1.1833333333333333,2776.4402816405504,0,1,1
611,2.1761904761904765,2.3666666666666667,2778.616472116741,0,1,1
612,2.1729166666666666,1.85,2780.789388783408,0,1,1
613,52.0625,6.5,2832.851888783408,0,1,1
614,5.785416666666666,4.55,2838.6373054500746,0.125,1.125,1
615,6.90625,2.966666666666667,2845.5435554500746,0.125,1.375,1
616,2.15625,1.9333333333333333,2847.6998054500746,0.125,1.125,1
617,52.52916666666667,2.1,2900.2289721167413,0.125,1.125,1
618,6.477083333333333,5.1,2906.7060554500745,0.125,1.25,1
619,7.8625,4.683333333333334,2914.5685554500747,0.125,1.125,1
620,6.2124999999999995,3.433333333333333,2920.7810554500747,0.25,1.25,1
621,8.766666666666666,4.866666666666666,2929.5477221167416,0,1,1
622,6.358333333333333,3.283333333333333,2935.9060554500747,0.25,1.25,1
623,1.5375,1.35,2937.4435554500747,0,1,1
624,3.2624999999999997,3.05,2940.7060554500745,0,1,1
625,2.3,1.65,2943.0060554500747,0,1,1
626,7.65,3.4166666666666665,2950.6560554500747,0,1,1
627,3.2880952380952384,2.7666666666666666,2953.94415068817,0,1,1
628,2.6888888888888887,2.6333333333333333,2956.6330395770588,0,1,1
629,2.911111111111111,2.966666666666667,2959.54415068817,0,1,1
630,2.027777777777778,1.55,2961.5719284659476,0,1,1
631,1.3527777777777779,1.2,2962.9247062437253,0,1,1
632,2.872222222222222,1.8833333333333333,2965.7969284659475,0,1,1
633,2.4785714285714286,2.0833333333333335,2968.275499894519,0,0.8571428571428571,1
634,24.88571428571429,6.716666666666667,2993.161214180233,0,1,1
635,1.4214285714285715,1.45,2994.5826427516613,0,1,1
636,3.2642857142857147,2.8666666666666667,2997.846928465947,0,1,1
637,25.883333333333333,3.466666666666667,3023.73026179928,0,1,1
638,4.904761904761905,4.766666666666667,3028.635023704042,0.14285714285714285,1.1428571428571428,1
639,3.6547619047619047,3.1333333333333333,3032.289785608804,0,1,1
640,1.3071428571428572,1.3333333333333333,3033.596928465947,0,0.8571428571428571,1
641,10.571428571428571,6.2,3044.1683570373752,0.42857142857142855,1.7142857142857142,1
642,2.0595238095238098,1.9,3046.227880846899,0,1,1
643,4.588095238095238,4.1,3050.8159760849944,0,1,1
644,1.45,1.3833333333333333,3052.2659760849942,0,1,1
645,1.5595238095238095,1.4,3053.825499894518,0,1,1
646,4.730555555555555,4.083333333333333,3058.5560554500735,0,1,1
647,1.086111111111111,1.0166666666666666,3059.6421665611847,0,1,1
648,3.0722222222222224,2.533333333333333,3062.714388783407,0,1,1
649,3.091666666666667,2.0166666666666666,3065.8060554500735,0,1,1
650,3.277777777777778,2.783333333333333,3069.0838332278513,0,1,1
651,2.9500000000000006,2.8,3072.033833227851,0,1,1
652,2.3416666666666663,1.7333333333333334,3074.375499894518,0,1,1
653,2.9694444444444446,1.7333333333333334,3077.3449443389623,0,1,1
654,3.4472222222222224,2.7666666666666666,3080.7921665611843,0,1,1
655,6.7250000000000005,5.4,3087.5171665611842,0,1,1
656,7.325,5.383333333333334,3094.842166561184,0.16666666666666666,1.1666666666666667,1
657,1.5305555555555557,1.4166666666666667,3096.3727221167396,0,1,1
658,1.5999999999999996,1.5666666666666667,3097.9727221167395,0,1,1
659,4.377777777777777,3.45,3102.3504998945173,0,1,1
660,4.86388888888889,3.85,3107.2143887834063,0,1,1
661,9.938888888888888,4.9,3117.153277672295,0.16666666666666666,1.3333333333333333,1
662,2.0566666666666666,1.9333333333333333,3119.209944338962,0,1,1
663,3.4749999999999996,3.3,3122.684944338962,0,1,1
664,5.655555555555556,5.733333333333333,3128.3404998945175,0,1,1
665,1.5888888888888888,1.2833333333333334,3129.9293887834065,0,1,1
666,1.8305555555555557,1.7833333333333334,3131.759944338962,0,1,1
667,1.554761904761905,1.4833333333333334,3133.3147062437242,0,1,1
668,4.004761904761905,1.75,3137.319468148486,0.14285714285714285,1.1428571428571428,1
669,7.827777777777776,1.8333333333333333,3145.1472459262636,0.16666666666666666,1.3333333333333333,1
670,1.383333333333333,1.3166666666666667,3146.530579259597,0,1,1
671,1.0880952380952382,1.05,3147.618674497692,0,1,1
672,0.819047619047619,0.8333333333333334,3148.4377221167397,0,1,1
673,3.1142857142857148,1.1666666666666667,3151.5520078310255,0,1,1
674,1.7142857142857142,1.6333333333333333,3153.2662935453113,0,1,1
675,1.869047619047619,1.8833333333333333,3155.135341164359,0,1,1
676,6.497222222222223,6.383333333333334,3161.6325633865813,0,1,1
677,0.7761904761904762,0.7666666666666667,3162.408753862772,0,1,1
678,1.7452380952380955,1.7833333333333334,3164.15399195801,0,1,1
679,4.804761904761905,2.4833333333333334,3168.958753862772,0,1,1
680,2.913888888888889,2.3333333333333335,3171.872642751661,0,1,1
681,6.130952380952381,7.433333333333334,3178.003595132613,0,1,1
682,2.7595238095238095,2.6166666666666667,3180.7631189421368,0,1,1
683,3.1904761904761902,2.8666666666666667,3183.953595132613,0,1,1
684,5.059523809523809,4.483333333333333,3189.0131189421368,0,1,1
685,4.507142857142857,3.9833333333333334,3193.5202617992795,0,1,1
686,3.230952380952381,1.8,3196.7512141802317,0,1,1
687,1.9095238095238096,1.7333333333333334,3198.6607379897555,0,1,1
688,2.419047619047619,2.25,3201.079785608803,0,1,1
689,3.4476190476190474,2.9,3204.527404656422,0,1,1
690,2.7547619047619043,2.5,3207.2821665611837,0,1,1
691,2.4357142857142855,2.4166666666666665,3209.717880846898,0,1,1
692,6.711904761904762,3.283333333333333,3216.429785608803,0,1,1
693,1.6142857142857143,1.3666666666666667,3218.0440713230887,0,1,1
694,2.0785714285714287,2.0166666666666666,3220.1226427516604,0,1,1
695,2.130952380952381,2.1333333333333333,3222.2535951326126,0,1,1
696,2.1976190476190474,2.1333333333333333,3224.4512141802315,0,1,1
697,4.000000000000001,3.466666666666667,3228.4512141802315,0,1,1
698,3.207142857142857,2.65,3231.6583570373746,0,1,1
699,2.919047619047619,2.066666666666667,3234.577404656422,0,1,1
700,1.680952380952381,1.6,3236.2583570373745,0,1,1
701,2.5833333333333326,2.5166666666666666,3238.841690370708,0,1,1
702,2.1214285714285714,2.1,3240.9631189421366,0,1,1
703,7.723809523809523,5.716666666666667,3248.686928465946,0,1,1
704,4.1761904761904765,3.0166666666666666,3252.8631189421367,0,1,1
705,5.235714285714286,3.9,3258.098833227851,0.14285714285714285,1.1428571428571428,1
706,5.261904761904762,5.3,3263.3607379897558,0,1,1
707,1.4738095238095237,1.3,3264.834547513565,0,1,1
708,1.7642857142857145,1.6833333333333333,3266.5988332278507,0,1,1
709,2.0595238095238098,1.8333333333333333,3268.6583570373746,0,1,1
710,2.5833333333333326,1.8333333333333333,3271.241690370708,0,1,1
711,4.014285714285713,4,3275.2559760849936,0,1,1
712,1.8976190476190473,1.4166666666666667,3277.1535951326127,0,1,1
713,2.204761904761905,2.0833333333333335,3279.358357037375,0,1,1
714,1.6238095238095238,1.5833333333333333,3280.9821665611844,0,1,1
715,1.2214285714285715,1.2,3282.203595132613,0,1,1
716,4.550000000000001,3.5166666666666666,3286.753595132613,0,1,1
717,2.2095238095238097,2.0833333333333335,3288.963118942137,0,1,1
718,4.321428571428571,4.266666666666667,3293.2845475135655,0,1,1
719,3.49047619047619,2.8,3296.775023704042,0.14285714285714285,1.2857142857142858,1
720,12.564285714285717,3.4333333333333336,3309.3393094183275,0.14285714285714285,1.1428571428571428,1
721,1.7305555555555554,1.6166666666666667,3311.069864973883,0,1,1
722,2.652777777777778,2.3833333333333333,3313.7226427516607,0,1,1
723,21.263888888888886,6.683333333333334,3334.9865316405494,0.3333333333333333,2.6666666666666665,1
724,41.009523809523806,4.983333333333333,3375.996055450073,0.14285714285714285,1.2857142857142858,1
725,5.566666666666668,5.7,3381.5627221167397,0.14285714285714285,1.2857142857142858,1
726,3.7222222222222228,2.9833333333333334,3385.284944338962,0,1,1
727,5.066666666666667,4.5,3390.3516110056285,0,1,1
728,2.8333333333333335,2.2,3393.184944338962,0,1,1
729,1.261111111111111,1.0666666666666667,3394.446055450073,0,1,1
730,3.4361111111111113,1.7,3397.882166561184,0,1,1
731,2.0833333333333335,2.0833333333333335,3399.9654998945175,0,1,1
732,2.5944444444444446,2.2,3402.559944338962,0,1,1
733,5.530555555555556,4.483333333333333,3408.0904998945175,0,1,1
734,15.458333333333334,4.316666666666666,3423.548833227851,0,1,1
735,1.2083333333333333,1.2166666666666666,3424.7571665611845,0,1,1
736,1.6916666666666664,1.5,3426.448833227851,0,1,1
737,3.8194444444444446,3.216666666666667,3430.2682776722954,0,1,1
738,6.527777777777778,5.133333333333334,3436.7960554500733,0.16666666666666666,1.1666666666666667,1
739,2.225,2.0166666666666666,3439.021055450073,0,1,1
740,4.2861111111111105,1.6333333333333333,3443.307166561184,0,1,1
741,3.9899999999999998,3.45,3447.297166561184,0.2,1.2,1
742,1.027777777777778,0.9,3448.324944338962,0,1,1
743,3.2055555555555557,3.15,3451.5304998945176,0.16666666666666666,1.1666666666666667,1
744,1.9833333333333334,1.8,3453.5138332278507,0.16666666666666666,1.1666666666666667,1
745,2.452777777777778,1.9166666666666667,3455.9666110056282,0,1,1
746,9.377777777777778,5.3,3465.344388783406,0.16666666666666666,1.1666666666666667,1
747,3.1555555555555554,2.533333333333333,3468.4999443389615,0,1,1
748,3.1166666666666663,2.7666666666666666,3471.6166110056283,0,1,1
749,1.0766666666666667,0.9833333333333333,3472.693277672295,0,1,1
750,1.0966666666666665,0.9333333333333333,3473.789944338962,0,1,1
751,3.236666666666667,3.1166666666666667,3477.0266110056286,0,1,1
752,1.4433333333333334,1.35,3478.469944338962,0,1,1
753,2.7566666666666664,2.6666666666666665,3481.2266110056285,0,1,1
754,25.743333333333332,1.75,3506.969944338962,0,1,1
755,1.9933333333333336,1.6166666666666667,3508.963277672295,0,1,1
756,1.4666666666666668,1.5333333333333334,3510.429944338962,0,1,1
757,2.6444444444444444,2.466666666666667,3513.0743887834064,0,1,1
758,29.03,2.7666666666666666,3542.1043887834066,0,1,1
759,1.8041666666666665,1.5666666666666667,3543.9085554500734,0,1,1
760,2.583333333333333,2.3833333333333333,3546.491888783407,0,1,1
761,2.7333333333333334,2.6,3549.22522211674,0,1,1
762,2.52,2.216666666666667,3551.74522211674,0,1,1
763,83.86666666666667,4.716666666666667,3635.611888783407,0.4,1.4,1
764,4.466666666666667,4.35,3640.0785554500735,0,1,1
765,2.783333333333333,2.716666666666667,3642.861888783407,0,1,1
766,9.845833333333333,4.533333333333333,3652.70772211674,0,1,1
767,5.775,3.75,3658.48272211674,0.25,1.25,1
768,3.2666666666666666,2.4,3661.749388783407,0.25,1.25,1
769,5.7875,3.3,3667.536888783407,0,1,1
770,1.3416666666666668,1.1666666666666667,3668.8785554500737,0,1,1
771,2.8833333333333337,2.5166666666666666,3671.761888783407,0,1,1
772,14.016666666666666,1.05,3685.778555450074,0,1,1
773,2.820833333333333,2.3833333333333333,3688.599388783407,0.25,1.25,1
774,1.6208333333333333,1.4166666666666667,3690.2202221167404,0,1,1
775,1.025,0.9333333333333333,3691.2452221167405,0,1,1
776,1.6208333333333336,1.4333333333333333,3692.866055450074,0,1,1
777,1.2833333333333332,1,3694.149388783407,0,1,1
778,139.075,1.45,3833.224388783407,0,1,1
779,3.6333333333333333,3.1666666666666665,3836.85772211674,0,1,1
780,1.3291666666666666,1.0833333333333333,3838.186888783407,0,1,1
781,2.6083333333333334,2.15,3840.79522211674,0,1,1
782,1.2708333333333333,1.0333333333333334,3842.0660554500737,0,1,1
783,1.5791666666666666,1.3666666666666667,3843.6452221167406,0,1,1
784,4.479166666666666,3.8833333333333333,3848.124388783407,0,1,1
785,0.8791666666666668,0.85,3849.0035554500737,0,1,1
786,2.875,2.6333333333333333,3851.8785554500737,0,1,1
787,2.1791666666666667,1.9,3854.0577221167405,0,1,1
788,7.904166666666667,7.483333333333333,3861.961888783407,0,1,1
789,14.175,4.383333333333334,3876.1368887834074,0.25,1.25,1
790,0.9416666666666667,0.8166666666666667,3877.078555450074,0,1,1
791,2.158333333333333,2,3879.2368887834073,0,1,1
792,1.1333333333333333,0.9333333333333333,3880.3702221167405,0,1,1
793,2.1458333333333335,1.85,3882.516055450074,0,1,1
794,3.8499999999999996,3.5166666666666666,3886.366055450074,0,1,1
795,0.9541666666666667,0.7833333333333333,3887.3202221167408,0,1,1
796,3.1624999999999996,2.566666666666667,3890.4827221167407,0,1,1
797,0.85,0.7333333333333333,3891.3327221167406,0,1,1
798,1.4291666666666665,1.0833333333333333,3892.7618887834074,0,1,1
799,4.566666666666666,2.816666666666667,3897.328555450074,0,1,1
800,1.5166666666666666,1.1833333333333333,3898.845222116741,0,1,1
801,2.879166666666667,2.3333333333333335,3901.7243887834074,0,1,1
802,2.5999999999999996,2.3,3904.3243887834074,0,1,1
803,102.0875,2.3,4006.4118887834074,0,1,1
804,1.2916666666666667,1.1,4007.703555450074,0,1,1
805,3.375,2.8333333333333335,4011.078555450074,0,1,1
806,2.8875,2.35,4013.966055450074,0,1,1
807,2.466666666666667,2.25,4016.4327221167405,0,1,1
808,4.216666666666667,4.016666666666667,4020.649388783407,0,1,1
809,9.170833333333333,8.233333333333333,4029.8202221167403,0,1,1
810,4.866666666666666,3.2,4034.686888783407,0,1,1
811,3.027777777777778,2.466666666666667,4037.714666561185,0,1,1
812,1.4291666666666667,1.2333333333333334,4039.1438332278517,0,0.75,1
813,1.45,1.3,4040.5938332278515,0,1,1
814,4.683333333333334,4.016666666666667,4045.277166561185,0,1,1
815,2.3666666666666667,1.8333333333333333,4047.6438332278517,0,1,1
816,3.208333333333333,2.95,4050.852166561185,0.25,2,1
817,0.8166666666666667,0.6833333333333333,4051.668833227852,0,1,1
818,2.3875,2,4054.0563332278516,0,1,1
819,3.341666666666667,3.15,4057.3979998945183,0,1,1
820,1.1666666666666667,0.9833333333333333,4058.564666561185,0,1,1
821,2.1083333333333334,1.8,4060.672999894518,0,1,1
822,2.216666666666667,2.1166666666666667,4062.8896665611846,0,1,1
823,3.2708333333333335,3.1166666666666667,4066.160499894518,0,1,1
824,6.375,5.1,4072.535499894518,0,1,1
825,1.6791666666666667,1.5833333333333333,4074.214666561185,0,1,1
826,2.0208333333333335,1.75,4076.2354998945184,0,1,1
827,2.254166666666667,1.85,4078.489666561185,0,1,1
828,4.466666666666667,3.1,4082.9563332278517,0,1,1
829,8.316666666666666,4.733333333333333,4091.2729998945183,0,1,1
830,1.6958333333333333,1.3833333333333333,4092.9688332278515,0,1,1
831,3.533333333333333,3.35,4096.502166561185,0,1,1
832,6.025,4.25,4102.5271665611845,0,1,1
833,1.2374999999999998,1.1333333333333333,4103.764666561185,0,1,1
834,1.625,1.4666666666666666,4105.389666561185,0,1,1
835,2.75,2.3833333333333333,4108.139666561185,0,1,1
836,1.3708333333333333,1.2666666666666666,4109.510499894518,0,1,1
837,0.8583333333333333,0.85,4110.368833227852,0,1,1
838,2.1125000000000003,1.9166666666666667,4112.481333227852,0,1,1
839,4.1625000000000005,2.15,4116.643833227852,0,1,1
840,1.8083333333333333,1.95,4118.452166561186,0,1,1
841,1.1708333333333334,1.0833333333333333,4119.622999894519,0,1,1
842,2.4208333333333334,1.85,4122.043833227853,0,1,1
843,4.379166666666666,4,4126.422999894519,0,1,1
844,5.070833333333333,4.516666666666667,4131.4938332278525,0,1,1
845,4.545833333333333,3.566666666666667,4136.039666561186,0,1,1
846,1.6500000000000001,1.4,4137.689666561186,0,1,1
847,1.1,1.0666666666666667,4138.789666561186,0,1,1
848,5.6875,4.716666666666667,4144.477166561186,0,1,1
849,3.9333333333333336,3.6166666666666667,4148.4104998945195,0,1,1
850,2.875,2.75,4151.2854998945195,0,1,1
851,3.0083333333333333,3.85,4154.293833227853,0,1,1
852,5.833333333333333,3.7,4160.127166561186,0,1,1
853,4.283333333333333,3.066666666666667,4164.4104998945195,0,1,1
854,1.1291666666666667,1.0333333333333334,4165.539666561186,0,1,1
855,0.7208333333333333,0.65,4166.26049989452,0,1,1
856,1.5375,1.3333333333333333,4167.79799989452,0.25,1.25,1
857,1.7249999999999999,1.65,4169.522999894521,0,1,1
858,4.391666666666667,3.683333333333333,4173.914666561187,0,1,1
859,1.7875,1.7,4175.702166561187,0,1,1
860,5.270833333333334,2.216666666666667,4180.97299989452,0,1,1
861,1.5916666666666668,1.5333333333333334,4182.564666561187,0.25,1.25,1
862,1.9458333333333335,1.6333333333333333,4184.51049989452,0,1,1
863,7.722222222222222,3.433333333333333,4192.2327221167425,0,1,1
864,8.316666666666668,9.433333333333334,4200.549388783409,0,1,1
865,2.6777777777777776,1.9666666666666666,4203.227166561187,0,1,1
866,5.425,4.8,4208.652166561187,0,0.75,1
867,5.4875,3.2,4214.139666561187,0,1,1
868,1.666666666666667,1.15,4215.806333227854,0,1,1
869,4.008333333333334,3.433333333333333,4219.814666561188,0,1,1
870,1.3333333333333335,1.1833333333333333,4221.147999894521,0,1,1
871,5.358333333333333,3.9166666666666665,4226.506333227854,0,1,1
872,3.3041666666666667,2.3666666666666667,4229.810499894521,0,1,1
873,3.3166666666666664,2.9833333333333334,4233.127166561188,0,1,1
874,2.020833333333333,1.9333333333333333,4235.147999894521,0.25,1.25,1
875,1.325,1.0666666666666667,4236.47299989452,0,1,1
876,2.595833333333333,2.316666666666667,4239.068833227854,0,1,1
877,1.0333333333333332,0.8833333333333333,4240.102166561188,0,1,1
878,1.6583333333333332,1.3333333333333333,4241.760499894522,0,1,1
879,5.975,4.783333333333333,4247.735499894522,0,1,1
880,1.5458333333333334,1.3,4249.281333227856,0,1,1
881,1.6875,1.4666666666666666,4250.968833227856,0.25,1.5,1
882,1.6375,1.5166666666666666,4252.606333227855,0,1,1
883,1.0791666666666666,0.9666666666666667,4253.685499894522,0,1,1
884,2.625,2.3833333333333333,4256.310499894522,0,1,1
885,0.825,0.7,4257.135499894522,0,1,1
886,3.8708333333333336,2.533333333333333,4261.006333227855,0,1,1
887,1.4375,1.2333333333333334,4262.443833227855,0,1,1
888,7.854166666666667,3,4270.297999894522,0.25,1.5,1
889,2.958333333333333,2.566666666666667,4273.256333227855,0,1,1
890,0.9708333333333334,0.8666666666666667,4274.227166561189,0,1,1
891,2.9541666666666666,2.75,4277.181333227855,0,1,1
892,95.17500000000001,2.15,4372.356333227855,0,1,1
893,12.075000000000001,9.15,4384.431333227855,0.25,1.25,1
894,3.5166666666666666,3.033333333333333,4387.947999894522,0,1,1
895,8.616666666666667,8.733333333333333,4396.5646665611885,0,1,1
896,1.611111111111111,1.6333333333333333,4398.1757776723,0,1,1
897,0.7666666666666666,0.7,4398.942444338966,0,1,1
898,2.766666666666667,2.3333333333333335,4401.709111005633,0,1,1
899,5.579166666666667,2.8333333333333335,4407.288277672299,0,1,1
900,1.4916666666666667,1.2333333333333334,4408.779944338966,0,1,1
901,3.3625,2.9166666666666665,4412.142444338966,0,1,1
902,2.6125000000000003,2.316666666666667,4414.754944338966,0,1,1
903,4.5125,2.433333333333333,4419.267444338966,0.25,1.5,1
904,3.1750000000000003,2.8666666666666667,4422.442444338966,0,1,1
905,2.083333333333333,2.05,4424.525777672299,0,1,1
906,1.7541666666666667,1.5333333333333334,4426.279944338966,0,1,1
907,6.1000000000000005,2.2333333333333334,4432.379944338966,0,1,1
908,11.45,6.216666666666667,4443.829944338966,0,1,1
909,1.8083333333333333,1.6333333333333333,4445.638277672299,0,1,1
910,1.9000000000000001,1.4333333333333333,4447.538277672299,0,1,1
911,1.645833333333333,1.4,4449.184111005632,0,1,1
912,1.325,1.2833333333333334,4450.509111005632,0,1,1
913,7.191666666666666,6.616666666666666,4457.7007776722985,0,1,1
914,20.645833333333332,5.8,4478.3466110056315,0.25,1.25,1
915,18.572222222222223,6.1,4496.918833227854,0,1,1
916,6.944444444444444,7.016666666666667,4503.863277672298,0,1,1
917,1.3833333333333335,1.2166666666666666,4505.246611005631,0,1,1
918,2.3666666666666667,2.65,4507.613277672298,0,1,1
919,5.158333333333333,3.8666666666666667,4512.771611005632,0.25,1.25,1
920,1.4041666666666666,1.1166666666666667,4514.175777672298,0,1,1
921,2.9749999999999996,2.75,4517.150777672298,0,1,1
922,1.0875,1.05,4518.238277672298,0,1,1
923,1.0416666666666667,1.1333333333333333,4519.279944338965,0,1,1
924,0.9916666666666666,0.8666666666666667,4520.271611005632,0,1,1
925,0.725,0.65,4520.996611005632,0,1,1
926,4.033333333333333,2.1166666666666667,4525.029944338966,0,1,1
927,1.2958333333333334,1.2166666666666666,4526.325777672299,0,1,1
928,6.054166666666667,5.166666666666667,4532.379944338966,0,1,1
929,3.1166666666666667,2.8333333333333335,4535.496611005633,0,1,1
930,2.3583333333333334,2.1,4537.854944338967,0,1,1
931,1.8166666666666667,1.6666666666666667,4539.671611005633,0,1,1
932,4.408333333333333,2.65,4544.079944338967,0,1,1
933,8.641666666666667,6.85,4552.721611005633,0.25,1.5,1
934,2.9666666666666663,2.4166666666666665,4555.6882776723,0,1,1
935,34.28333333333333,2,4589.971611005633,0,1,1
936,3.9041666666666663,3.3333333333333335,4593.8757776723,0,1,1
937,5.6125,3.7666666666666666,4599.4882776723,0.25,1.25,1
938,2.566666666666667,2.316666666666667,4602.054944338966,0,1,1
939,2.1500000000000004,1.5,4604.204944338966,0,1,1
940,0.5833333333333333,0.55,4604.788277672299,0,1,1
941,2.833333333333333,2.6333333333333333,4607.621611005632,0,1,1
942,2.3125,1.9166666666666667,4609.934111005632,0,1,1
943,5.966666666666667,5.216666666666667,4615.900777672298,0,1,1
944,6.520833333333332,3.033333333333333,4622.421611005631,0,1,1
945,1.8958333333333335,1.5666666666666667,4624.317444338964,0,1,1
946,2.1208333333333336,1.9333333333333333,4626.438277672298,0,1,1
947,1.5291666666666668,1.4333333333333333,4627.967444338964,0,1,1
948,3.541666666666667,2.85,4631.509111005631,0,1,1
949,4.5375,3.8,4636.046611005631,0,1,1
950,1.9125,1.8166666666666667,4637.959111005632,0,1,1
951,2.2958333333333334,2.316666666666667,4640.254944338965,0,1,1
952,1.5625,1.45,4641.817444338965,0,1,1
953,3.7874999999999996,3,4645.604944338966,0,1,1
954,2.7833333333333337,2.8666666666666667,4648.388277672299,0,1,1
955,3.7666666666666666,3,4652.154944338966,0,1,1
956,3.1166666666666663,2.6166666666666667,4655.271611005633,0,1,1
957,3.5249999999999995,2.7666666666666666,4658.796611005632,0,1,1
958,34.85,5.333333333333333,4693.646611005633,0,0.75,1
959,2.2458333333333336,1.9166666666666667,4695.892444338966,0,1,1
960,1.7,1.6333333333333333,4697.592444338966,0.25,1.25,1
961,4.966666666666667,4.516666666666667,4702.559111005632,0,1,1
962,1.05,1,4703.609111005632,0,1,1
963,4.0375,3.466666666666667,4707.646611005633,0,1,1
964,2.779166666666667,2.6166666666666667,4710.425777672299,0,1,1
965,4.2875,4.066666666666666,4714.713277672299,0.25,1.25,1
966,1.3125,1.1833333333333333,4716.025777672299,0,1,1
967,0.8458333333333333,0.7833333333333333,4716.871611005633,0,1,1
968,1.9583333333333333,1.8166666666666667,4718.829944338966,0,1,1
969,3.341666666666667,3.1,4722.171611005632,0,1,1
970,9.577777777777778,2.75,4731.74938878341,0,1,1
971,38.077777777777776,2.9,4769.827166561187,0,1,1
972,10.283333333333333,2.316666666666667,4780.110499894521,0,1,1
973,1.8444444444444443,1.5666666666666667,4781.954944338966,0,1,1
974,2.8888888888888893,2.7,4784.843833227855,0,1,1
975,2.8777777777777778,2.85,4787.721611005632,0,1,1
976,2.4125,2,4790.134111005633,0,1,1
977,3.8833333333333333,3.3666666666666667,4794.017444338966,0,1,1
978,3.9388888888888887,4.1,4797.956333227855,0,1,1
979,6.644444444444445,7.9,4804.600777672299,0,1,1
980,1.0444444444444445,1.0333333333333334,4805.645222116744,0,1,1
981,3.3916666666666666,3.15,4809.03688878341,0.25,1.5,1
982,3.3111111111111113,3.4833333333333334,4812.347999894521,0,1,1
983,4.011111111111111,4.216666666666667,4816.359111005632,0,1,1
984,6.9125,2.183333333333333,4823.271611005633,0,0.75,1
985,1.8458333333333332,1.8,4825.117444338966,0,1,1
986,2.9166666666666665,2.6666666666666665,4828.034111005633,0,1,1
987,2.1944444444444446,2.25,4830.228555450078,0,1,1
988,3.1666666666666665,2.9833333333333334,4833.395222116745,0,1,1
989,1.7055555555555557,1.7333333333333334,4835.1007776723,0,1,1
990,3.6055555555555556,3.716666666666667,4838.706333227856,0,1,1
991,2.4333333333333336,2.25,4841.139666561189,0,1,1
992,3.608333333333333,2.716666666666667,4844.747999894523,0,1,1
993,6.458333333333333,5.083333333333333,4851.206333227856,0,1,1
994,2.0083333333333333,1.5,4853.214666561189,0,1,1
995,0.6416666666666666,0.6166666666666667,4853.856333227855,0,1,1
996,2.7125,2.0833333333333335,4856.568833227855,0,1,1
997,2.841666666666667,1.5666666666666667,4859.410499894521,0.25,1.25,1
998,2.2958333333333334,1.8,4861.706333227855,0,1,1
999,3.4166666666666665,2.7666666666666666,4865.122999894522,0,1,1
1000,1.1333333333333333,1.1333333333333333,4866.256333227855,0,1,1
1001,1.0125,0.9666666666666667,4867.268833227855,0,1,1
1002,2.175,1.4666666666666666,4869.443833227855,0,1,1
1003,5.9541666666666675,4.433333333333334,4875.3979998945215,0,1,1
1004,4.670833333333333,3.1,4880.068833227855,0,1,1
1005,3.2916666666666665,2.5,4883.360499894522,0,1,1
1006,2.0124999999999997,1.8666666666666667,4885.372999894522,0,1,1
1007,2.470833333333333,2.2,4887.843833227856,0,1,1
1008,2.6,2.4166666666666665,4890.443833227856,0,1,1
1009,2.6083333333333334,2.05,4893.05216656119,0,1,1
1010,2.716666666666667,2.433333333333333,4895.768833227856,0,1,1
1011,3.2833333333333337,2.6333333333333333,4899.05216656119,0,1,1
1012,1.625,1.35,4900.67716656119,0,1,1
1013,3.5999999999999996,3.2666666666666666,4904.27716656119,0,1,1
1014,5.795833333333333,4.333333333333333,4910.0729998945235,0,1,1
1015,2.895833333333333,2.75,4912.9688332278565,0,1,1
1016,3.883333333333333,2.3,4916.85216656119,0,1,1
1017,3.9124999999999996,2.3833333333333333,4920.76466656119,0,1,1
1018,2.7958333333333334,2.8666666666666667,4923.560499894524,0,1,1
1019,2.791666666666667,2.216666666666667,4926.352166561191,0,1,1
1020,1.3944444444444446,1.5,4927.746611005635,0,1,1
1021,3.7041666666666666,1.8666666666666667,4931.450777672301,0,1,1
1022,1.4833333333333332,1.35,4932.934111005635,0,1,1
1023,1.7166666666666668,1.4166666666666667,4934.650777672301,0,1,1
1024,2.704166666666666,2.1333333333333333,4937.3549443389675,0,1,1
1025,2.5125,2,4939.867444338967,0,1,1
1026,6.566666666666666,1.8333333333333333,4946.434111005634,0,1,1
1027,2.629166666666667,2.5833333333333335,4949.0632776723005,0,1,1
1028,8.3875,5.5,4957.4507776723,0,1,1
1029,1.5291666666666666,1.4833333333333334,4958.979944338967,0,1,1
1030,1.1583333333333332,1,4960.1382776723,0,1,1
1031,6.558333333333334,4.166666666666667,4966.696611005634,0,1,1
1032,1.3833333333333333,1.2833333333333334,4968.079944338967,0,1,1
1033,3.0583333333333336,2.6,4971.1382776723,0,1,1
1034,2.9833333333333334,2.6333333333333333,4974.121611005634,0,1,1
1035,3.504166666666667,3.1333333333333333,4977.6257776723005,0,1,1
1036,2.0625,1.7166666666666666,4979.6882776723005,0,1,1
1037,4.816666666666666,4.366666666666666,4984.504944338967,0,1,1
1038,6.108333333333334,2.683333333333333,4990.613277672301,0,1,1
1039,5.726666666666667,4.483333333333333,4996.339944338967,0,1,1
1040,1.5333333333333332,1.1166666666666667,4997.873277672301,0,1,1
1041,19.8375,1.55,5017.7107776723005,0,1,1
1042,29.887500000000003,1.65,5047.5982776723,0,1,1
1043,19.975000000000005,1.9166666666666667,5067.573277672301,0,1,1
1044,15.795833333333334,4.016666666666667,5083.369111005634,0.5,1.5,1
1045,2.7416666666666667,1.6666666666666667,5086.110777672301,0.25,1.5,1
1046,1.9041666666666666,1.45,5088.014944338967,0.25,1.25,1
1047,7.9,4.05,5095.914944338967,0.25,1.75,1
1048,0.9458333333333333,0.7333333333333333,5096.8607776723,0,1,1
1049,3.458333333333333,2.15,5100.319111005633,0,1,1
1050,1.6541666666666663,1.5,5101.973277672299,0,1,1
1051,1.3958333333333335,1.25,5103.3691110056325,0,1,1
1052,1.1333333333333333,1.1333333333333333,5104.502444338966,0,1,1
1053,4.466666666666667,1.2666666666666666,5108.969111005632,0,1,1
1054,6.9,3.066666666666667,5115.869111005632,0,1,1
1055,1.2125,1.1333333333333333,5117.081611005631,0,1,1
1056,1.3250000000000002,1.2833333333333334,5118.406611005631,0,1,1
1057,2.3583333333333334,2.2666666666666666,5120.764944338965,0,1,1
1058,1.8541666666666665,1.65,5122.619111005632,0,1,1
1059,2.0791666666666666,2.1666666666666665,5124.698277672298,0,1,1
1060,3.7458333333333336,3.183333333333333,5128.444111005631,0,1,1
1061,5.35,3.6166666666666667,5133.794111005632,0,1,1
1062,1.1083333333333334,1,5134.902444338965,0,1,1
1063,0.7791666666666667,0.8166666666666667,5135.681611005632,0,1,1
1064,3.645833333333333,2.65,5139.327444338965,0,1,1
1065,1.5499999999999998,1.5499999999999998,5140.877444338965,0.25,1.25,1
1066,2.5208333333333335,1.6333333333333333,5143.398277672298,0,1,1
1067,3.3125,2.283333333333333,5146.710777672298,0,1,1
1068,1.7041666666666668,1.2166666666666666,5148.414944338964,0,1,1
1069,10.458333333333332,2.283333333333333,5158.873277672297,0,1,1
1070,1.4541666666666666,1.3666666666666667,5160.327444338964,0,1,1
1071,1.5208333333333335,1.1666666666666667,5161.848277672297,0,1,1
1072,2.9958333333333336,2.466666666666667,5164.84411100563,0,1,1
1073,1.6875,1.5333333333333334,5166.53161100563,0,1,1
1074,3,2.566666666666667,5169.53161100563,0,1,1
1075,1.8416666666666663,0.9,5171.373277672296,0,1,1
1076,2.1333333333333333,1.15,5173.50661100563,0,1,1
1077,2.804166666666667,2.1,5176.310777672296,0,1,1
1078,0.8999999999999999,0.8166666666666667,5177.210777672296,0,1,1
1079,3.5875000000000004,3.2333333333333334,5180.798277672296,0,1,1
1080,3.066666666666667,2.9166666666666665,5183.864944338962,0,1,1
1081,21.808333333333334,2.716666666666667,5205.673277672296,0,1,1
1082,2.4444444444444446,1.8166666666666667,5208.11772211674,0,1,1
1083,1.7055555555555557,1.85,5209.823277672295,0,1,1
1084,1.5999999999999999,1.45,5211.423277672296,0,1,1
1085,1.7722222222222221,1.7833333333333334,5213.1954998945175,0,1,1
1086,1.8333333333333333,1.3833333333333333,5215.028833227851,0,1,1
1087,1.2333333333333334,1.3,5216.262166561184,0,1,1
1088,4.055555555555556,3.216666666666667,5220.31772211674,0,1,1
1089,1.0888888888888888,1.0666666666666667,5221.406611005628,0,1,1
1090,3.216666666666667,2.5833333333333335,5224.6232776722945,0,1,1
1091,1.527777777777778,1.5166666666666666,5226.151055450072,0,1,1
1092,1.5444444444444443,1.5,5227.695499894517,0,1,1
1093,1.872222222222222,1.65,5229.567722116739,0,1,1
1094,11.444444444444443,5.066666666666666,5241.012166561183,0,1,1
1095,6.111111111111112,2.9,5247.1232776722945,0,1,1
1096,1.3055555555555556,1.4333333333333333,5248.42883322785,0,1,1
1097,1.0388888888888888,1.1333333333333333,5249.467722116739,0,1,1
1098,14.783333333333333,5.1,5264.251055450073,0,1,1
1099,2.5611111111111113,2.7,5266.812166561184,0,1,1
1100,3.005555555555556,2.7,5269.81772211674,0,1,1
1101,3.8499999999999996,2.35,5273.66772211674,0,1,1
1102,4.205555555555555,3.533333333333333,5277.873277672295,0,1,1
1103,2.422222222222222,2.25,5280.295499894518,0,1,1
1104,1.0333333333333334,0.9833333333333333,5281.328833227852,0,1,1
1105,3.0722222222222224,2.8833333333333333,5284.401055450074,0,1,1
1106,2.5777777777777775,2.4166666666666665,5286.978833227851,0,1,1
1107,1.961111111111111,1.9,5288.939944338962,0,1,1
1108,1.4333333333333333,1.4666666666666666,5290.373277672295,0,1,1
1109,2.254166666666667,1.8333333333333333,5292.627444338962,0,1,1
1110,2.8500000000000005,2.3,5295.477444338962,0,1,1
1111,1.9666666666666668,1.85,5297.444111005629,0,1,1
1112,1.5250000000000001,1.3,5298.969111005628,0,1,1
1113,2.533333333333333,2.1,5301.502444338962,0,1,1
1114,3.3000000000000003,2.3833333333333333,5304.802444338962,0.25,1.25,1
1115,26.47916666666667,6.1,5331.281611005629,0.25,1.25,1
1116,3.2833333333333337,2.9,5334.564944338963,0.25,1.25,1
1117,2.3125,1.8833333333333333,5336.877444338963,0.25,1.5,1
1118,2.6958333333333333,2.4,5339.573277672296,0,1,1
1119,3.4125,3.2,5342.9857776722965,0,1,1
1120,11.558333333333334,5.283333333333333,5354.54411100563,0.25,1.5,1
1121,3.625,3,5358.16911100563,0.25,1.25,1
1122,5.916666666666666,4.016666666666667,5364.085777672297,0.25,1.5,1
1123,21.9875,1.6,5386.073277672297,0,1,1
1124,5.8875,2.716666666666667,5391.960777672297,0.25,1.25,1
1125,1.6583333333333332,1.6,5393.619111005631,0,1,1
1126,2.4291666666666667,2.2333333333333334,5396.048277672297,0,1,1
1127,2.6958333333333337,2.2666666666666666,5398.744111005631,0,1,1
1128,2.3375000000000004,2.1166666666666667,5401.08161100563,0,1,1
1129,7.804166666666666,1.2833333333333334,5408.885777672297,0.25,1.25,1
1130,6.554166666666666,2.033333333333333,5415.439944338964,0.25,1.5,1
1131,50.0625,3.5,5465.502444338964,0,1,1
1132,1.8750000000000002,1.4833333333333334,5467.377444338964,0,1,1
1133,1.9333333333333331,1.7833333333333334,5469.310777672297,0,1,1
1134,2.5541666666666667,2.5166666666666666,5471.864944338964,0,1,1
1135,2.2,1.15,5474.064944338964,0,1,1
1136,2.654166666666667,2,5476.71911100563,0.25,1.25,1
1137,1.25,0.95,5477.96911100563,0,1,1
1138,5.133333333333334,2.9833333333333334,5483.102444338963,0,1,1
1139,2.3541666666666665,1.95,5485.45661100563,0.25,1.25,1
1140,6.304166666666665,3.5833333333333335,5491.760777672297,0.25,1.25,1
1141,3.970833333333333,3.05,5495.731611005631,0.25,1.25,1
1142,1.5875000000000001,1.1,5497.3191110056305,0,1,1
1143,1.3958333333333335,1.25,5498.7149443389635,0,1,1
1144,1.0833333333333333,1.0833333333333333,5499.7982776722965,0,1,1
1145,41.4,1.5,5541.198277672296,0.3333333333333333,1.3333333333333333,1
1146,3.1208333333333336,2.433333333333333,5544.31911100563,0,1,1
1147,10.25,2.716666666666667,5554.56911100563,0,1,1
1148,21.525000000000006,13.366666666666667,5576.094111005629,0.25,2.25,1
1149,10.841666666666667,1.1166666666666667,5586.935777672295,0,1,1
1150,3.0291666666666663,2.15,5589.964944338962,0,1,1
1151,2.441666666666667,2.283333333333333,5592.406611005628,0,1,1
1152,18.12083333333333,1.5666666666666667,5610.527444338962,0.25,1.25,1
1153,2.4375,2.066666666666667,5612.964944338962,0,1,1
1154,2.5541666666666667,1.9833333333333334,5615.5191110056285,0,1,1
1155,4.066666666666666,3.033333333333333,5619.585777672295,0.25,1.25,1
1156,1.3333333333333333,1.0666666666666667,5620.919111005628,0,1,1
1157,3.2875,2.216666666666667,5624.2066110056285,0,1,1
1158,1.7791666666666668,1.65,5625.985777672295,0,1,1
1159,1.9833333333333332,1.3333333333333333,5627.969111005628,0,1,1
1160,2.9041666666666672,1.8666666666666667,5630.8732776722945,0,1,1
1161,2.9958333333333336,2.45,5633.869111005628,0,1,1
1162,6.104166666666667,5.116666666666666,5639.973277672295,0,1,1
1163,2.4875000000000003,2.3,5642.460777672295,0,1,1
1164,1.4000000000000001,1.05,5643.860777672295,0,1,1
1165,1.5791666666666666,1.2833333333333334,5645.439944338961,0,1,1
1166,1.9833333333333332,1.85,5647.423277672295,0,1,1
1167,2.9833333333333334,1.9666666666666666,5650.406611005628,0,1,1
1168,5.204166666666666,4.1,5655.610777672295,0.25,1.5,1
1169,1.1791666666666667,1.2166666666666666,5656.7899443389615,0,1,1
1170,1.3944444444444442,1.45,5658.184388783406,0,1,1
1171,2.2888888888888888,2.05,5660.473277672295,0,1,1
1172,2.4444444444444446,2.65,5662.917722116739,0,1,1
1173,7.404166666666667,3.05,5670.3218887834055,0.25,1.25,1
1174,1.4277777777777778,0.7666666666666667,5671.749666561183,0,1,1
1175,4.638888888888889,3.85,5676.388555450072,0,1,1
1176,1.4444444444444444,1.4166666666666667,5677.832999894516,0.3333333333333333,1.3333333333333333,1
1177,4.033333333333334,2.05,5681.86633322785,0.3333333333333333,1.6666666666666667,1
1178,3.811111111111112,3.6333333333333337,5685.677444338961,0.3333333333333333,1.3333333333333333,1
1179,16.86111111111111,4.05,5702.538555450073,0.3333333333333333,1.6666666666666667,1
1180,4.405555555555555,4.1,5706.944111005628,0.3333333333333333,1.6666666666666667,1
1181,11.633333333333335,2.7333333333333334,5718.577444338961,0,1,1
1182,7.333333333333335,2.55,5725.910777672294,0.3333333333333333,1.3333333333333333,1
1183,7.394444444444445,6.05,5733.305222116738,0.6666666666666666,2.3333333333333335,2
1184,1.1444444444444444,1.0833333333333333,5734.449666561182,0.3333333333333333,1.6666666666666667,1
1185,9.322222222222223,1.7833333333333334,5743.771888783404,0,1,1
1186,5.461111111111111,2,5749.232999894515,0.3333333333333333,1.3333333333333333,1
1187,1.6388888888888886,1.4166666666666667,5750.871888783404,0,1,1
1188,0.5499999999999999,0.5333333333333333,5751.421888783404,0,1,1
1189,1.1,0.9,5752.521888783404,0,1,1
1190,14.544444444444446,4.466666666666667,5767.066333227849,0.3333333333333333,1.3333333333333333,1
1191,1.138888888888889,1.1833333333333333,5768.205222116738,0,1,1
1192,2.005555555555556,1.9,5770.210777672293,0,1,1
1193,3.9111111111111114,3.666666666666667,5774.121888783405,0.3333333333333333,1.3333333333333333,1
1194,1.6500000000000001,1.1,5775.771888783404,0,1,1
1195,1.0333333333333332,0.85,5776.805222116738,0,1,1
1196,1.3833333333333333,0.9833333333333333,5778.188555450071,0,1,1
1197,3.4916666666666667,2.3,5781.680222116738,0,1,1
1198,4.883333333333334,3.6,5786.563555450071,0,1,1
1199,0.8416666666666667,0.75,5787.405222116738,0,1,1
1200,12.025,7.383333333333334,5799.430222116737,0,1,1
1201,2.65,1.8666666666666667,5802.080222116737,0,1,1
1202,2,1.3333333333333333,5804.080222116737,0,1,1
1203,8.433333333333334,1.35,5812.51355545007,0,1,1
1204,2.2416666666666667,1.9833333333333334,5814.755222116737,0,1,1
1205,2.1,1.1666666666666667,5816.855222116737,0,1,1
1206,0.9333333333333333,0.8,5817.788555450071,0,1,1
1207,2.1,1.4833333333333334,5819.888555450071,0,1,1
1208,5.391666666666667,3.25,5825.280222116738,0,1,1
1209,1.3083333333333333,0.9666666666666667,5826.588555450071,0,1,1
1210,1.775,1.6333333333333333,5828.363555450071,0,1,1
1211,1.55,1.1833333333333333,5829.913555450071,0,1,1
1212,1.8916666666666666,1.3166666666666667,5831.805222116737,0,1,1
1213,2.191666666666667,1.6833333333333333,5833.996888783404,0,1,1
1214,1.2944444444444445,1.2333333333333334,5835.291333227849,0,1,1
1215,4.894444444444445,2.0166666666666666,5840.185777672293,0,1,1
1216,59.87777777777777,9.8,5900.06355545007,0.3333333333333333,2.3333333333333335,1
1217,2.0277777777777777,1.8833333333333333,5902.091333227848,0,1,1
1218,6.522222222222222,7.6,5908.61355545007,0.3333333333333333,1.3333333333333333,1
1219,1.5888888888888888,1.55,5910.202444338958,0,1,1
1220,2.85,2.8,5913.052444338959,0,1,1
1221,6.655555555555556,3.3,5919.707999894514,0.3333333333333333,1.3333333333333333,1
1222,2.7944444444444443,2.3,5922.502444338958,0,1,1
1223,9.916666666666666,10.6,5932.419111005625,0.3333333333333333,1.3333333333333333,1
1224,22.7,6.033333333333333,5955.119111005625,0.3333333333333333,2,1
1225,4.061111111111111,3.3333333333333335,5959.180222116736,0.3333333333333333,2,1
1226,0.9416666666666667,0.7666666666666667,5960.121888783403,0,1,1
1227,2.9833333333333334,2.35,5963.1052221167365,0,1,1
1228,2.7416666666666667,1.7833333333333334,5965.846888783403,0,1,1
1229,3.2333333333333334,2.1166666666666667,5969.080222116737,0,1,1
1230,9.841666666666667,3.25,5978.921888783403,0,1,1
1231,2.2,1.55,5981.121888783403,0,1,1
1232,6.991666666666667,4.3,5988.11355545007,0,1,1
1233,3.3583333333333334,2,5991.471888783403,0,1,1
1234,1.925,1,5993.3968887834035,0,1,1
1235,1.5833333333333333,1.2,5994.9802221167365,0,1,1
1236,1.4333333333333333,1.05,5996.41355545007,0,1,1
1237,4.825,2.45,6001.23855545007,0,1,1
1238,2.1333333333333333,1.7666666666666666,6003.371888783403,0,1,1
1239,2.3666666666666663,2.183333333333333,6005.73855545007,0,1,1
1240,2.9166666666666665,2.9,6008.655222116737,0,1,1
1241,2.041666666666667,1.4833333333333334,6010.696888783404,0,1,1
1242,4.991666666666666,1.7833333333333334,6015.68855545007,0,1,1
1243,2.0500000000000003,1.5333333333333334,6017.738555450071,0,1,1
1244,4.233333333333333,2.283333333333333,6021.971888783404,0.5,1.5,1
1245,5.75,3.1333333333333333,6027.721888783404,0,1,1
1246,4.472222222222222,4.016666666666667,6032.194111005627,0,1,1
1247,2.216666666666667,1.8333333333333333,6034.410777672293,0,1,1
1248,3.8666666666666667,1.7666666666666666,6038.27744433896,0,1,1
1249,1.7333333333333334,1.9666666666666666,6040.010777672293,0,1,1
1250,7.294444444444444,7.916666666666667,6047.305222116738,0.3333333333333333,1.6666666666666667,1
1251,2.9555555555555557,2.6500000000000004,6050.260777672293,0.3333333333333333,1.3333333333333333,1
1252,1.5055555555555558,1.3666666666666667,6051.766333227849,0,1,1
1253,9.922222222222222,11.45,6061.688555450071,0,1,1
1254,1.25,1.1,6062.938555450071,0,1,1
1255,3.7166666666666663,2.3333333333333335,6066.655222116738,0,1,1
1256,2.3055555555555554,1.9666666666666666,6068.960777672293,0,1,1
1257,1.4222222222222223,1.3833333333333333,6070.382999894516,0,1,1
1258,3.761111111111111,1.7333333333333334,6074.144111005627,0,1,1
1259,2.3111111111111113,1.4333333333333333,6076.455222116738,0,1,1
1260,4.561111111111111,3.85,6081.016333227849,0,1,1
1261,3.1833333333333336,1.5333333333333334,6084.199666561182,0,1,1
1262,1.288888888888889,0.8833333333333333,6085.4885554500715,0,1,1
1263,5.105555555555555,5.35,6090.594111005627,0.3333333333333333,1.3333333333333333,1
1264,1.261111111111111,1.1166666666666667,6091.855222116738,0,1,1
1265,1.9444444444444446,1.3166666666666667,6093.799666561183,0,1,1
1266,2.577777777777778,2.55,6096.37744433896,0,1,1
1267,4.422222222222222,2.933333333333333,6100.799666561183,0,1,1
1268,8.844444444444443,2.566666666666667,6109.644111005628,0,1,1
1269,0.5277777777777778,0.45,6110.171888783405,0,1,1
1270,2.6111111111111107,1.8833333333333333,6112.782999894516,0.3333333333333333,1.6666666666666667,1
1271,1.4444444444444444,1.2666666666666666,6114.227444338961,0,1,1
1272,0.7555555555555555,0.6166666666666667,6114.982999894516,0,1,1
1273,2.8166666666666664,2.4166666666666665,6117.799666561183,0,1,1
1274,8.638888888888888,1.5166666666666666,6126.438555450071,0,1,1
1275,1.8166666666666664,1.7,6128.255222116738,0,1,1
1276,0.4666666666666666,0.38333333333333336,6128.721888783404,0,1,1
1277,12.872222222222225,16.916666666666668,6141.5941110056265,0,1,1
1278,1.472222222222222,1.2,6143.066333227849,0,1,1
1279,1.1500000000000001,1.3166666666666667,6144.216333227849,0,1,1
1280,3.1388888888888893,3.6333333333333333,6147.355222116737,0,1,1
1281,3.3333333333333335,2.7333333333333334,6150.68855545007,0,1,1
1282,2.0444444444444443,1.9166666666666667,6152.732999894515,0,1,1
1283,3.861111111111111,3.1,6156.5941110056265,0,1,1
1284,4.322222222222222,3.2333333333333334,6160.916333227849,0,1,1
1285,1.7055555555555557,1.4333333333333333,6162.621888783404,0,1,1
1286,9.9,10.466666666666667,6172.5218887834035,0,1,1
1287,12.966666666666669,2.85,6185.48855545007,0.3333333333333333,1.3333333333333333,1
1288,1.3916666666666666,1.2166666666666666,6186.880222116736,0,1,1
1289,0.9583333333333333,0.7333333333333333,6187.838555450069,0,1,1
1290,3.7,1.45,6191.538555450069,0,1,1
1291,5.316666666666666,2.966666666666667,6196.855222116736,0,1,1
1292,0.9833333333333334,0.9333333333333333,6197.838555450069,0,1,1
1293,1.8444444444444443,1.3833333333333333,6199.682999894514,0,1,1
1294,2.3333333333333335,1.7666666666666666,6202.016333227847,0,1,1
1295,1,0.8833333333333333,6203.016333227847,0,1,1
1296,2.755555555555556,2.216666666666667,6205.771888783403,0,1,1
1297,2.6444444444444444,1.9333333333333333,6208.416333227847,0,1,1
1298,1.7277777777777779,1.6,6210.144111005625,0,1,1
1299,1.472222222222222,1.3166666666666667,6211.6163332278475,0,1,1
1300,4.144444444444445,5,6215.760777672292,0,1,1
1301,3.35,2.8833333333333333,6219.110777672292,0,1,1
1302,3.8166666666666664,2.75,6222.927444338959,0,1,1
1303,1.9833333333333334,2,6224.910777672292,0,1,1
1304,1.8444444444444443,1.5,6226.755222116737,0,1,1
1305,7.538888888888889,4.116666666666666,6234.294111005626,0,1,1
1306,1.6611111111111108,1.4,6235.955222116738,0,1,1
1307,2.5611111111111113,1.9166666666666667,6238.516333227849,0,1,1
1308,6.822222222222223,7.283333333333333,6245.338555450071,0.3333333333333333,1.3333333333333333,1
1309,1.2444444444444442,1.1166666666666667,6246.5829998945155,0,1,1
1310,0.7944444444444446,0.7,6247.37744433896,0,1,1
1311,3.0944444444444446,3.0166666666666666,6250.471888783405,0,1,1
1312,2.0444444444444443,1.7333333333333334,6252.51633322785,0,1,1
1313,2.183333333333333,2.15,6254.699666561183,0,1,1
1314,22.405555555555555,2.45,6277.105222116738,0,1,1
1315,2.277777777777778,2.066666666666667,6279.382999894516,0,1,1
1316,3.2888888888888883,2.4166666666666665,6282.671888783405,0.3333333333333333,1.3333333333333333,1
1317,1.1944444444444444,0.95,6283.866333227849,0,1,1
1318,1.8111111111111111,1.55,6285.67744433896,0,1,1
1319,1.2166666666666666,1.0166666666666666,6286.894111005627,0,1,1
1320,5.705555555555556,3.283333333333333,6292.599666561182,0,1,1
1321,6.027777777777779,4.916666666666667,6298.627444338959,0,1,1
1322,3.111111111111111,3.35,6301.738555450071,0,1,1
1323,3.8666666666666667,2.8,6305.605222116737,0,1,1
1324,2.3444444444444446,2.4833333333333334,6307.949666561182,0,1,1
1325,2.472222222222222,2.75,6310.421888783405,0,1,1
1326,13.694444444444445,11.416666666666666,6324.116333227849,0,1,1
1327,4.361111111111111,2.9,6328.477444338961,0,1,1
1328,5.199999999999999,3.8,6333.67744433896,0,1,1
1329,1.4833333333333332,1.0666666666666667,6335.160777672294,0,1,1
1330,3.1055555555555556,3.6166666666666667,6338.26633322785,0,1,1
1331,4.388888888888888,3.033333333333333,6342.6552221167385,0,1,1
1332,4.566666666666666,2.1666666666666665,6347.221888783405,0,1,1
1333,1.6055555555555554,1.6666666666666667,6348.827444338961,0,1,1
1334,2.5666666666666664,2.3333333333333335,6351.394111005628,0,1,1
1335,4.222222222222222,3.583333333333333,6355.61633322785,0.6666666666666666,2,2
1336,5.45,1.65,6361.06633322785,0,1,1
1337,1.0444444444444443,1.05,6362.110777672295,0,1,1
1338,1.6611111111111112,1.4333333333333333,6363.771888783406,0,1,1
1339,1.4388888888888889,1.3833333333333333,6365.210777672295,0,1,1
1340,2.272222222222222,2.1666666666666665,6367.482999894517,0,1,1
1341,3.872222222222222,3.35,6371.355222116739,0,1,1
1342,3.7833333333333337,3.3,6375.138555450073,0.3333333333333333,1.3333333333333333,1
1343,8.433333333333334,2.3,6383.571888783406,0.3333333333333333,1.3333333333333333,1
1344,6.488888888888888,7.966666666666667,6390.060777672295,0.3333333333333333,1.6666666666666667,1
1345,5.061111111111111,4.066666666666666,6395.121888783407,0.3333333333333333,1.3333333333333333,1
1346,3.038888888888889,3.55,6398.160777672296,0,1,1
1347,2.611111111111111,2.433333333333333,6400.771888783407,0,1,1
1348,3.75,4.116666666666666,6404.521888783407,0,1,1
1349,3.1555555555555554,2.816666666666667,6407.677444338962,0.3333333333333333,1.3333333333333333,1
1350,0.8388888888888889,0.65,6408.516333227851,0,1,1
1351,2.4333333333333336,2.2333333333333334,6410.949666561184,0,1,1
1352,3.983333333333333,4.816666666666666,6414.932999894518,0,1,1
1353,1.4777777777777779,1.3166666666666667,6416.410777672296,0,1,1
1354,0.8611111111111112,0.8833333333333333,6417.271888783407,0,1,1
1355,1.2277777777777779,1.05,6418.499666561185,0,1,1
1356,4.8500000000000005,3.15,6423.349666561186,0,1,1
1357,0.7833333333333333,0.6833333333333333,6424.132999894519,0,1,1
1358,1.0722222222222222,0.8333333333333334,6425.205222116741,0,1,1
1359,1.7833333333333332,1.5166666666666666,6426.988555450075,0,1,1
1360,1.3555555555555554,1.1833333333333333,6428.344111005631,0,1,1
1361,4.038888888888889,3.1,6432.38299989452,0,1,1
1362,3.305555555555556,2.466666666666667,6435.688555450076,0,1,1
1363,4.5055555555555555,3.3333333333333335,6440.194111005631,0,1,1
1364,2.3777777777777778,1.8333333333333333,6442.571888783409,0,1,1
1365,3.9222222222222225,3.2,6446.494111005632,0,1,1
1366,1.7055555555555557,1.65,6448.199666561187,0,1,1
1367,2.8222222222222224,2.3833333333333333,6451.021888783409,0,1,1
1368,6.51111111111111,7.916666666666667,6457.53299989452,0,1,1
1369,3.033333333333333,3.15,6460.566333227854,0,1,1
1370,0.9055555555555556,0.8166666666666667,6461.471888783409,0,1,1
1371,1.1388888888888888,0.9666666666666667,6462.610777672297,0,1,1
1372,1.4666666666666668,1.2666666666666666,6464.077444338964,0,1,1
1373,3.0944444444444446,2.6,6467.171888783409,0,1,1
1374,4.577777777777778,2.95,6471.749666561186,0,1,1
1375,1.511111111111111,1.4166666666666667,6473.260777672297,0,1,1
1376,1.5166666666666668,1.2833333333333334,6474.7774443389635,0,1,1
1377,0.9222222222222222,0.7666666666666667,6475.699666561186,0,1,1
1378,1.3333333333333333,1.1333333333333333,6477.032999894519,0,1,1
1379,2.1166666666666667,1.7666666666666666,6479.149666561186,0,1,1
1380,2.272222222222222,2.35,6481.421888783408,0,1,1
1381,1.1166666666666665,0.95,6482.538555450074,0,1,1
1382,2.272222222222222,1.6666666666666667,6484.810777672296,0,1,1
1383,1.3916666666666666,1.3833333333333333,6486.202444338963,0,1,1
1384,2.6833333333333336,2.65,6488.885777672296,0,1,1
1385,2.0583333333333336,2.033333333333333,6490.94411100563,0,1,1
1386,1.8916666666666666,1.75,6492.835777672296,0,1,1
1387,1.7916666666666667,1.5166666666666666,6494.627444338963,0,1,1
1388,1.225,1.1833333333333333,6495.852444338963,0,1,1
1389,3.908333333333333,3.783333333333333,6499.760777672297,0,1,1
1390,1.1416666666666666,1.0833333333333333,6500.9024443389635,0,1,1
1391,1.2583333333333333,1.1333333333333333,6502.160777672297,0,1,1
1392,1.9833333333333334,0.9166666666666666,6504.14411100563,0.5,1.5,1
1393,14.55,1.3833333333333333,6518.6941110056305,0.5,1.5,1
1394,4.975,2.95,6523.669111005631,0,1,1
1395,0.9916666666666667,0.8,6524.660777672298,0,1,1
1396,5.008333333333334,3.1166666666666667,6529.669111005631,0,1,1
1397,0.7333333333333334,0.5666666666666667,6530.402444338964,0,1,1
1398,1.1333333333333333,1.1333333333333333,6531.535777672298,0,1,1
1399,1.5166666666666666,1.5166666666666666,6533.052444338964,0,1,1
1400,0.95,0.95,6534.002444338964,0,1,1
1401,2.1666666666666665,2.1666666666666665,6536.169111005631,0,1,1
1402,1.0333333333333332,1,6537.202444338965,0,1,1
1403,3.5083333333333333,2.5166666666666666,6540.710777672298,0.5,1.5,1
1404,9.358333333333334,2.533333333333333,6550.069111005631,0.5,2.5,1
1405,1.475,1.4666666666666666,6551.544111005632,0,1,1
1406,2.533333333333333,1.2666666666666666,6554.0774443389655,0.5,1.5,1
1407,1.5916666666666668,1.25,6555.669111005632,0,1,1
1408,18.191666666666666,3,6573.860777672298,0,1,1
1409,1.9583333333333333,1.7666666666666666,6575.819111005631,0.5,1.5,1
1410,1.75,1.7166666666666666,6577.569111005631,0,1,1
1411,0.875,0.6666666666666666,6578.444111005631,0,1,1
1412,1.3166666666666667,1.05,6579.760777672298,0,1,1
1413,1.8250000000000002,1.7833333333333334,6581.585777672298,0.5,2,1
1414,1.1416666666666666,1,6582.727444338964,0,1,1
1415,3.7750000000000004,3.1166666666666667,6586.502444338964,0.5,1.5,1
1416,21.71666666666667,1.8166666666666667,6608.21911100563,0.5,1.5,1
1417,60.375,1.55,6668.59411100563,0,1,1
1418,1.475,1.2166666666666666,6670.0691110056305,0,1,1
1419,1.0666666666666667,1.0666666666666667,6671.135777672297,0,1,1
1420,2.45,2.45,6673.585777672297,0,1,1
1421,1.8,1.8,6675.385777672297,0,1,1
1422,1.7333333333333334,1.7333333333333334,6677.119111005631,0,1,1
1423,3.45,3.45,6680.5691110056305,0,1,1
1424,1.05,1.05,6681.619111005631,0,1,1
1425,3.1,3.1,6684.719111005631,0,1,1
1426,1.0666666666666667,1.0666666666666667,6685.785777672298,0,1,1
1427,2.216666666666667,2.216666666666667,6688.002444338964,0,1,1
1428,3.583333333333333,3.3666666666666667,6691.585777672297,0,1,1
1429,0.8583333333333334,0.85,6692.4441110056305,0,1,1
1430,0.7583333333333333,0.7,6693.202444338964,0,1,1
1431,1.0166666666666666,1,6694.21911100563,0,1,1
1432,39.28333333333333,2.716666666666667,6733.502444338964,0.5,1.5,1
1433,1.5333333333333334,1.5333333333333334,6735.035777672298,0,1,1
1434,1.55,1.55,6736.585777672298,0,1,1
1435,1.1,1.1,6737.685777672298,0,1,1
1436,0.8666666666666667,0.8666666666666667,6738.552444338965,0,1,1
1437,1.2,1.2,6739.752444338965,0,1,1
1438,0.7833333333333333,0.7833333333333333,6740.5357776722985,0,1,1
1439,1.7,1.7,6742.235777672298,0,1,1
1440,1.9833333333333334,1.9833333333333334,6744.219111005632,1,2,2
1441,1.3,1.3,6745.519111005632,0,1,1
1442,2.216666666666667,2.216666666666667,6747.735777672298,0,1,1
1443,1.5333333333333334,1.5333333333333334,6749.269111005632,0,1,1
1444,2.783333333333333,2.4833333333333334,6752.052444338966,0.5,1.5,1
1445,30.258333333333333,12.55,6782.310777672299,0.5,3.5,1
1446,1.9916666666666667,1.6666666666666667,6784.302444338966,0,1,1
1447,18,5.55,6802.302444338966,0.5,4,1
1448,1.9166666666666667,1.9166666666666667,6804.219111005633,0,1,1
1449,1.0666666666666667,1.0666666666666667,6805.285777672299,0,1,1
1450,1.3,1.3,6806.5857776723,0,1,1
1451,1.8666666666666667,1.8666666666666667,6808.452444338966,0,1,1
1452,1.8166666666666667,1.8166666666666667,6810.269111005633,0,1,1
1453,1.55,1.55,6811.819111005633,0,1,1
1454,1.1833333333333333,1.1833333333333333,6813.002444338967,0,1,1
1455,14.566666666666666,14.566666666666666,6827.569111005633,0,1,1
1456,1.1,1.1,6828.669111005634,0,1,1
1457,1.1166666666666667,1.1166666666666667,6829.7857776723,0,1,1
1458,1.2333333333333334,1.2333333333333334,6831.019111005634,0,1,1
1459,1.9666666666666666,1.9666666666666666,6832.9857776723,0,1,1
1460,3.8833333333333333,3.8833333333333333,6836.869111005633,0,1,1
1461,1.4166666666666667,1.4166666666666667,6838.2857776723,0,1,1
1462,1.85,1.85,6840.135777672301,0,1,1
1463,0.95,0.95,6841.0857776723005,0,1,1
1464,1.2833333333333334,1.2833333333333334,6842.369111005634,0,1,1
1465,1.2166666666666666,1.2166666666666666,6843.5857776723005,0,1,1
1466,1.3666666666666667,1.3666666666666667,6844.952444338967,0,1,1
1467,3.8333333333333335,3.8333333333333335,6848.7857776723,0,1,1
1468,1.3833333333333333,1.3833333333333333,6850.169111005634,0,1,1
1469,0.7,0.7,6850.869111005633,0,1,1
1470,0.8833333333333333,0.8833333333333333,6851.752444338967,0,1,1
1471,1.3166666666666667,1.3166666666666667,6853.069111005633,0,1,1
1472,1.15,1.15,6854.219111005633,0,1,1
1473,2.283333333333333,2.283333333333333,6856.502444338967,0,1,1
1474,1.25,1.25,6857.752444338967,0,1,1
1475,0.9,0.9,6858.652444338966,0,1,1
1476,2.3833333333333333,2.3833333333333333,6861.035777672299,0,1,1
1477,1.1,1.1,6862.1357776723,0,1,1
1478,0.9166666666666666,0.9166666666666666,6863.052444338967,0,1,1
1479,1.7166666666666666,1.7166666666666666,6864.769111005633,0,1,1
1480,2.55,2.55,6867.319111005633,0,1,1
1481,4.133333333333334,4.133333333333334,6871.452444338966,0,1,1
1482,1.5666666666666667,1.5666666666666667,6873.019111005633,0,1,1
1483,2.2333333333333334,2.2333333333333334,6875.252444338967,0,1,1
1484,2.15,2.15,6877.402444338966,0,1,1
1485,2.15,2.15,6879.552444338966,0,1,1
1486,1.8,1.8,6881.352444338966,0,1,1
1487,2.45,2.45,6883.802444338966,0,1,1
1488,5.65,5.65,6889.4524443389655,0,1,1
1489,0.9333333333333333,0.9333333333333333,6890.385777672299,0,1,1
1490,1.2833333333333334,1.2833333333333334,6891.669111005633,0,1,1
1491,1.45,1.45,6893.1191110056325,0,1,1
1492,2.533333333333333,2.533333333333333,6895.652444338966,0,1,1
1493,1.2666666666666666,1.2666666666666666,6896.919111005633,0,1,1
1494,0.6666666666666666,0.6666666666666666,6897.5857776723,0,1,1
1495,3.066666666666667,3.066666666666667,6900.652444338966,0,1,1
1496,1.2833333333333334,1.2833333333333334,6901.9357776723,0,1,1
1497,1.9666666666666666,1.9666666666666666,6903.902444338966,0,1,1
1498,1.0333333333333334,1.0333333333333334,6904.9357776723,0,1,1
1499,1.3333333333333333,1.3333333333333333,6906.269111005633,0,1,1
1500,2.8,2.8,6909.069111005633,0,1,1
1501,1.6833333333333333,1.6833333333333333,6910.752444338967,0,1,1
1502,3.566666666666667,3.566666666666667,6914.319111005633,0,1,1
1503,1.0666666666666667,1.0666666666666667,6915.3857776723,0,1,1
1504,0.8,0.8,6916.1857776723,0,1,1
1505,1.3333333333333333,1.3333333333333333,6917.519111005633,0,1,1
1506,2.4833333333333334,2.4833333333333334,6920.002444338967,0,1,1
1507,2.316666666666667,2.316666666666667,6922.319111005633,0,1,1
1508,3.25,3.25,6925.569111005633,0,1,1
1509,1.2666666666666666,1.2666666666666666,6926.8357776723,0,1,1
1510,0.7333333333333333,0.7333333333333333,6927.569111005633,0,1,1
1511,1.5666666666666667,1.5666666666666667,6929.1357776723,0,1,1
1512,1.5166666666666666,1.5166666666666666,6930.652444338966,0,1,1
1513,1.6166666666666667,1.6166666666666667,6932.269111005633,0,1,1
1514,2.5833333333333335,2.5833333333333335,6934.852444338966,0,1,1
1515,2.316666666666667,2.316666666666667,6937.169111005633,0,1,1
1516,1.2666666666666666,1.2666666666666666,6938.435777672299,0,1,1
1517,0.95,0.95,6939.385777672299,0,1,1
1518,1.4166666666666667,1.4166666666666667,6940.802444338966,0,1,1
1519,1.2166666666666666,1.2166666666666666,6942.019111005632,0,1,1
1520,1.2333333333333334,1.2333333333333334,6943.252444338966,0,1,1
1521,2.5,2.5,6945.752444338966,0,1,1
1522,1.55,1.55,6947.302444338966,0,1,1
1523,1.55,1.55,6948.852444338966,0,1,1
1524,1.1333333333333333,1.1333333333333333,6949.985777672299,0,1,1
1525,1.6333333333333333,1.6333333333333333,6951.6191110056325,0,1,1
1526,1.9,1.9,6953.519111005632,0,1,1
1527,5.233333333333333,5.233333333333333,6958.752444338966,0,1,1
1528,4.15,4.15,6962.902444338965,0,1,1
1529,0.55,0.55,6963.4524443389655,0,1,1
1530,0.9,0.9,6964.352444338965,0,1,1
1531,1.2333333333333334,1.2333333333333334,6965.585777672299,0,1,1
1532,1.1666666666666667,1.1666666666666667,6966.752444338966,0,1,1
1533,3.5166666666666666,3.5166666666666666,6970.269111005632,0,1,1
1534,10.883333333333333,10.883333333333333,6981.152444338965,0,1,1
1535,2.216666666666667,2.216666666666667,6983.369111005632,0,1,1
1536,0.8666666666666667,0.8666666666666667,6984.235777672298,0,1,1
1537,1.2333333333333334,1.2333333333333334,6985.469111005632,0,1,1
1538,1.4,1.4,6986.869111005632,0,1,1
1539,0.95,0.95,6987.819111005631,0,1,1
1540,4.8,4.8,6992.619111005632,0,1,1
1541,3.9833333333333334,3.9833333333333334,6996.602444338965,0,1,1
1542,1.4333333333333333,1.4333333333333333,6998.0357776722985,0,1,1
1543,2.3,2.3,7000.335777672299,0,1,1
1544,1.0833333333333333,1.0833333333333333,7001.419111005632,0,1,1
1545,1.9333333333333333,1.9333333333333333,7003.352444338965,0,1,1
1546,4.766666666666667,4.766666666666667,7008.119111005632,0,1,1
1547,2.3333333333333335,2.3333333333333335,7010.452444338965,0,1,1
1548,2.1166666666666667,2.1166666666666667,7012.569111005631,0,1,1
1549,0.95,0.95,7013.519111005631,0,1,1
1550,1.6833333333333333,1.6833333333333333,7015.202444338965,0,1,1
1551,1.6166666666666667,1.6166666666666667,7016.819111005631,0,1,1
1552,1.4333333333333333,1.4333333333333333,7018.252444338965,0,1,1
1553,2.0166666666666666,2.0166666666666666,7020.269111005631,0,1,1
1554,1.15,1.15,7021.419111005631,0,1,1
1555,1.1666666666666667,1.1666666666666667,7022.585777672298,0,1,1
1556,2.0833333333333335,2.0833333333333335,7024.669111005631,0,1,1
1557,1.2,1.2,7025.869111005631,0,1,1
1558,1.0333333333333334,1.0333333333333334,7026.902444338964,0,1,1
1559,1.9333333333333333,1.9333333333333333,7028.835777672298,0,1,1
1560,1.3166666666666667,1.3166666666666667,7030.152444338964,0,1,1
1561,2.3333333333333335,2.3333333333333335,7032.485777672297,0,1,1
1562,1.9833333333333334,1.9833333333333334,7034.469111005631,0,1,1
1563,2.2666666666666666,2.2666666666666666,7036.735777672297,0,1,1
1564,1.4,1.4,7038.135777672297,0,1,1
1565,1.2,1.2,7039.335777672297,0,1,1
1566,1,1,7040.335777672297,0,1,1
1567,2.1166666666666667,2.1166666666666667,7042.452444338964,0,1,1
1568,2.3333333333333335,2.3333333333333335,7044.785777672297,0,1,1
1569,1.6333333333333333,1.6333333333333333,7046.41911100563,0,1,1
1570,1.05,1.05,7047.46911100563,0,1,1
1571,1.4,1.4,7048.86911100563,0,1,1
1572,1.4666666666666666,1.4666666666666666,7050.335777672296,0,1,1
1573,0.9166666666666666,0.9166666666666666,7051.252444338963,0,1,1
1574,12.583333333333334,12.583333333333334,7063.835777672296,0,1,1
1575,1.8833333333333333,1.8833333333333333,7065.719111005629,0,1,1
1576,1.3833333333333333,1.3833333333333333,7067.102444338962,0,1,1
1577,1.1,1.1,7068.202444338963,0,1,1
1578,1.0166666666666666,1.0166666666666666,7069.219111005629,0,1,1
1579,6.683333333333334,6.683333333333334,7075.902444338963,0,1,1
1580,1.8,1.8,7077.702444338963,0,1,1
1581,1.1833333333333333,1.1833333333333333,7078.885777672296,0,1,1
1582,2.033333333333333,2.033333333333333,7080.91911100563,0,1,1
1583,1.6833333333333333,1.6833333333333333,7082.602444338963,0,1,1
1584,2.9,2.9,7085.502444338963,0,1,1
1585,1.4,1.4,7086.902444338963,0,1,1
1586,1.5833333333333333,1.5833333333333333,7088.485777672296,0,1,1
1587,2.1333333333333333,2.1333333333333333,7090.619111005629,0,1,1
1588,0.8,0.8,7091.419111005629,0,1,1
1589,0.8166666666666667,0.8166666666666667,7092.235777672296,0,1,1
1590,1.45,1.45,7093.685777672295,0,1,1
1591,1.05,1.05,7094.735777672296,0,1,1
1592,1.7666666666666666,1.7666666666666666,7096.502444338962,0,1,1
1593,1.8166666666666667,1.8166666666666667,7098.319111005629,0,1,1
1594,1.7,1.7,7100.0191110056285,0,1,1
1595,0.7833333333333333,0.7833333333333333,7100.802444338962,0,1,1
1596,1.2,1.2,7102.002444338962,0,1,1
1597,1.35,1.35,7103.352444338962,0,1,1
1598,1.1333333333333333,1.1333333333333333,7104.485777672296,0,1,1
1599,1.35,1.35,7105.835777672296,0,1,1
1600,2.6333333333333333,2.6333333333333333,7108.469111005629,0,1,1