level,start,Start Level %,Complete Level %,Win Rate %,During Level %,Between Level %,fail rate %,churn rate %
1,554,0.9358108108108109,0.9290540540540541,0.9927797833935018,-0.006756756756756757,null,0,0.0072202166064981865
2,528,0.8918918918918919,0.8918918918918919,1,0,-0.04,0,0
3,512,0.8648648648648649,0.8665540540540541,1.001953125,0.0016891891891891893,-0.030303030303030304,0.007575757575757569,-0.001953125
4,499,0.8429054054054054,0.8429054054054054,1,0,-0.02729044834307992,0.003929273084479323,0
5,491,0.8293918918918919,0.831081081081081,1.0020366598778003,0.0016891891891891893,-0.01603206412825651,0.001980198019801982,-0.0020366598778003286
6,482,0.8141891891891891,0.8141891891891891,1,0,-0.02032520325203252,0.012170385395537497,0
7,472,0.7972972972972973,0.7972972972972973,1,0,-0.02074688796680498,0.0041753653444676075,0
8,414,0.6993243243243243,0.7010135135135135,1.002415458937198,0.0016891891891891893,-0.12101910828025478,0,-0.0024154589371980784
9,396,0.668918918918919,0.668918918918919,1,0,-0.04578313253012048,0.0024875621890547706,0
10,383,0.6469594594594594,0.6418918918918919,0.9921671018276762,-0.005067567567567568,-0.030379746835443037,0.025380710659898442,0.007832898172323799
11,353,0.5962837837837838,0.5929054054054054,0.9943342776203966,-0.0033783783783783786,-0.07105263157894737,0.021563342318059342,0.005665722379603388
12,334,0.5641891891891891,0.5658783783783784,1.0029940119760479,0.0016891891891891893,-0.04843304843304843,0,-0.0029940119760478723
13,326,0.5506756756756757,0.5489864864864865,0.9969325153374233,-0.0016891891891891893,-0.026865671641791045,0.03779069767441856,0.0030674846625766694
14,309,0.5219594594594594,0.5202702702702703,0.9967637540453075,-0.0016891891891891893,-0.046296296296296294,0.020771513353115778,0.003236245954692518
15,292,0.49324324324324326,0.49324324324324326,1,0,-0.048859934853420196,0.019867549668874163,0
16,286,0.4831081081081081,0.4831081081081081,1,0,-0.02054794520547945,0,0
17,281,0.47466216216216217,0.47466216216216217,1,0,-0.017482517482517484,0,0
18,278,0.46959459459459457,0.46959459459459457,1,0,-0.010676156583629894,0,0
19,269,0.4543918918918919,0.4543918918918919,1,0,-0.03237410071942446,0,0
20,264,0.44594594594594594,0.44594594594594594,1,0,-0.01858736059479554,0.02857142857142858,0
21,256,0.43243243243243246,0.4239864864864865,0.98046875,-0.008445945945945946,-0.030303030303030304,0.1523809523809524,0.01953125
22,241,0.40709459459459457,0.40709459459459457,1,0,-0.036,0.004048582995951455,0
23,236,0.39864864864864863,0.39864864864864863,1,0,-0.02074688796680498,0.012345679012345734,0
24,231,0.3902027027027027,0.3918918918918919,1.0043290043290043,0.0016891891891891893,-0.0211864406779661,0.025104602510460206,-0.0043290043290042934
25,229,0.38682432432432434,0.38344594594594594,0.9912663755458515,-0.0033783783783783786,-0.017167381974248927,0.020491803278688492,0.008733624454148492
26,223,0.3766891891891892,0.3766891891891892,1,0,-0.01327433628318584,0,0
27,222,0.375,0.3766891891891892,1.0045045045045045,0.0016891891891891893,-0.004484304932735426,0.004132231404958664,-0.0045045045045044585
28,216,0.36486486486486486,0.36486486486486486,1,0,-0.03139013452914798,0.004608294930875556,0
29,213,0.3597972972972973,0.3597972972972973,1,0,-0.013888888888888888,0,0
30,209,0.3530405405405405,0.3547297297297297,1.0047846889952152,0.0016891891891891893,-0.018779342723004695,0,-0.004784688995215225
31,204,0.34459459459459457,0.34459459459459457,1,0,-0.023923444976076555,0,0
32,205,0.34628378378378377,0.34459459459459457,0.9951219512195122,-0.0016891891891891893,0.004901960784313725,0,0.004878048780487809
33,201,0.33952702702702703,0.33952702702702703,1,0,-0.014705882352941176,0,0
34,197,0.3327702702702703,0.3310810810810811,0.9949238578680203,-0.0016891891891891893,-0.01990049751243781,0.02450980392156865,0.005076142131979711
35,193,0.3260135135135135,0.3260135135135135,1,0,-0.015306122448979591,0,0
36,192,0.32432432432432434,0.32432432432432434,1,0,-0.0051813471502590676,0.00995024875621886,0
37,186,0.3141891891891892,0.3141891891891892,1,0,-0.03125,0.0505050505050505,0
38,181,0.30574324324324326,0.30574324324324326,1,0,-0.026881720430107527,0,0
39,182,0.30743243243243246,0.30743243243243246,1,0,0.0055248618784530384,0.005376344086021501,0
40,181,0.30574324324324326,0.30574324324324326,1,0,-0.005494505494505495,0.07070707070707072,0
41,175,0.2956081081081081,0.2956081081081081,1,0,-0.03314917127071823,0.016574585635359074,0
42,175,0.2956081081081081,0.2922297297297297,0.9885714285714285,-0.0033783783783783786,0,0.048648648648648596,0.011428571428571455
43,168,0.28378378378378377,0.28378378378378377,1,0,-0.028901734104046242,0.011560693641618491,0
44,166,0.28040540540540543,0.27871621621621623,0.9939759036144579,-0.0016891891891891893,-0.011904761904761904,0,0.0060240963855421326
45,163,0.27533783783783783,0.27533783783783783,1,0,-0.012121212121212121,0,0
46,162,0.27364864864864863,0.27364864864864863,1,0,-0.006134969325153374,0.018181818181818188,0
47,160,0.2702702702702703,0.2702702702702703,1,0,-0.012345679012345678,0,0
48,157,0.2652027027027027,0.2652027027027027,1,0,-0.01875,0.018750000000000044,0
49,157,0.2652027027027027,0.2652027027027027,1,0,0,0.01851851851851849,0
50,155,0.26182432432432434,0.26182432432432434,1,0,-0.012738853503184714,0.04790419161676651,0
51,152,0.25675675675675674,0.25675675675675674,1,0,-0.01935483870967742,0,0
52,153,0.25844594594594594,0.25844594594594594,1,0,0.006578947368421052,0,0
53,152,0.25675675675675674,0.25675675675675674,1,0,-0.006535947712418301,0,0
54,151,0.25506756756756754,0.25506756756756754,1,0,-0.006578947368421052,0.01948051948051943,0
55,149,0.2516891891891892,0.2516891891891892,1,0,-0.013245033112582781,0,0
56,148,0.25,0.25,1,0,-0.006711409395973154,0,0
57,147,0.2483108108108108,0.2483108108108108,1,0,-0.006756756756756757,0,0
58,148,0.25,0.25,1,0,0.006802721088435374,0,0
59,146,0.24662162162162163,0.2483108108108108,1.0068493150684932,0.0016891891891891893,-0.013513513513513514,0.04347826086956519,-0.006849315068493178
60,147,0.2483108108108108,0.24324324324324326,0.9795918367346939,-0.005067567567567568,0,0.07058823529411762,0.020408163265306145
61,142,0.23986486486486486,0.23986486486486486,1,0,-0.006993006993006993,0.006849315068493178,0
62,141,0.23817567567567569,0.23817567567567569,1,0,-0.007042253521126761,0.1797752808988764,0
63,138,0.23310810810810811,0.22972972972972974,0.9855072463768116,-0.0033783783783783786,-0.02127659574468085,0.2134831460674157,0.01449275362318836
64,136,0.22972972972972974,0.22804054054054054,0.9926470588235294,-0.0016891891891891893,-0.0072992700729927005,0.0357142857142857,0.007352941176470562
65,134,0.22635135135135134,0.22635135135135134,1,0,-0.007407407407407408,0.035211267605633756,0
66,130,0.2195945945945946,0.22128378378378377,1.0076923076923077,0.0016891891891891893,-0.029850746268656716,0,-0.007692307692307665
67,130,0.2195945945945946,0.2195945945945946,1,0,0,0,0
68,127,0.21452702702702703,0.21452702702702703,1,0,-0.023076923076923078,0,0
69,125,0.21114864864864866,0.21114864864864866,1,0,-0.015748031496062992,0,0
70,125,0.21114864864864866,0.20945945945945946,0.992,-0.0016891891891891893,0,0.03125,0.008000000000000007
71,123,0.20777027027027026,0.20777027027027026,1,0,-0.008064516129032258,0.0078125,0
72,121,0.20439189189189189,0.20270270270270271,0.9917355371900827,-0.0016891891891891893,-0.016260162601626018,0,0.008264462809917328
73,119,0.20101351351351351,0.20270270270270271,1.0084033613445378,0.0016891891891891893,-0.008333333333333333,0,-0.008403361344537785
74,117,0.19763513513513514,0.19763513513513514,1,0,-0.025,0.01680672268907568,0
75,117,0.19763513513513514,0.19763513513513514,1,0,0,0.008474576271186418,0
76,117,0.19763513513513514,0.19763513513513514,1,0,0,0.008333333333333304,0
77,116,0.19594594594594594,0.19594594594594594,1,0,-0.008547008547008548,0.09230769230769231,0
78,116,0.19594594594594594,0.19594594594594594,1,0,0,0,0
79,117,0.19763513513513514,0.19932432432432431,1.0085470085470085,0.0016891891891891893,0,0.016528925619834656,-0.008547008547008517
80,118,0.19932432432432431,0.19932432432432431,1,0,0,0,0
81,117,0.19763513513513514,0.19763513513513514,1,0,-0.00847457627118644,0.031746031746031744,0
82,115,0.19425675675675674,0.19425675675675674,1,0,-0.017094017094017096,0.016949152542372836,0
83,116,0.19594594594594594,0.19594594594594594,1,0,0.008695652173913044,0.01680672268907568,0
84,116,0.19594594594594594,0.19594594594594594,1,0,0,0.025210084033613467,0
85,112,0.1891891891891892,0.1891891891891892,1,0,-0.034482758620689655,0.03361344537815125,0
86,111,0.1875,0.1875,1,0,-0.008928571428571428,0,0
87,111,0.1875,0.1875,1,0,0,0.07499999999999996,0
88,111,0.1875,0.1875,1,0,0,0,0
89,110,0.1858108108108108,0.1858108108108108,1,0,-0.009009009009009009,0,0
90,111,0.1875,0.1875,1,0,0.00909090909090909,0.09599999999999997,0
91,111,0.1875,0.1875,1,0,0,0.008928571428571397,0
92,110,0.1858108108108108,0.18412162162162163,0.990909090909091,-0.0016891891891891893,-0.009009009009009009,0.13178294573643412,0.009090909090909038
93,111,0.1875,0.1875,1,0,0.01834862385321101,0,0
94,108,0.18243243243243243,0.18243243243243243,1,0,-0.02702702702702703,0.008928571428571397,0
95,107,0.18074324324324326,0.18074324324324326,1,0,-0.009259259259259259,0,0
96,107,0.18074324324324326,0.18074324324324326,1,0,0,0,0
97,103,0.17398648648648649,0.16722972972972974,0.9611650485436893,-0.006756756756756757,-0.037383177570093455,0.3026315789473685,0.03883495145631066
98,97,0.16385135135135134,0.16216216216216217,0.9896907216494846,-0.0016891891891891893,-0.020202020202020204,0.03960396039603964,0.010309278350515427
99,95,0.16047297297297297,0.16047297297297297,1,0,-0.010416666666666666,0.010309278350515427,0
100,95,0.16047297297297297,0.16216216216216217,1.0105263157894737,0.0016891891891891893,0,0,-0.010526315789473717
101,95,0.16047297297297297,0.16047297297297297,1,0,-0.010416666666666666,0,0
102,96,0.16216216216216217,0.16216216216216217,1,0,0.010526315789473684,0.020408163265306145,0
103,94,0.15878378378378377,0.15878378378378377,1,0,-0.020833333333333332,0.05714285714285716,0
104,94,0.15878378378378377,0.16047297297297297,1.0106382978723405,0.0016891891891891893,0,0.14876033057851235,-0.010638297872340496
105,92,0.1554054054054054,0.15371621621621623,0.9891304347826086,-0.0016891891891891893,-0.02127659574468085,0.010638297872340385,0.010869565217391353
106,92,0.1554054054054054,0.1554054054054054,1,0,0.01098901098901099,0.010752688172043001,0
107,93,0.1570945945945946,0.1570945945945946,1,0,0.010869565217391304,0,0
108,93,0.1570945945945946,0.1570945945945946,1,0,0,0.06060606060606055,0
109,92,0.1554054054054054,0.1554054054054054,1,0,-0.010752688172043012,0.010638297872340385,0
110,89,0.15033783783783783,0.15033783783783783,1,0,-0.03260869565217391,0.061224489795918324,0
111,90,0.15202702702702703,0.15033783783783783,0.9888888888888889,-0.0016891891891891893,0.011235955056179775,0,0.011111111111111072
112,85,0.14358108108108109,0.14358108108108109,1,0,-0.03409090909090909,0.011494252873563204,0
113,83,0.14020270270270271,0.14189189189189189,1.0120481927710843,0.0016891891891891893,-0.023529411764705882,0.07526881720430112,-0.012048192771084265
114,83,0.14020270270270271,0.14020270270270271,1,0,-0.011904761904761904,0.011904761904761862,0
115,84,0.14189189189189189,0.14189189189189189,1,0,0.012048192771084338,0.011627906976744207,0
116,84,0.14189189189189189,0.14189189189189189,1,0,0,0.022222222222222254,0
117,84,0.14189189189189189,0.14189189189189189,1,0,-0.011764705882352941,0.0561797752808989,0
118,85,0.14358108108108109,0.14189189189189189,0.9882352941176471,-0.0016891891891891893,0.011904761904761904,0.0337078651685393,0.0117647058823529
119,84,0.14189189189189189,0.14189189189189189,1,0,0,0.011494252873563204,0
120,85,0.14358108108108109,0.14358108108108109,1,0,0.011904761904761904,0.0444444444444444,0
121,85,0.14358108108108109,0.14358108108108109,1,0,0,0.03409090909090906,0
122,85,0.14358108108108109,0.14358108108108109,1,0,0,0,0
123,84,0.14189189189189189,0.14189189189189189,1,0,-0.011764705882352941,0,0
124,84,0.14189189189189189,0.14189189189189189,1,0,0,0.1826923076923077,0
125,82,0.13851351351351351,0.13851351351351351,1,0,-0.023809523809523808,0.0888888888888889,0
126,81,0.13682432432432431,0.13682432432432431,1,0,-0.012195121951219513,0.012195121951219523,0
127,81,0.13682432432432431,0.13851351351351351,1.0123456790123457,0.0016891891891891893,0,0.0786516853932584,-0.012345679012345734
128,82,0.13851351351351351,0.13851351351351351,1,0,0,0,0
129,82,0.13851351351351351,0.13682432432432431,0.9878048780487805,-0.0016891891891891893,0,0.012048192771084376,0.012195121951219523
130,80,0.13513513513513514,0.13513513513513514,1,0,-0.012345679012345678,0,0
131,80,0.13513513513513514,0.13513513513513514,1,0,0,0.03614457831325302,0
132,78,0.13175675675675674,0.13175675675675674,1,0,-0.025,0,0
133,75,0.1266891891891892,0.1266891891891892,1,0,-0.038461538461538464,0.012499999999999956,0
134,74,0.125,0.125,1,0,-0.013333333333333334,0,0
135,75,0.1266891891891892,0.1266891891891892,1,0,0.013513513513513514,0.14432989690721654,0
136,75,0.1266891891891892,0.1266891891891892,1,0,0,0.10465116279069764,0
137,73,0.12331081081081081,0.12331081081081081,1,0,-0.02666666666666667,0.025000000000000022,0
138,73,0.12331081081081081,0.12331081081081081,1,0,0,0.026666666666666616,0
139,73,0.12331081081081081,0.12331081081081081,1,0,0,0.012820512820512775,0
140,74,0.125,0.125,1,0,0.0136986301369863,0,0
141,75,0.1266891891891892,0.1266891891891892,1,0,0.013513513513513514,0.025974025974025983,0
142,77,0.13006756756756757,0.13006756756756757,1,0,0.02666666666666667,0.04878048780487809,0
143,75,0.1266891891891892,0.1266891891891892,1,0,-0.025974025974025976,0.025974025974025983,0
144,74,0.125,0.125,1,0,-0.013333333333333334,0.11363636363636365,0
145,74,0.125,0.125,1,0,-0.013333333333333334,0,0
146,74,0.125,0.125,1,0,0,0.038961038961038974,0
147,74,0.125,0.125,1,0,0,0.1071428571428571,0
148,73,0.12331081081081081,0.12331081081081081,1,0,-0.013513513513513514,0,0
149,73,0.12331081081081081,0.12331081081081081,1,0,0,0,0
150,73,0.12331081081081081,0.12331081081081081,1,0,0,0.038961038961038974,0
151,72,0.12162162162162163,0.12162162162162163,1,0,0,0,0
152,72,0.12162162162162163,0.12162162162162163,1,0,0,0.03947368421052633,0
153,72,0.12162162162162163,0.12162162162162163,1,0,0,0.18556701030927836,0
154,71,0.11993243243243243,0.11824324324324324,0.9859154929577465,-0.0016891891891891893,-0.013888888888888888,0.07692307692307687,0.014084507042253502
155,71,0.11993243243243243,0.11993243243243243,1,0,0,0.013698630136986356,0
156,68,0.11486486486486487,0.11486486486486487,1,0,-0.02857142857142857,0,0
157,68,0.11486486486486487,0.11486486486486487,1,0,0,0.01388888888888884,0
158,68,0.11486486486486487,0.11486486486486487,1,0,0,0.02857142857142858,0
159,69,0.11655405405405406,0.11486486486486487,0.9855072463768116,-0.0016891891891891893,0.014705882352941176,0.04166666666666663,0.01449275362318836
160,68,0.11486486486486487,0.11486486486486487,1,0,0,0.01449275362318836,0
161,69,0.11655405405405406,0.11655405405405406,1,0,0.014705882352941176,0.04109589041095896,0
162,69,0.11655405405405406,0.11655405405405406,1,0,0,0.014084507042253502,0
163,67,0.11317567567567567,0.11317567567567567,1,0,-0.028985507246376812,0.02898550724637683,0
164,67,0.11317567567567567,0.11317567567567567,1,0,0,0.04166666666666663,0
165,68,0.11486486486486487,0.11655405405405406,1.0147058823529411,0.0016891891891891893,0,0.13580246913580252,-0.014705882352941124
166,68,0.11486486486486487,0.11486486486486487,1,0,-0.014492753623188406,0.09090909090909094,0
167,66,0.11148648648648649,0.11148648648648649,1,0,-0.014925373134328358,0,0
168,66,0.11148648648648649,0.10810810810810811,0.9696969696969697,-0.0033783783783783786,0,0.3418803418803419,0.030303030303030276
169,63,0.10641891891891891,0.10472972972972973,0.9841269841269841,-0.0016891891891891893,-0.015625,0.03125,0.015873015873015928
170,63,0.10641891891891891,0.10641891891891891,1,0,0.016129032258064516,0.08695652173913049,0
171,64,0.10810810810810811,0.10810810810810811,1,0,0,0,0
172,63,0.10641891891891891,0.10810810810810811,1.0158730158730158,0.0016891891891891893,-0.015625,0.04477611940298509,-0.015873015873015817
173,64,0.10810810810810811,0.10810810810810811,1,0,0,0.01538461538461533,0
174,63,0.10641891891891891,0.10641891891891891,1,0,-0.015625,0.05633802816901412,0
175,63,0.10641891891891891,0.10472972972972973,0.9841269841269841,-0.0016891891891891893,0,0.030303030303030276,0.015873015873015928
176,62,0.10472972972972973,0.10472972972972973,1,0,0,0,0
177,62,0.10472972972972973,0.10472972972972973,1,0,0,0.015873015873015928,0
178,62,0.10472972972972973,0.10472972972972973,1,0,0,0.03125,0
179,62,0.10472972972972973,0.10472972972972973,1,0,0,0.03125,0
180,62,0.10472972972972973,0.10472972972972973,1,0,0,0,0
181,61,0.10304054054054054,0.10304054054054054,1,0,-0.016129032258064516,0.03125,0
182,60,0.10135135135135136,0.10304054054054054,1.0166666666666666,0.0016891891891891893,-0.01639344262295082,0.016129032258064502,-0.016666666666666607
183,60,0.10135135135135136,0.10135135135135136,1,0,-0.01639344262295082,0.016393442622950838,0
184,61,0.10304054054054054,0.10304054054054054,1,0,0.016666666666666666,0.031746031746031744,0
185,60,0.10135135135135136,0.10135135135135136,1,0,-0.01639344262295082,0.04761904761904767,0
186,60,0.10135135135135136,0.10135135135135136,1,0,0,0.031746031746031744,0
187,60,0.10135135135135136,0.10135135135135136,1,0,0,0,0
188,60,0.10135135135135136,0.10135135135135136,1,0,0,0.15068493150684936,0
189,58,0.09797297297297297,0.0945945945945946,0.9655172413793104,-0.0033783783783783786,-0.01694915254237288,0.38613861386138615,0.03448275862068961
190,55,0.0929054054054054,0.0929054054054054,1,0,-0.017857142857142856,0.05084745762711862,0
191,56,0.0945945945945946,0.0945945945945946,1,0,0.01818181818181818,0,0
192,56,0.0945945945945946,0.0929054054054054,0.9821428571428571,-0.0016891891891891893,0,0.01754385964912286,0.017857142857142905
193,55,0.0929054054054054,0.0929054054054054,1,0,0,0.049180327868852514,0
194,57,0.09628378378378379,0.09628378378378379,1,0,0.03636363636363636,0.016949152542372836,0
195,58,0.09797297297297297,0.09797297297297297,1,0,0,0.01666666666666672,0
196,56,0.0945945945945946,0.0929054054054054,0.9821428571428571,-0.0016891891891891893,-0.034482758620689655,0.18309859154929575,0.017857142857142905
197,55,0.0929054054054054,0.0929054054054054,1,0,0,0,0
198,55,0.0929054054054054,0.0929054054054054,1,0,0,0,0
199,55,0.0929054054054054,0.0929054054054054,1,0,0,0,0
200,56,0.0945945945945946,0.0945945945945946,1,0,0.01818181818181818,0,0
201,57,0.09628378378378379,0.09628378378378379,1,0,0.017857142857142856,0.016949152542372836,0
202,57,0.09628378378378379,0.09628378378378379,1,0,0.017857142857142856,0.049180327868852514,0
203,57,0.09628378378378379,0.09628378378378379,1,0,0,0.13235294117647056,0
204,57,0.09628378378378379,0.09628378378378379,1,0,-0.017241379310344827,0.017241379310344862,0
205,58,0.09797297297297297,0.09797297297297297,1,0,0.017543859649122806,0.01666666666666672,0
206,57,0.09628378378378379,0.09628378378378379,1,0,-0.017241379310344827,0.049180327868852514,0
207,57,0.09628378378378379,0.09628378378378379,1,0,0,0.017241379310344862,0
208,56,0.0945945945945946,0.0945945945945946,1,0,-0.017543859649122806,0.049180327868852514,0
209,54,0.09121621621621621,0.0929054054054054,1.0185185185185186,0.0016891891891891893,-0.01818181818181818,0.1527777777777778,-0.0185185185185186
210,54,0.09121621621621621,0.09121621621621621,1,0,-0.01818181818181818,0.2808988764044944,0
211,51,0.08614864864864864,0.08614864864864864,1,0,-0.07272727272727272,0,0
212,50,0.08445945945945946,0.08445945945945946,1,0,-0.0196078431372549,0.07407407407407407,0
213,50,0.08445945945945946,0.08614864864864864,1.02,0.0016891891891891893,0,0.0892857142857143,-0.020000000000000018
214,49,0.08277027027027027,0.08277027027027027,1,0,-0.02,0.1071428571428571,0
215,49,0.08277027027027027,0.08277027027027027,1,0,-0.02,0.039215686274509776,0
216,47,0.07939189189189189,0.07939189189189189,1,0,-0.04081632653061224,0.29333333333333333,0
217,47,0.07939189189189189,0.07939189189189189,1,0,0,0.0714285714285714,0
218,47,0.07939189189189189,0.07939189189189189,1,0,0.021739130434782608,0,0
219,47,0.07939189189189189,0.08108108108108109,1.0212765957446808,0.0016891891891891893,0,0,-0.02127659574468077
220,47,0.07939189189189189,0.07939189189189189,1,0,-0.020833333333333332,0.020408163265306145,0
221,48,0.08108108108108109,0.07939189189189189,0.9791666666666666,-0.0016891891891891893,0.02127659574468085,0.04081632653061229,0.02083333333333337
222,47,0.07939189189189189,0.07939189189189189,1,0,0,0,0
223,45,0.07601351351351351,0.07601351351351351,1,0,-0.0425531914893617,0.35,0
224,44,0.07432432432432433,0.07432432432432433,1,0,-0.022222222222222223,0.16393442622950816,0
225,44,0.07432432432432433,0.07432432432432433,1,0,0,0,0
226,43,0.07263513513513513,0.07263513513513513,1,0,-0.022727272727272728,0.022727272727272707,0
227,44,0.07432432432432433,0.07432432432432433,1,0,0.023255813953488372,0,0
228,44,0.07432432432432433,0.07432432432432433,1,0,0,0.25373134328358204,0
229,44,0.07432432432432433,0.07601351351351351,1.0227272727272727,0.0016891891891891893,-0.022222222222222223,0.22033898305084743,-0.022727272727272707
230,45,0.07601351351351351,0.07601351351351351,1,0,0,0.020408163265306145,0
231,45,0.07601351351351351,0.07601351351351351,1,0,0,0.15254237288135597,0
232,44,0.07432432432432433,0.07432432432432433,1,0,-0.022222222222222223,0,0
233,44,0.07432432432432433,0.07432432432432433,1,0,0,0.022222222222222254,0
234,44,0.07432432432432433,0.07432432432432433,1,0,0.023255813953488372,0,0
235,45,0.07601351351351351,0.07601351351351351,1,0,0,0,0
236,45,0.07601351351351351,0.07432432432432433,0.9777777777777777,-0.0016891891891891893,0,0.19298245614035092,0.022222222222222254
237,45,0.07601351351351351,0.07601351351351351,1,0,0.022727272727272728,0,0
238,45,0.07601351351351351,0.07601351351351351,1,0,0,0.061224489795918324,0
239,45,0.07601351351351351,0.07601351351351351,1,0,0,0,0
240,45,0.07601351351351351,0.07601351351351351,1,0,0,0,0
241,44,0.07432432432432433,0.07432432432432433,1,0,0,0,0
242,44,0.07432432432432433,0.07432432432432433,1,0,0,0,0
243,44,0.07432432432432433,0.07432432432432433,1,0,0,0.14035087719298245,0
244,45,0.07601351351351351,0.07601351351351351,1,0,0,0.0357142857142857,0
245,44,0.07432432432432433,0.07263513513513513,0.9772727272727273,-0.0016891891891891893,-0.022222222222222223,0.04347826086956519,0.022727272727272707
246,41,0.06925675675675676,0.06925675675675676,1,0,-0.023809523809523808,0.02083333333333337,0
247,43,0.07263513513513513,0.07432432432432433,1.0232558139534884,0.0016891891891891893,0.04878048780487805,0.06382978723404253,-0.023255813953488413
248,44,0.07432432432432433,0.07432432432432433,1,0,0,0.180327868852459,0
249,44,0.07432432432432433,0.07432432432432433,1,0,0,0.11538461538461542,0
250,44,0.07432432432432433,0.07432432432432433,1,0,0,0.022222222222222254,0
251,43,0.07263513513513513,0.06925675675675676,0.9534883720930233,-0.0033783783783783786,-0.022727272727272728,0.31343283582089554,0.046511627906976716
252,41,0.06925675675675676,0.06925675675675676,1,0,0,0.12244897959183676,0
253,39,0.06587837837837837,0.06587837837837837,1,0,-0.04878048780487805,0,0
254,39,0.06587837837837837,0.06418918918918919,0.9743589743589743,-0.0016891891891891893,0,0,0.02564102564102566
255,39,0.06587837837837837,0.06587837837837837,1,0,0.02631578947368421,0,0
256,38,0.06418918918918919,0.06756756756756757,1.0526315789473684,0.0033783783783783786,-0.02564102564102564,0.06521739130434778,-0.05263157894736836
257,40,0.06756756756756757,0.06756756756756757,1,0,0,0.04761904761904767,0
258,39,0.06587837837837837,0.06587837837837837,1,0,-0.025,0.04878048780487809,0
259,40,0.06756756756756757,0.06587837837837837,0.975,-0.0016891891891891893,0.02564102564102564,0,0.025000000000000022
260,40,0.06756756756756757,0.06756756756756757,1,0,0.02564102564102564,0.024390243902439046,0
261,39,0.06587837837837837,0.06587837837837837,1,0,-0.025,0,0
262,39,0.06587837837837837,0.06418918918918919,0.9743589743589743,-0.0016891891891891893,0,0.025000000000000022,0.02564102564102566
263,38,0.06418918918918919,0.06418918918918919,1,0,0,0.024390243902439046,0
264,38,0.06418918918918919,0.06418918918918919,1,0,0,0.11363636363636365,0
265,38,0.06418918918918919,0.06418918918918919,1,0,0,0.02564102564102566,0
266,38,0.06418918918918919,0.06418918918918919,1,0,0,0.04878048780487809,0
267,38,0.06418918918918919,0.06418918918918919,1,0,0,0,0
268,38,0.06418918918918919,0.06418918918918919,1,0,0,0.11363636363636365,0
269,37,0.0625,0.0625,1,0,-0.02631578947368421,0.07317073170731703,0
270,38,0.06418918918918919,0.06418918918918919,1,0,0.02702702702702703,0.04878048780487809,0
271,38,0.06418918918918919,0.06418918918918919,1,0,0,0.2931034482758621,0
272,38,0.06418918918918919,0.06418918918918919,1,0,0,0,0
273,37,0.0625,0.0625,1,0,-0.02631578947368421,0.02564102564102566,0
274,38,0.06418918918918919,0.06418918918918919,1,0,0.02702702702702703,0.025000000000000022,0
275,37,0.0625,0.0625,1,0,-0.02631578947368421,0,0
276,37,0.0625,0.06418918918918919,1.027027027027027,0.0016891891891891893,0,0.11363636363636365,-0.027027027027026973
277,37,0.0625,0.0625,1,0,-0.02631578947368421,0,0
278,38,0.06418918918918919,0.06418918918918919,1,0,0.02702702702702703,0.0892857142857143,0
279,38,0.06418918918918919,0.06418918918918919,1,0,0,0.16326530612244894,0
280,38,0.06418918918918919,0.06418918918918919,1,0,0,0.08695652173913049,0
281,38,0.06418918918918919,0.06418918918918919,1,0,0,0.023255813953488413,0
282,38,0.06418918918918919,0.06418918918918919,1,0,0,0.02564102564102566,0
283,38,0.06418918918918919,0.06418918918918919,1,0,0,0.04878048780487809,0
284,38,0.06418918918918919,0.06418918918918919,1,0,0,0.046511627906976716,0
285,39,0.06587837837837837,0.06587837837837837,1,0,0.02631578947368421,0.040000000000000036,0
286,39,0.06587837837837837,0.0625,0.9487179487179487,-0.0033783783783783786,0,0.24615384615384617,0.05128205128205132
287,38,0.06418918918918919,0.06418918918918919,1,0,0.02702702702702703,0.1333333333333333,0
288,38,0.06418918918918919,0.06418918918918919,1,0,0,0.06666666666666665,0
289,38,0.06418918918918919,0.0625,0.9736842105263158,-0.0016891891891891893,0,0.10204081632653061,0.02631578947368418
290,37,0.0625,0.0625,1,0,0,0,0
291,37,0.0625,0.05912162162162162,0.9459459459459459,-0.0033783783783783786,0,0.13888888888888884,0.05405405405405406
292,33,0.05574324324324324,0.05574324324324324,1,0,-0.05714285714285714,0,0
293,33,0.05574324324324324,0.05574324324324324,1,0,0,0,0
294,34,0.057432432432432436,0.057432432432432436,1,0,0.030303030303030304,0.08108108108108103,0
295,33,0.05574324324324324,0.057432432432432436,1.0303030303030303,0.0016891891891891893,-0.029411764705882353,0.10526315789473684,-0.030303030303030276
296,34,0.057432432432432436,0.057432432432432436,1,0,0,0.018867924528301883,0
297,33,0.05574324324324324,0.05574324324324324,1,0,-0.029411764705882353,0,0
298,33,0.05574324324324324,0.05574324324324324,1,0,0,0,0
299,33,0.05574324324324324,0.05574324324324324,1,0,0,0.04081632653061229,0
300,32,0.05405405405405406,0.05405405405405406,1,0,-0.030303030303030304,0.030303030303030276,0
301,32,0.05405405405405406,0.05405405405405406,1,0,0,0.17391304347826086,0
302,31,0.052364864864864864,0.052364864864864864,1,0,-0.03125,0,0
303,31,0.052364864864864864,0.052364864864864864,1,0,0,0.03125,0
304,31,0.052364864864864864,0.052364864864864864,1,0,0,0.03125,0
305,32,0.05405405405405406,0.05405405405405406,1,0,0.03225806451612903,0,0
306,31,0.052364864864864864,0.052364864864864864,1,0,-0.03125,0.23913043478260865,0
307,31,0.052364864864864864,0.052364864864864864,1,0,0,0,0
308,32,0.05405405405405406,0.05405405405405406,1,0,0.03225806451612903,0.15384615384615385,0
309,32,0.05405405405405406,0.05405405405405406,1,0,0,0.05882352941176472,0
310,32,0.05405405405405406,0.05405405405405406,1,0,0,0,0
311,32,0.05405405405405406,0.05405405405405406,1,0,0,0.25,0
312,32,0.05405405405405406,0.05405405405405406,1,0,0,0,0
313,32,0.05405405405405406,0.05405405405405406,1,0,0,0,0
314,32,0.05405405405405406,0.052364864864864864,0.96875,-0.0016891891891891893,0,0.23636363636363633,0.03125
315,31,0.052364864864864864,0.052364864864864864,1,0,0,0.375,0
316,30,0.05067567567567568,0.05067567567567568,1,0,-0.03225806451612903,0.09090909090909094,0
317,30,0.05067567567567568,0.05067567567567568,1,0,0,0,0
318,30,0.05067567567567568,0.05067567567567568,1,0,0,0.13888888888888884,0
319,30,0.05067567567567568,0.05067567567567568,1,0,0,0.09090909090909094,0
320,30,0.05067567567567568,0.05067567567567568,1,0,0,0.11764705882352944,0
321,30,0.05067567567567568,0.05067567567567568,1,0,0,0.1578947368421053,0
322,29,0.048986486486486486,0.048986486486486486,1,0,-0.03333333333333333,0,0
323,29,0.048986486486486486,0.048986486486486486,1,0,0,0.09375,0
324,29,0.048986486486486486,0.048986486486486486,1,0,0,0,0
325,29,0.048986486486486486,0.048986486486486486,1,0,0,0,0
326,27,0.04560810810810811,0.04560810810810811,1,0,-0.06896551724137931,0,0
327,27,0.04560810810810811,0.04560810810810811,1,0,0,0,0
328,27,0.04560810810810811,0.04560810810810811,1,0,0,0,0
329,27,0.04560810810810811,0.04560810810810811,1,0,0,0.0357142857142857,0
330,27,0.04560810810810811,0.04560810810810811,1,0,0,0,0
331,25,0.04222972972972973,0.04222972972972973,1,0,-0.07407407407407407,0.12903225806451613,0
332,26,0.04391891891891892,0.04391891891891892,1,0,0.04,0,0
333,26,0.04391891891891892,0.04391891891891892,1,0,0,0.3076923076923077,0
334,24,0.04054054054054054,0.04054054054054054,1,0,-0.07692307692307693,0.19354838709677424,0
335,24,0.04054054054054054,0.04054054054054054,1,0,0,0,0
336,22,0.037162162162162164,0.03885135135135135,1.0454545454545454,0.0016891891891891893,-0.043478260869565216,0.3939393939393939,-0.045454545454545414
337,22,0.037162162162162164,0.037162162162162164,1,0,-0.043478260869565216,0,0
338,22,0.037162162162162164,0.037162162162162164,1,0,0,0,0
339,22,0.037162162162162164,0.037162162162162164,1,0,0,0.04166666666666663,0
340,22,0.037162162162162164,0.037162162162162164,1,0,0,0.12,0
341,22,0.037162162162162164,0.03547297297297297,0.9545454545454546,-0.0016891891891891893,0,0.1923076923076923,0.045454545454545414
342,20,0.033783783783783786,0.033783783783783786,1,0,-0.047619047619047616,0,0
343,20,0.033783783783783786,0.03547297297297297,1.05,0.0016891891891891893,0,0.08695652173913049,-0.050000000000000044
344,21,0.03547297297297297,0.03547297297297297,1,0,0,0,0
345,20,0.033783783783783786,0.033783783783783786,1,0,-0.047619047619047616,0,0
346,22,0.037162162162162164,0.037162162162162164,1,0,0.1,0.08333333333333337,0
347,21,0.03547297297297297,0.03547297297297297,1,0,-0.045454545454545456,0,0
348,20,0.033783783783783786,0.033783783783783786,1,0,-0.047619047619047616,0.2222222222222222,0
349,20,0.033783783783783786,0.033783783783783786,1,0,0,0.09090909090909094,0
350,20,0.033783783783783786,0.033783783783783786,1,0,0,0,0
351,20,0.033783783783783786,0.033783783783783786,1,0,0,0.2222222222222222,0
352,21,0.03547297297297297,0.03547297297297297,1,0,0.05,0,0
353,22,0.037162162162162164,0.037162162162162164,1,0,0.047619047619047616,0.24489795918367352,0
354,22,0.037162162162162164,0.03885135135135135,1.0454545454545454,0.0016891891891891893,0,0.14814814814814814,-0.045454545454545414
355,23,0.03885135135135135,0.03885135135135135,1,0,0,0.040000000000000036,0
356,23,0.03885135135135135,0.037162162162162164,0.9565217391304348,-0.0016891891891891893,0,0.16129032258064513,0.04347826086956519
357,21,0.03547297297297297,0.03547297297297297,1,0,-0.045454545454545456,0,0
358,20,0.033783783783783786,0.03547297297297297,1.05,0.0016891891891891893,-0.047619047619047616,0.04347826086956519,-0.050000000000000044
359,21,0.03547297297297297,0.03547297297297297,1,0,0,0,0
360,21,0.03547297297297297,0.037162162162162164,1.0476190476190477,0.0016891891891891893,0,0,-0.04761904761904767
361,22,0.037162162162162164,0.03547297297297297,0.9545454545454546,-0.0016891891891891893,0,0,0.045454545454545414
362,21,0.03547297297297297,0.033783783783783786,0.9523809523809523,-0.0016891891891891893,0,0,0.04761904761904767
363,20,0.033783783783783786,0.033783783783783786,1,0,0,0.04761904761904767,0
364,22,0.037162162162162164,0.037162162162162164,1,0,0.1,0.04347826086956519,0
365,22,0.037162162162162164,0.037162162162162164,1,0,0,0.1428571428571429,0
366,22,0.037162162162162164,0.037162162162162164,1,0,0,0,0
367,21,0.03547297297297297,0.03547297297297297,1,0,0,0,0
368,21,0.03547297297297297,0.037162162162162164,1.0476190476190477,0.0016891891891891893,-0.045454545454545456,0.13793103448275867,-0.04761904761904767
369,20,0.033783783783783786,0.033783783783783786,1,0,-0.09090909090909091,0.08333333333333337,0
370,19,0.03209459459459459,0.03209459459459459,1,0,-0.05,0,0
371,19,0.03209459459459459,0.030405405405405407,0.9473684210526315,-0.0016891891891891893,0,0,0.052631578947368474
372,18,0.030405405405405407,0.030405405405405407,1,0,0,0.09523809523809523,0
373,19,0.03209459459459459,0.033783783783783786,1.0526315789473684,0.0016891891891891893,0.05555555555555555,0.04761904761904767,-0.05263157894736836
374,18,0.030405405405405407,0.030405405405405407,1,0,-0.1,0.09999999999999998,0
375,18,0.030405405405405407,0.030405405405405407,1,0,0,0,0
376,19,0.03209459459459459,0.03209459459459459,1,0,0.05555555555555555,0.09523809523809523,0
377,19,0.03209459459459459,0.03209459459459459,1,0,0,0,0
378,19,0.03209459459459459,0.033783783783783786,1.0526315789473684,0.0016891891891891893,0,0.3421052631578947,-0.05263157894736836
379,20,0.033783783783783786,0.033783783783783786,1,0,0,0,0
380,20,0.033783783783783786,0.033783783783783786,1,0,0,0,0
381,20,0.033783783783783786,0.033783783783783786,1,0,0,0.04761904761904767,0
382,20,0.033783783783783786,0.033783783783783786,1,0,0,0,0
383,20,0.033783783783783786,0.033783783783783786,1,0,0,0.125,0
384,20,0.033783783783783786,0.033783783783783786,1,0,0,0.04761904761904767,0
385,20,0.033783783783783786,0.033783783783783786,1,0,0,0.045454545454545414,0
386,20,0.033783783783783786,0.033783783783783786,1,0,0,0.04761904761904767,0
387,20,0.033783783783783786,0.033783783783783786,1,0,0,0,0
388,20,0.033783783783783786,0.033783783783783786,1,0,0,0,0
389,20,0.033783783783783786,0.033783783783783786,1,0,0,0,0
390,19,0.03209459459459459,0.03209459459459459,1,0,-0.05,0.050000000000000044,0
391,19,0.03209459459459459,0.033783783783783786,1.0526315789473684,0.0016891891891891893,0,0,-0.05263157894736836
392,20,0.033783783783783786,0.033783783783783786,1,0,0,0.2592592592592593,0
393,20,0.033783783783783786,0.033783783783783786,1,0,0,0,0
394,21,0.03547297297297297,0.03547297297297297,1,0,0.05,0.045454545454545414,0
395,21,0.03547297297297297,0.03547297297297297,1,0,0,0,0
396,21,0.03547297297297297,0.033783783783783786,0.9523809523809523,-0.0016891891891891893,0,0.2142857142857143,0.04761904761904767
397,21,0.03547297297297297,0.033783783783783786,0.9523809523809523,-0.0016891891891891893,0.05,0,0.04761904761904767
398,21,0.03547297297297297,0.03547297297297297,1,0,0.05,0.2666666666666667,0
399,21,0.03547297297297297,0.033783783783783786,0.9523809523809523,-0.0016891891891891893,0,0.2142857142857143,0.04761904761904767
400,20,0.033783783783783786,0.033783783783783786,1,0,0,0,0
401,21,0.03547297297297297,0.03547297297297297,1,0,0.05,0,0
402,21,0.03547297297297297,0.03547297297297297,1,0,0,0,0
403,21,0.03547297297297297,0.03547297297297297,1,0,0,0.045454545454545414,0
404,21,0.03547297297297297,0.03547297297297297,1,0,0,0,0
405,21,0.03547297297297297,0.03547297297297297,1,0,0,0.125,0
406,21,0.03547297297297297,0.03547297297297297,1,0,0,0.045454545454545414,0
407,21,0.03547297297297297,0.03547297297297297,1,0,0,0,0
408,21,0.03547297297297297,0.03547297297297297,1,0,0,0.08333333333333337,0
409,21,0.03547297297297297,0.03547297297297297,1,0,0,0.2941176470588235,0
410,21,0.03547297297297297,0.03547297297297297,1,0,0,0,0
411,21,0.03547297297297297,0.03547297297297297,1,0,0,0.07999999999999996,0
412,21,0.03547297297297297,0.03547297297297297,1,0,0,0,0
413,21,0.03547297297297297,0.03547297297297297,1,0,0,0.33333333333333337,0
414,21,0.03547297297297297,0.03547297297297297,1,0,0,0.14814814814814814,0
415,21,0.03547297297297297,0.03547297297297297,1,0,0,0,0
416,21,0.03547297297297297,0.03547297297297297,1,0,0,0.045454545454545414,0
417,21,0.03547297297297297,0.03547297297297297,1,0,0,0.045454545454545414,0
418,21,0.03547297297297297,0.03547297297297297,1,0,0,0.12,0
419,21,0.03547297297297297,0.03547297297297297,1,0,0,0.08695652173913049,0
420,20,0.033783783783783786,0.033783783783783786,1,0,-0.047619047619047616,0.08695652173913049,0
421,20,0.033783783783783786,0.033783783783783786,1,0,0,0.04761904761904767,0
422,20,0.033783783783783786,0.033783783783783786,1,0,0,0,0
423,21,0.03547297297297297,0.03547297297297297,1,0,0.05,0.045454545454545414,0
424,21,0.03547297297297297,0.03547297297297297,1,0,0,0.18518518518518523,0
425,21,0.03547297297297297,0.03547297297297297,1,0,0,0,0
426,21,0.03547297297297297,0.033783783783783786,0.9523809523809523,-0.0016891891891891893,0,0.04761904761904767,0.04761904761904767
427,21,0.03547297297297297,0.03547297297297297,1,0,0.05,0,0
428,21,0.03547297297297297,0.03547297297297297,1,0,0,0,0
429,21,0.03547297297297297,0.03547297297297297,1,0,0,0.08695652173913049,0
430,21,0.03547297297297297,0.03547297297297297,1,0,0,0,0
431,21,0.03547297297297297,0.03547297297297297,1,0,0,0.045454545454545414,0
432,20,0.033783783783783786,0.033783783783783786,1,0,-0.047619047619047616,0.08333333333333337,0
433,21,0.03547297297297297,0.03547297297297297,1,0,0.05,0,0
434,21,0.03547297297297297,0.03547297297297297,1,0,0,0.08695652173913049,0
435,21,0.03547297297297297,0.03547297297297297,1,0,0,0,0
436,21,0.03547297297297297,0.03547297297297297,1,0,0,0.16000000000000003,0
437,21,0.03547297297297297,0.03547297297297297,1,0,0,0,0
438,21,0.03547297297297297,0.03547297297297297,1,0,0,0.08695652173913049,0
439,21,0.03547297297297297,0.03547297297297297,1,0,0,0.35,0
440,21,0.03547297297297297,0.03547297297297297,1,0,0,0,0
441,21,0.03547297297297297,0.03547297297297297,1,0,0,0.19999999999999996,0
442,21,0.03547297297297297,0.03547297297297297,1,0,0,0,0
443,21,0.03547297297297297,0.03547297297297297,1,0,0,0,0
444,21,0.03547297297297297,0.03547297297297297,1,0,0,0.045454545454545414,0
445,21,0.03547297297297297,0.03547297297297297,1,0,0,0.04347826086956519,0
446,21,0.03547297297297297,0.03547297297297297,1,0,0,0,0
447,21,0.03547297297297297,0.03547297297297297,1,0,0,0,0
448,20,0.033783783783783786,0.03209459459459459,0.95,-0.0016891891891891893,-0.047619047619047616,0.1923076923076923,0.050000000000000044
449,19,0.03209459459459459,0.03209459459459459,1,0,0,0.045454545454545414,0
450,18,0.030405405405405407,0.030405405405405407,1,0,-0.05263157894736842,0.1428571428571429,0
451,18,0.030405405405405407,0.030405405405405407,1,0,0,0,0
452,18,0.030405405405405407,0.030405405405405407,1,0,0,0,0
453,18,0.030405405405405407,0.03209459459459459,1.0555555555555556,0.0016891891891891893,0,0,-0.05555555555555558
454,19,0.03209459459459459,0.03547297297297297,1.105263157894737,0.0033783783783783786,0,0.045454545454545414,-0.10526315789473695
455,21,0.03547297297297297,0.03547297297297297,1,0,0,0,0
456,21,0.03547297297297297,0.03547297297297297,1,0,0,0,0
457,21,0.03547297297297297,0.03547297297297297,1,0,0,0,0
458,21,0.03547297297297297,0.033783783783783786,0.9523809523809523,-0.0016891891891891893,0,0.15384615384615385,0.04761904761904767
459,20,0.033783783783783786,0.033783783783783786,1,0,0,0.3939393939393939,0
460,20,0.033783783783783786,0.033783783783783786,1,0,0,0.04761904761904767,0
461,19,0.03209459459459459,0.033783783783783786,1.0526315789473684,0.0016891891891891893,-0.05,0.09090909090909094,-0.05263157894736836
462,20,0.033783783783783786,0.03547297297297297,1.05,0.0016891891891891893,0,0.045454545454545414,-0.050000000000000044
463,21,0.03547297297297297,0.03547297297297297,1,0,0,0.045454545454545414,0
464,21,0.03547297297297297,0.033783783783783786,0.9523809523809523,-0.0016891891891891893,0,0.04761904761904767,0.04761904761904767
465,20,0.033783783783783786,0.033783783783783786,1,0,0,0,0
466,20,0.033783783783783786,0.033783783783783786,1,0,0,0.04761904761904767,0
467,20,0.033783783783783786,0.033783783783783786,1,0,0,0,0
468,20,0.033783783783783786,0.033783783783783786,1,0,0,0,0
469,20,0.033783783783783786,0.03547297297297297,1.05,0.0016891891891891893,0,0.32258064516129037,-0.050000000000000044
470,21,0.03547297297297297,0.03547297297297297,1,0,0,0,0
471,21,0.03547297297297297,0.03547297297297297,1,0,0,0.08695652173913049,0
472,21,0.03547297297297297,0.03547297297297297,1,0,0,0,0
473,21,0.03547297297297297,0.03547297297297297,1,0,0,0.24242424242424243,0
474,21,0.03547297297297297,0.03547297297297297,1,0,0,0,0
475,21,0.03547297297297297,0.03547297297297297,1,0,0,0.045454545454545414,0
476,21,0.03547297297297297,0.03547297297297297,1,0,0,0.125,0
477,21,0.03547297297297297,0.03547297297297297,1,0,0,0,0
478,21,0.03547297297297297,0.03547297297297297,1,0,0,0,0
479,20,0.033783783783783786,0.033783783783783786,1,0,-0.047619047619047616,0,0
480,21,0.03547297297297297,0.03547297297297297,1,0,0.05,0,0
481,21,0.03547297297297297,0.03547297297297297,1,0,0,0.04347826086956519,0
482,21,0.03547297297297297,0.03547297297297297,1,0,0,0,0
483,21,0.03547297297297297,0.033783783783783786,0.9523809523809523,-0.0016891891891891893,0,0.19999999999999996,0.04761904761904767
484,20,0.033783783783783786,0.033783783783783786,1,0,0,0,0
485,20,0.033783783783783786,0.033783783783783786,1,0,0,0,0
486,20,0.033783783783783786,0.033783783783783786,1,0,0,0,0
487,19,0.03209459459459459,0.03209459459459459,1,0,-0.05,0,0
488,20,0.033783783783783786,0.033783783783783786,1,0,0.05263157894736842,0.16000000000000003,0
489,20,0.033783783783783786,0.033783783783783786,1,0,0,0.04761904761904767,0
490,20,0.033783783783783786,0.033783783783783786,1,0,0,0.09090909090909094,0
491,20,0.033783783783783786,0.033783783783783786,1,0,0,0.045454545454545414,0
492,20,0.033783783783783786,0.033783783783783786,1,0,0,0,0
493,20,0.033783783783783786,0.033783783783783786,1,0,0,0.1923076923076923,0
494,19,0.03209459459459459,0.033783783783783786,1.0526315789473684,0.0016891891891891893,-0.05,0.16000000000000003,-0.05263157894736836
495,20,0.033783783783783786,0.033783783783783786,1,0,0,0,0
496,20,0.033783783783783786,0.033783783783783786,1,0,0,0.24137931034482762,0
497,20,0.033783783783783786,0.033783783783783786,1,0,0,0,0
498,20,0.033783783783783786,0.033783783783783786,1,0,0,0,0
499,20,0.033783783783783786,0.033783783783783786,1,0,0,0.12,0
500,20,0.033783783783783786,0.03209459459459459,0.95,-0.0016891891891891893,0,0,0.050000000000000044
501,20,0.033783783783783786,0.033783783783783786,1,0,0.05263157894736842,0.18518518518518523,0
502,21,0.03547297297297297,0.03547297297297297,1,0,0.05,0,0
503,21,0.03547297297297297,0.03547297297297297,1,0,0,0.1785714285714286,0
504,21,0.03547297297297297,0.03547297297297297,1,0,0,0.045454545454545414,0
505,21,0.03547297297297297,0.03547297297297297,1,0,0,0,0
506,21,0.03547297297297297,0.03547297297297297,1,0,0,0,0
507,21,0.03547297297297297,0.03547297297297297,1,0,0,0,0
508,20,0.033783783783783786,0.033783783783783786,1,0,0,0.04761904761904767,0
509,20,0.033783783783783786,0.03547297297297297,1.05,0.0016891891891891893,-0.047619047619047616,0.1515151515151515,-0.050000000000000044
510,20,0.033783783783783786,0.033783783783783786,1,0,0,0,0
511,21,0.03547297297297297,0.03547297297297297,1,0,0,0.04166666666666663,0
512,21,0.03547297297297297,0.03547297297297297,1,0,0,0,0
513,21,0.03547297297297297,0.03547297297297297,1,0,0,0.045454545454545414,0
514,21,0.03547297297297297,0.03547297297297297,1,0,0,0.12,0
515,21,0.03547297297297297,0.03547297297297297,1,0,0,0.12,0
516,21,0.03547297297297297,0.03547297297297297,1,0,0,0.08695652173913049,0
517,21,0.03547297297297297,0.03547297297297297,1,0,0,0,0
518,21,0.03547297297297297,0.03547297297297297,1,0,0,0,0
519,20,0.033783783783783786,0.033783783783783786,1,0,-0.047619047619047616,0,0
520,20,0.033783783783783786,0.033783783783783786,1,0,0,0,0
521,20,0.033783783783783786,0.033783783783783786,1,0,0,0,0
522,20,0.033783783783783786,0.033783783783783786,1,0,0,0,0
523,20,0.033783783783783786,0.033783783783783786,1,0,0,0.2142857142857143,0
524,20,0.033783783783783786,0.033783783783783786,1,0,0,0.2222222222222222,0
525,20,0.033783783783783786,0.033783783783783786,1,0,0,0.27586206896551724,0
526,19,0.03209459459459459,0.03209459459459459,1,0,-0.05,0.050000000000000044,0
527,19,0.03209459459459459,0.03209459459459459,1,0,0,0,0
528,19,0.03209459459459459,0.03209459459459459,1,0,0,0,0
529,19,0.03209459459459459,0.030405405405405407,0.9473684210526315,-0.0016891891891891893,0,0.3076923076923077,0.052631578947368474
530,18,0.030405405405405407,0.030405405405405407,1,0,0,0.050000000000000044,0
531,19,0.03209459459459459,0.033783783783783786,1.0526315789473684,0.0016891891891891893,0.05555555555555555,0.25,-0.05263157894736836
532,20,0.033783783783783786,0.033783783783783786,1,0,0,0.16000000000000003,0
533,20,0.033783783783783786,0.033783783783783786,1,0,0,0.125,0
534,20,0.033783783783783786,0.033783783783783786,1,0,0,0.09090909090909094,0
535,20,0.033783783783783786,0.033783783783783786,1,0,0,0.04347826086956519,0
536,20,0.033783783783783786,0.033783783783783786,1,0,0,0,0
537,20,0.033783783783783786,0.033783783783783786,1,0,0,0.04761904761904767,0
538,20,0.033783783783783786,0.033783783783783786,1,0,0,0.28125,0
539,20,0.033783783783783786,0.033783783783783786,1,0,0,0.2222222222222222,0
540,20,0.033783783783783786,0.033783783783783786,1,0,0,0,0
541,20,0.033783783783783786,0.033783783783783786,1,0,0,0.04761904761904767,0
542,20,0.033783783783783786,0.033783783783783786,1,0,0,0,0
543,20,0.033783783783783786,0.033783783783783786,1,0,0,0.08695652173913049,0
544,20,0.033783783783783786,0.033783783783783786,1,0,0,0.19354838709677424,0
545,20,0.033783783783783786,0.033783783783783786,1,0,0,0,0
546,20,0.033783783783783786,0.033783783783783786,1,0,0,0.16666666666666663,0
547,20,0.033783783783783786,0.033783783783783786,1,0,0,0,0
548,20,0.033783783783783786,0.033783783783783786,1,0,0,0.045454545454545414,0
549,20,0.033783783783783786,0.03209459459459459,0.95,-0.0016891891891891893,0,0.050000000000000044,0.050000000000000044
550,19,0.03209459459459459,0.03209459459459459,1,0,0,0,0
551,19,0.03209459459459459,0.03209459459459459,1,0,0,0.09523809523809523,0
552,19,0.03209459459459459,0.03209459459459459,1,0,0,0,0
553,19,0.03209459459459459,0.03209459459459459,1,0,0,0.09523809523809523,0
554,18,0.030405405405405407,0.030405405405405407,1,0,-0.05263157894736842,0,0
555,18,0.030405405405405407,0.030405405405405407,1,0,0,0,0
556,18,0.030405405405405407,0.030405405405405407,1,0,0,0.09999999999999998,0
557,18,0.030405405405405407,0.030405405405405407,1,0,0,0,0
558,18,0.030405405405405407,0.030405405405405407,1,0,0,0.09523809523809523,0
559,18,0.030405405405405407,0.030405405405405407,1,0,0,0.09999999999999998,0
560,18,0.030405405405405407,0.030405405405405407,1,0,0,0,0
561,18,0.030405405405405407,0.030405405405405407,1,0,0,0,0
562,19,0.03209459459459459,0.03209459459459459,1,0,0.05555555555555555,0.050000000000000044,0
563,19,0.03209459459459459,0.03209459459459459,1,0,0,0.45238095238095233,0
564,19,0.03209459459459459,0.03209459459459459,1,0,0,0.09523809523809523,0
565,19,0.03209459459459459,0.03209459459459459,1,0,0,0.050000000000000044,0
566,19,0.03209459459459459,0.03209459459459459,1,0,0,0,0
567,20,0.033783783783783786,0.033783783783783786,1,0,0.05263157894736842,0.16666666666666663,0
568,20,0.033783783783783786,0.033783783783783786,1,0,0,0.045454545454545414,0
569,20,0.033783783783783786,0.033783783783783786,1,0,0,0,0
570,19,0.03209459459459459,0.03209459459459459,1,0,-0.05,0,0
571,19,0.03209459459459459,0.03209459459459459,1,0,0,0,0
572,19,0.03209459459459459,0.03209459459459459,1,0,0,0.20833333333333337,0
573,19,0.03209459459459459,0.03209459459459459,1,0,0,0.2592592592592593,0
574,19,0.03209459459459459,0.03209459459459459,1,0,0,0.04761904761904767,0
575,18,0.030405405405405407,0.030405405405405407,1,0,-0.05263157894736842,0,0
576,19,0.03209459459459459,0.03209459459459459,1,0,0.05555555555555555,0.04761904761904767,0
577,19,0.03209459459459459,0.03209459459459459,1,0,0,0,0
578,20,0.033783783783783786,0.033783783783783786,1,0,0.05263157894736842,0.15384615384615385,0
579,20,0.033783783783783786,0.033783783783783786,1,0,0,0.040000000000000036,0
580,20,0.033783783783783786,0.033783783783783786,1,0,0,0.09090909090909094,0
581,20,0.033783783783783786,0.033783783783783786,1,0,0,0.045454545454545414,0
582,20,0.033783783783783786,0.033783783783783786,1,0,0,0,0
583,20,0.033783783783783786,0.033783783783783786,1,0,0,0,0
584,20,0.033783783783783786,0.033783783783783786,1,0,0,0.125,0
585,20,0.033783783783783786,0.033783783783783786,1,0,0,0,0
586,20,0.033783783783783786,0.033783783783783786,1,0,0,0.045454545454545414,0
587,20,0.033783783783783786,0.033783783783783786,1,0,0,0.09090909090909094,0
588,20,0.033783783783783786,0.03209459459459459,0.95,-0.0016891891891891893,0,0.1923076923076923,0.050000000000000044
589,20,0.033783783783783786,0.033783783783783786,1,0,0.05263157894736842,0.09090909090909094,0
590,20,0.033783783783783786,0.033783783783783786,1,0,0,0,0
591,20,0.033783783783783786,0.033783783783783786,1,0,0,0.25531914893617025,0
592,19,0.03209459459459459,0.03209459459459459,1,0,-0.05,0,0
593,19,0.03209459459459459,0.03209459459459459,1,0,0,0.125,0
594,19,0.03209459459459459,0.03209459459459459,1,0,0,0,0
595,19,0.03209459459459459,0.03209459459459459,1,0,0,0.09090909090909094,0
596,19,0.03209459459459459,0.03209459459459459,1,0,0,0.16666666666666663,0
597,19,0.03209459459459459,0.03209459459459459,1,0,0,0.04761904761904767,0
598,19,0.03209459459459459,0.03209459459459459,1,0,0,0.04761904761904767,0
599,19,0.03209459459459459,0.03209459459459459,1,0,0,0.050000000000000044,0
600,19,0.03209459459459459,0.03209459459459459,1,0,0,0,0
601,9,0.015202702702702704,0.015202702702702704,1,0,-0.47058823529411764,0.09999999999999998,0
602,9,0.015202702702702704,0.015202702702702704,1,0,0,0,0
603,9,0.015202702702702704,0.015202702702702704,1,0,0,0,0
604,9,0.015202702702702704,0.015202702702702704,1,0,0,0,0
605,9,0.015202702702702704,0.015202702702702704,1,0,0,0,0
606,8,0.013513513513513514,0.013513513513513514,1,0,-0.1111111111111111,0,0
607,8,0.013513513513513514,0.013513513513513514,1,0,0,0,0
608,8,0.013513513513513514,0.013513513513513514,1,0,0,0,0
609,7,0.011824324324324325,0.011824324324324325,1,0,0,0,0
610,7,0.011824324324324325,0.011824324324324325,1,0,0,0,0
611,7,0.011824324324324325,0.011824324324324325,1,0,0,0,0
612,8,0.013513513513513514,0.013513513513513514,1,0,0,0,0
613,8,0.013513513513513514,0.013513513513513514,1,0,0,0,0
614,8,0.013513513513513514,0.013513513513513514,1,0,0,0.11111111111111116,0
615,8,0.013513513513513514,0.013513513513513514,1,0,0,0.2727272727272727,0
616,8,0.013513513513513514,0.013513513513513514,1,0,0,0.11111111111111116,0
617,8,0.013513513513513514,0.013513513513513514,1,0,0,0.11111111111111116,0
618,8,0.013513513513513514,0.013513513513513514,1,0,0,0.19999999999999996,0
619,8,0.013513513513513514,0.013513513513513514,1,0,0,0,0
620,8,0.013513513513513514,0.013513513513513514,1,0,0,0.19999999999999996,0
621,8,0.013513513513513514,0.013513513513513514,1,0,0,0,0
622,8,0.013513513513513514,0.013513513513513514,1,0,0,0.19999999999999996,0
623,8,0.013513513513513514,0.013513513513513514,1,0,0,0,0
624,8,0.013513513513513514,0.013513513513513514,1,0,0,0,0
625,8,0.013513513513513514,0.013513513513513514,1,0,0,0,0
626,7,0.011824324324324325,0.011824324324324325,1,0,-0.125,0,0
627,7,0.011824324324324325,0.011824324324324325,1,0,0,0,0
628,7,0.011824324324324325,0.010135135135135136,0.8571428571428571,-0.0016891891891891893,0,0,0.1428571428571429
629,6,0.010135135135135136,0.010135135135135136,1,0,0,0,0
630,6,0.010135135135135136,0.010135135135135136,1,0,0,0,0
631,6,0.010135135135135136,0.010135135135135136,1,0,0,0,0
632,6,0.010135135135135136,0.010135135135135136,1,0,0,0,0
633,6,0.010135135135135136,0.011824324324324325,1.1666666666666667,0.0016891891891891893,0,0,-0.16666666666666674
634,7,0.011824324324324325,0.011824324324324325,1,0,0,0,0
635,7,0.011824324324324325,0.011824324324324325,1,0,0,0,0
636,7,0.011824324324324325,0.011824324324324325,1,0,0,0,0
637,7,0.011824324324324325,0.011824324324324325,1,0,0,0,0
638,7,0.011824324324324325,0.011824324324324325,1,0,0,0.125,0
639,7,0.011824324324324325,0.011824324324324325,1,0,0,0,0
640,6,0.010135135135135136,0.011824324324324325,1.1666666666666667,0.0016891891891891893,-0.14285714285714285,0,-0.16666666666666674
641,7,0.011824324324324325,0.011824324324324325,1,0,0,0.33333333333333337,0
642,7,0.011824324324324325,0.011824324324324325,1,0,0,0,0
643,7,0.011824324324324325,0.011824324324324325,1,0,0,0,0
644,7,0.011824324324324325,0.011824324324324325,1,0,0,0,0
645,7,0.011824324324324325,0.011824324324324325,1,0,0,0,0
646,6,0.010135135135135136,0.010135135135135136,1,0,0,0,0
647,6,0.010135135135135136,0.010135135135135136,1,0,0,0,0
648,6,0.010135135135135136,0.010135135135135136,1,0,0,0,0
649,6,0.010135135135135136,0.010135135135135136,1,0,0,0,0
650,6,0.010135135135135136,0.010135135135135136,1,0,0,0,0
651,6,0.010135135135135136,0.010135135135135136,1,0,0,0,0
652,6,0.010135135135135136,0.010135135135135136,1,0,0,0,0
653,6,0.010135135135135136,0.010135135135135136,1,0,0,0,0
654,6,0.010135135135135136,0.010135135135135136,1,0,0,0,0
655,6,0.010135135135135136,0.010135135135135136,1,0,0,0,0
656,6,0.010135135135135136,0.010135135135135136,1,0,0,0.1428571428571429,0
657,6,0.010135135135135136,0.010135135135135136,1,0,0,0,0
658,6,0.010135135135135136,0.010135135135135136,1,0,0,0,0
659,6,0.010135135135135136,0.010135135135135136,1,0,0,0,0
660,6,0.010135135135135136,0.010135135135135136,1,0,0,0,0
661,6,0.010135135135135136,0.010135135135135136,1,0,-0.14285714285714285,0.25,0
662,5,0.008445945945945946,0.008445945945945946,1,0,-0.16666666666666666,0,0
663,6,0.010135135135135136,0.010135135135135136,1,0,0.2,0,0
664,6,0.010135135135135136,0.010135135135135136,1,0,0,0,0
665,6,0.010135135135135136,0.010135135135135136,1,0,0,0,0
666,6,0.010135135135135136,0.010135135135135136,1,0,0,0,0
667,7,0.011824324324324325,0.011824324324324325,1,0,0.16666666666666666,0,0
668,7,0.011824324324324325,0.011824324324324325,1,0,0,0.125,0
669,6,0.010135135135135136,0.010135135135135136,1,0,-0.14285714285714285,0,0
670,6,0.010135135135135136,0.010135135135135136,1,0,0,0,0
671,7,0.011824324324324325,0.011824324324324325,1,0,0.16666666666666666,0,0
672,7,0.011824324324324325,0.011824324324324325,1,0,0,0,0
673,7,0.011824324324324325,0.011824324324324325,1,0,0,0,0
674,7,0.011824324324324325,0.011824324324324325,1,0,0,0,0
675,7,0.011824324324324325,0.011824324324324325,1,0,0,0,0
676,6,0.010135135135135136,0.010135135135135136,1,0,-0.14285714285714285,0,0
677,7,0.011824324324324325,0.011824324324324325,1,0,0.16666666666666666,0,0
678,7,0.011824324324324325,0.011824324324324325,1,0,0,0,0
679,7,0.011824324324324325,0.011824324324324325,1,0,0,0,0
680,6,0.010135135135135136,0.010135135135135136,1,0,-0.14285714285714285,0,0
681,7,0.011824324324324325,0.011824324324324325,1,0,0.16666666666666666,0,0
682,7,0.011824324324324325,0.011824324324324325,1,0,0,0,0
683,7,0.011824324324324325,0.011824324324324325,1,0,0,0,0
684,7,0.011824324324324325,0.011824324324324325,1,0,0,0,0
685,7,0.011824324324324325,0.011824324324324325,1,0,0,0,0
686,7,0.011824324324324325,0.011824324324324325,1,0,0,0,0
687,7,0.011824324324324325,0.011824324324324325,1,0,0,0,0
688,7,0.011824324324324325,0.011824324324324325,1,0,0,0,0
689,7,0.011824324324324325,0.011824324324324325,1,0,0,0,0
690,7,0.011824324324324325,0.011824324324324325,1,0,0,0,0
691,7,0.011824324324324325,0.011824324324324325,1,0,0,0,0
692,7,0.011824324324324325,0.011824324324324325,1,0,0,0,0
693,7,0.011824324324324325,0.011824324324324325,1,0,0,0,0
694,7,0.011824324324324325,0.011824324324324325,1,0,0,0,0
695,7,0.011824324324324325,0.011824324324324325,1,0,0,0,0
696,7,0.011824324324324325,0.011824324324324325,1,0,0,0,0
697,7,0.011824324324324325,0.011824324324324325,1,0,0,0,0
698,7,0.011824324324324325,0.011824324324324325,1,0,0,0,0
699,7,0.011824324324324325,0.011824324324324325,1,0,0,0,0
700,7,0.011824324324324325,0.011824324324324325,1,0,0,0,0
701,7,0.011824324324324325,0.011824324324324325,1,0,0,0,0
702,7,0.011824324324324325,0.011824324324324325,1,0,0,0,0
703,7,0.011824324324324325,0.011824324324324325,1,0,0,0,0
704,7,0.011824324324324325,0.011824324324324325,1,0,0,0,0
705,7,0.011824324324324325,0.011824324324324325,1,0,0,0.125,0
706,7,0.011824324324324325,0.011824324324324325,1,0,0,0,0
707,7,0.011824324324324325,0.011824324324324325,1,0,0,0,0
708,7,0.011824324324324325,0.011824324324324325,1,0,0,0,0
709,7,0.011824324324324325,0.011824324324324325,1,0,0,0,0
710,7,0.011824324324324325,0.011824324324324325,1,0,0,0,0
711,7,0.011824324324324325,0.011824324324324325,1,0,0,0,0
712,7,0.011824324324324325,0.011824324324324325,1,0,0,0,0
713,7,0.011824324324324325,0.011824324324324325,1,0,0,0,0
714,7,0.011824324324324325,0.011824324324324325,1,0,0,0,0
715,7,0.011824324324324325,0.011824324324324325,1,0,0,0,0
716,6,0.010135135135135136,0.010135135135135136,1,0,-0.14285714285714285,0,0
717,7,0.011824324324324325,0.011824324324324325,1,0,0.16666666666666666,0,0
718,7,0.011824324324324325,0.011824324324324325,1,0,0,0,0
719,7,0.011824324324324325,0.011824324324324325,1,0,0,0.11111111111111116,0
720,7,0.011824324324324325,0.011824324324324325,1,0,0,0.125,0
721,6,0.010135135135135136,0.010135135135135136,1,0,-0.14285714285714285,0,0
722,6,0.010135135135135136,0.010135135135135136,1,0,0,0,0
723,6,0.010135135135135136,0.010135135135135136,1,0,0,0.4375,0
724,7,0.011824324324324325,0.011824324324324325,1,0,0.16666666666666666,0.2222222222222222,0
725,7,0.011824324324324325,0.011824324324324325,1,0,0,0.11111111111111116,0
726,6,0.010135135135135136,0.010135135135135136,1,0,-0.14285714285714285,0,0
727,6,0.010135135135135136,0.010135135135135136,1,0,0,0,0
728,6,0.010135135135135136,0.010135135135135136,1,0,0,0,0
729,6,0.010135135135135136,0.010135135135135136,1,0,0,0,0
730,6,0.010135135135135136,0.010135135135135136,1,0,0,0,0
731,6,0.010135135135135136,0.010135135135135136,1,0,0,0,0
732,6,0.010135135135135136,0.010135135135135136,1,0,0,0,0
733,6,0.010135135135135136,0.010135135135135136,1,0,0,0,0
734,6,0.010135135135135136,0.010135135135135136,1,0,0,0,0
735,6,0.010135135135135136,0.010135135135135136,1,0,0,0,0
736,6,0.010135135135135136,0.010135135135135136,1,0,0,0,0
737,6,0.010135135135135136,0.010135135135135136,1,0,0,0,0
738,6,0.010135135135135136,0.010135135135135136,1,0,0,0,0
739,6,0.010135135135135136,0.010135135135135136,1,0,0,0,0
740,6,0.010135135135135136,0.010135135135135136,1,0,0,0,0
741,5,0.008445945945945946,0.008445945945945946,1,0,0,0,0
742,6,0.010135135135135136,0.010135135135135136,1,0,0,0,0
743,6,0.010135135135135136,0.010135135135135136,1,0,0,0.1428571428571429,0
744,6,0.010135135135135136,0.010135135135135136,1,0,0,0.1428571428571429,0
745,6,0.010135135135135136,0.010135135135135136,1,0,0,0,0
746,6,0.010135135135135136,0.010135135135135136,1,0,0,0.1428571428571429,0
747,6,0.010135135135135136,0.010135135135135136,1,0,0,0,0
748,6,0.010135135135135136,0.008445945945945946,0.8333333333333334,-0.0016891891891891893,0,0,0.16666666666666663
749,5,0.008445945945945946,0.008445945945945946,1,0,0,0,0
750,5,0.008445945945945946,0.008445945945945946,1,0,0,0,0
751,5,0.008445945945945946,0.008445945945945946,1,0,0,0,0
752,5,0.008445945945945946,0.008445945945945946,1,0,0,0,0
753,5,0.008445945945945946,0.008445945945945946,1,0,0,0,0
754,5,0.008445945945945946,0.008445945945945946,1,0,0,0,0
755,5,0.008445945945945946,0.008445945945945946,1,0,0,0,0
756,6,0.010135135135135136,0.010135135135135136,1,0,0.2,0,0
757,6,0.010135135135135136,0.010135135135135136,1,0,0,0,0
758,6,0.010135135135135136,0.008445945945945946,0.8333333333333334,-0.0016891891891891893,0,0,0.16666666666666663
759,4,0.006756756756756757,0.006756756756756757,1,0,0,0,0
760,4,0.006756756756756757,0.006756756756756757,1,0,0,0,0
761,5,0.008445945945945946,0.008445945945945946,1,0,0.25,0,0
762,5,0.008445945945945946,0.008445945945945946,1,0,0,0,0
763,5,0.008445945945945946,0.008445945945945946,1,0,0,0.2857142857142857,0
764,5,0.008445945945945946,0.008445945945945946,1,0,0,0,0
765,5,0.008445945945945946,0.008445945945945946,1,0,0,0,0
766,4,0.006756756756756757,0.006756756756756757,1,0,-0.2,0,0
767,4,0.006756756756756757,0.006756756756756757,1,0,0,0,0
768,4,0.006756756756756757,0.006756756756756757,1,0,0,0.19999999999999996,0
769,4,0.006756756756756757,0.006756756756756757,1,0,0,0,0
770,4,0.006756756756756757,0.006756756756756757,1,0,0,0,0
771,4,0.006756756756756757,0.006756756756756757,1,0,0,0,0
772,4,0.006756756756756757,0.006756756756756757,1,0,0,0,0
773,4,0.006756756756756757,0.006756756756756757,1,0,0,0,0
774,4,0.006756756756756757,0.006756756756756757,1,0,0,0,0
775,4,0.006756756756756757,0.006756756756756757,1,0,0,0,0
776,4,0.006756756756756757,0.006756756756756757,1,0,0,0,0
777,4,0.006756756756756757,0.006756756756756757,1,0,0,0,0
778,4,0.006756756756756757,0.006756756756756757,1,0,0,0,0
779,4,0.006756756756756757,0.006756756756756757,1,0,0,0,0
780,4,0.006756756756756757,0.006756756756756757,1,0,0,0,0
781,4,0.006756756756756757,0.006756756756756757,1,0,0,0,0
782,4,0.006756756756756757,0.006756756756756757,1,0,0,0,0
783,4,0.006756756756756757,0.006756756756756757,1,0,0,0,0
784,4,0.006756756756756757,0.006756756756756757,1,0,0,0,0
785,4,0.006756756756756757,0.006756756756756757,1,0,0,0,0
786,4,0.006756756756756757,0.006756756756756757,1,0,0,0,0
787,4,0.006756756756756757,0.006756756756756757,1,0,0,0,0
788,4,0.006756756756756757,0.006756756756756757,1,0,0,0,0
789,4,0.006756756756756757,0.006756756756756757,1,0,0,0,0
790,4,0.006756756756756757,0.006756756756756757,1,0,0,0,0
791,4,0.006756756756756757,0.006756756756756757,1,0,0,0,0
792,4,0.006756756756756757,0.006756756756756757,1,0,0,0,0
793,4,0.006756756756756757,0.006756756756756757,1,0,0,0,0
794,4,0.006756756756756757,0.006756756756756757,1,0,0,0,0
795,4,0.006756756756756757,0.006756756756756757,1,0,0,0,0
796,4,0.006756756756756757,0.006756756756756757,1,0,0,0,0
797,4,0.006756756756756757,0.006756756756756757,1,0,0,0,0
798,4,0.006756756756756757,0.006756756756756757,1,0,0,0,0
799,4,0.006756756756756757,0.006756756756756757,1,0,0,0,0
800,4,0.006756756756756757,0.006756756756756757,1,0,0,0,0
801,4,0.006756756756756757,0.006756756756756757,1,0,0,0,0
802,4,0.006756756756756757,0.006756756756756757,1,0,0,0,0
803,4,0.006756756756756757,0.006756756756756757,1,0,0,0,0
804,4,0.006756756756756757,0.006756756756756757,1,0,0,0,0
805,4,0.006756756756756757,0.006756756756756757,1,0,0,0,0
806,4,0.006756756756756757,0.006756756756756757,1,0,0,0,0
807,4,0.006756756756756757,0.006756756756756757,1,0,0,0,0
808,4,0.006756756756756757,0.006756756756756757,1,0,0,0,0
809,4,0.006756756756756757,0.006756756756756757,1,0,0,0,0
810,4,0.006756756756756757,0.005067567567567568,0.75,-0.0016891891891891893,0,0,0.25
811,3,0.005067567567567568,0.005067567567567568,1,0,0,0,0
812,3,0.005067567567567568,0.006756756756756757,1.3333333333333333,0.0016891891891891893,0,0,-0.33333333333333326
813,4,0.006756756756756757,0.006756756756756757,1,0,0,0,0
814,4,0.006756756756756757,0.006756756756756757,1,0,0,0,0
815,4,0.006756756756756757,0.006756756756756757,1,0,0,0,0
816,4,0.006756756756756757,0.006756756756756757,1,0,0,0,0
817,4,0.006756756756756757,0.006756756756756757,1,0,0,0,0
818,4,0.006756756756756757,0.006756756756756757,1,0,0,0,0
819,4,0.006756756756756757,0.006756756756756757,1,0,0,0,0
820,4,0.006756756756756757,0.006756756756756757,1,0,0,0,0
821,4,0.006756756756756757,0.006756756756756757,1,0,0,0,0
822,4,0.006756756756756757,0.006756756756756757,1,0,0,0,0
823,4,0.006756756756756757,0.006756756756756757,1,0,0,0,0
824,4,0.006756756756756757,0.006756756756756757,1,0,0,0,0
825,4,0.006756756756756757,0.006756756756756757,1,0,0,0,0
826,4,0.006756756756756757,0.006756756756756757,1,0,0,0,0
827,4,0.006756756756756757,0.006756756756756757,1,0,0,0,0
828,4,0.006756756756756757,0.006756756756756757,1,0,0,0,0
829,4,0.006756756756756757,0.006756756756756757,1,0,0,0,0
830,4,0.006756756756756757,0.006756756756756757,1,0,0,0,0
831,4,0.006756756756756757,0.006756756756756757,1,0,0,0,0
832,4,0.006756756756756757,0.006756756756756757,1,0,0,0,0
833,4,0.006756756756756757,0.006756756756756757,1,0,0,0,0
834,4,0.006756756756756757,0.006756756756756757,1,0,0,0,0
835,4,0.006756756756756757,0.006756756756756757,1,0,0,0,0
836,4,0.006756756756756757,0.006756756756756757,1,0,0,0,0
837,4,0.006756756756756757,0.006756756756756757,1,0,0,0,0
838,4,0.006756756756756757,0.006756756756756757,1,0,0,0,0
839,4,0.006756756756756757,0.006756756756756757,1,0,0,0,0
840,4,0.006756756756756757,0.006756756756756757,1,0,0,0,0
841,4,0.006756756756756757,0.006756756756756757,1,0,0,0,0
842,4,0.006756756756756757,0.006756756756756757,1,0,0,0,0
843,4,0.006756756756756757,0.006756756756756757,1,0,0,0,0
844,4,0.006756756756756757,0.006756756756756757,1,0,0,0,0
845,4,0.006756756756756757,0.006756756756756757,1,0,0,0,0
846,4,0.006756756756756757,0.006756756756756757,1,0,0,0,0
847,4,0.006756756756756757,0.006756756756756757,1,0,0,0,0
848,4,0.006756756756756757,0.006756756756756757,1,0,0,0,0
849,4,0.006756756756756757,0.006756756756756757,1,0,0,0,0
850,4,0.006756756756756757,0.006756756756756757,1,0,0,0,0
851,4,0.006756756756756757,0.006756756756756757,1,0,0,0,0
852,3,0.005067567567567568,0.005067567567567568,1,0,-0.25,0,0
853,4,0.006756756756756757,0.006756756756756757,1,0,0.3333333333333333,0,0
854,4,0.006756756756756757,0.006756756756756757,1,0,0,0,0
855,4,0.006756756756756757,0.006756756756756757,1,0,0,0,0
856,4,0.006756756756756757,0.006756756756756757,1,0,0,0,0
857,4,0.006756756756756757,0.006756756756756757,1,0,0,0,0
858,4,0.006756756756756757,0.006756756756756757,1,0,0,0,0
859,4,0.006756756756756757,0.006756756756756757,1,0,0,0,0
860,4,0.006756756756756757,0.006756756756756757,1,0,0,0,0
861,4,0.006756756756756757,0.006756756756756757,1,0,0,0,0
862,4,0.006756756756756757,0.006756756756756757,1,0,0,0,0
863,3,0.005067567567567568,0.005067567567567568,1,0,-0.25,0,0
864,3,0.005067567567567568,0.005067567567567568,1,0,0,0,0
865,3,0.005067567567567568,0.005067567567567568,1,0,0,0,0
866,3,0.005067567567567568,0.006756756756756757,1.3333333333333333,0.0016891891891891893,0,0,-0.33333333333333326
867,4,0.006756756756756757,0.006756756756756757,1,0,0,0,0
868,4,0.006756756756756757,0.006756756756756757,1,0,0,0,0
869,4,0.006756756756756757,0.006756756756756757,1,0,0,0,0
870,4,0.006756756756756757,0.006756756756756757,1,0,0,0,0
871,4,0.006756756756756757,0.006756756756756757,1,0,0,0,0
872,4,0.006756756756756757,0.006756756756756757,1,0,0,0,0
873,4,0.006756756756756757,0.006756756756756757,1,0,0,0,0
874,4,0.006756756756756757,0.006756756756756757,1,0,0,0.19999999999999996,0
875,4,0.006756756756756757,0.006756756756756757,1,0,0,0,0
876,4,0.006756756756756757,0.006756756756756757,1,0,0,0,0
877,4,0.006756756756756757,0.006756756756756757,1,0,0,0,0
878,4,0.006756756756756757,0.006756756756756757,1,0,0,0,0
879,4,0.006756756756756757,0.006756756756756757,1,0,0,0,0
880,4,0.006756756756756757,0.006756756756756757,1,0,0,0,0
881,4,0.006756756756756757,0.006756756756756757,1,0,0,0,0
882,4,0.006756756756756757,0.006756756756756757,1,0,0,0,0
883,4,0.006756756756756757,0.006756756756756757,1,0,0,0,0
884,4,0.006756756756756757,0.006756756756756757,1,0,0,0,0
885,4,0.006756756756756757,0.006756756756756757,1,0,0,0,0
886,4,0.006756756756756757,0.006756756756756757,1,0,0,0,0
887,4,0.006756756756756757,0.006756756756756757,1,0,0,0,0
888,4,0.006756756756756757,0.006756756756756757,1,0,0,0.16666666666666663,0
889,4,0.006756756756756757,0.006756756756756757,1,0,0,0,0
890,4,0.006756756756756757,0.006756756756756757,1,0,0,0,0
891,4,0.006756756756756757,0.006756756756756757,1,0,0,0,0
892,4,0.006756756756756757,0.006756756756756757,1,0,0,0,0
893,4,0.006756756756756757,0.006756756756756757,1,0,0,0.19999999999999996,0
894,4,0.006756756756756757,0.006756756756756757,1,0,0,0,0
895,3,0.005067567567567568,0.005067567567567568,1,0,-0.25,0,0
896,3,0.005067567567567568,0.005067567567567568,1,0,0,0,0
897,3,0.005067567567567568,0.005067567567567568,1,0,0,0,0
898,3,0.005067567567567568,0.005067567567567568,1,0,0,0,0
899,4,0.006756756756756757,0.006756756756756757,1,0,0.3333333333333333,0,0
900,4,0.006756756756756757,0.006756756756756757,1,0,0,0,0
901,4,0.006756756756756757,0.006756756756756757,1,0,0,0,0
902,4,0.006756756756756757,0.006756756756756757,1,0,0,0,0
903,4,0.006756756756756757,0.006756756756756757,1,0,0,0,0
904,4,0.006756756756756757,0.006756756756756757,1,0,0,0,0
905,4,0.006756756756756757,0.006756756756756757,1,0,0,0,0
906,4,0.006756756756756757,0.006756756756756757,1,0,0,0,0
907,4,0.006756756756756757,0.006756756756756757,1,0,0,0,0
908,4,0.006756756756756757,0.006756756756756757,1,0,0,0,0
909,4,0.006756756756756757,0.006756756756756757,1,0,0,0,0
910,4,0.006756756756756757,0.006756756756756757,1,0,0,0,0
911,4,0.006756756756756757,0.006756756756756757,1,0,0,0,0
912,4,0.006756756756756757,0.006756756756756757,1,0,0,0,0
913,4,0.006756756756756757,0.006756756756756757,1,0,0,0,0
914,4,0.006756756756756757,0.006756756756756757,1,0,0,0.19999999999999996,0
915,4,0.006756756756756757,0.005067567567567568,0.75,-0.0016891891891891893,0,0,0.25
916,3,0.005067567567567568,0.005067567567567568,1,0,0,0,0
917,3,0.005067567567567568,0.005067567567567568,1,0,0,0,0
918,3,0.005067567567567568,0.005067567567567568,1,0,0,0,0
919,4,0.006756756756756757,0.006756756756756757,1,0,0.3333333333333333,0,0
920,4,0.006756756756756757,0.006756756756756757,1,0,0,0,0
921,4,0.006756756756756757,0.006756756756756757,1,0,0,0,0
922,4,0.006756756756756757,0.006756756756756757,1,0,0,0,0
923,4,0.006756756756756757,0.006756756756756757,1,0,0,0,0
924,4,0.006756756756756757,0.006756756756756757,1,0,0,0,0
925,4,0.006756756756756757,0.006756756756756757,1,0,0,0,0
926,4,0.006756756756756757,0.006756756756756757,1,0,0,0,0
927,4,0.006756756756756757,0.006756756756756757,1,0,0,0,0
928,4,0.006756756756756757,0.006756756756756757,1,0,0,0,0
929,4,0.006756756756756757,0.006756756756756757,1,0,0,0,0
930,4,0.006756756756756757,0.006756756756756757,1,0,0,0,0
931,4,0.006756756756756757,0.006756756756756757,1,0,0,0,0
932,4,0.006756756756756757,0.006756756756756757,1,0,0,0,0
933,4,0.006756756756756757,0.006756756756756757,1,0,0,0,0
934,4,0.006756756756756757,0.006756756756756757,1,0,0,0,0
935,4,0.006756756756756757,0.006756756756756757,1,0,0,0,0
936,4,0.006756756756756757,0.006756756756756757,1,0,0,0,0
937,4,0.006756756756756757,0.006756756756756757,1,0,0,0,0
938,4,0.006756756756756757,0.006756756756756757,1,0,0,0,0
939,4,0.006756756756756757,0.006756756756756757,1,0,0,0,0
940,4,0.006756756756756757,0.006756756756756757,1,0,0,0,0
941,4,0.006756756756756757,0.006756756756756757,1,0,0,0,0
942,4,0.006756756756756757,0.006756756756756757,1,0,0,0,0
943,4,0.006756756756756757,0.006756756756756757,1,0,0,0,0
944,4,0.006756756756756757,0.006756756756756757,1,0,0,0,0
945,4,0.006756756756756757,0.006756756756756757,1,0,0,0,0
946,4,0.006756756756756757,0.006756756756756757,1,0,0,0,0
947,4,0.006756756756756757,0.006756756756756757,1,0,0,0,0
948,4,0.006756756756756757,0.006756756756756757,1,0,0,0,0
949,4,0.006756756756756757,0.006756756756756757,1,0,0,0,0
950,4,0.006756756756756757,0.006756756756756757,1,0,0,0,0
951,4,0.006756756756756757,0.006756756756756757,1,0,0,0,0
952,4,0.006756756756756757,0.006756756756756757,1,0,0,0,0
953,4,0.006756756756756757,0.006756756756756757,1,0,0,0,0
954,4,0.006756756756756757,0.006756756756756757,1,0,0,0,0
955,4,0.006756756756756757,0.006756756756756757,1,0,0,0,0
956,4,0.006756756756756757,0.006756756756756757,1,0,0,0,0
957,4,0.006756756756756757,0.006756756756756757,1,0,0,0,0
958,3,0.005067567567567568,0.006756756756756757,1.3333333333333333,0.0016891891891891893,-0.25,0,-0.33333333333333326
959,4,0.006756756756756757,0.006756756756756757,1,0,0,0,0
960,4,0.006756756756756757,0.006756756756756757,1,0,0,0,0
961,4,0.006756756756756757,0.006756756756756757,1,0,0,0,0
962,4,0.006756756756756757,0.006756756756756757,1,0,0,0,0
963,4,0.006756756756756757,0.006756756756756757,1,0,0,0,0
964,4,0.006756756756756757,0.006756756756756757,1,0,0,0,0
965,4,0.006756756756756757,0.006756756756756757,1,0,0,0,0
966,4,0.006756756756756757,0.006756756756756757,1,0,0,0,0
967,4,0.006756756756756757,0.006756756756756757,1,0,0,0,0
968,4,0.006756756756756757,0.006756756756756757,1,0,0,0,0
969,4,0.006756756756756757,0.006756756756756757,1,0,0,0,0
970,3,0.005067567567567568,0.005067567567567568,1,0,-0.25,0,0
971,3,0.005067567567567568,0.005067567567567568,1,0,0,0,0
972,3,0.005067567567567568,0.005067567567567568,1,0,0,0,0
973,3,0.005067567567567568,0.005067567567567568,1,0,0,0,0
974,3,0.005067567567567568,0.005067567567567568,1,0,0,0,0
975,3,0.005067567567567568,0.005067567567567568,1,0,0,0,0
976,4,0.006756756756756757,0.006756756756756757,1,0,0.3333333333333333,0,0
977,4,0.006756756756756757,0.005067567567567568,0.75,-0.0016891891891891893,0,0,0.25
978,3,0.005067567567567568,0.005067567567567568,1,0,0,0,0
979,3,0.005067567567567568,0.005067567567567568,1,0,0,0,0
980,3,0.005067567567567568,0.005067567567567568,1,0,0,0,0
981,4,0.006756756756756757,0.006756756756756757,1,0,0.3333333333333333,0,0
982,3,0.005067567567567568,0.005067567567567568,1,0,-0.25,0,0
983,3,0.005067567567567568,0.005067567567567568,1,0,0,0,0
984,3,0.005067567567567568,0.006756756756756757,1.3333333333333333,0.0016891891891891893,0,0,-0.33333333333333326
985,4,0.006756756756756757,0.006756756756756757,1,0,0,0,0
986,4,0.006756756756756757,0.006756756756756757,1,0,0,0,0
987,4,0.006756756756756757,0.005067567567567568,0.75,-0.0016891891891891893,0,0,0.25
988,3,0.005067567567567568,0.005067567567567568,1,0,0,0,0
989,3,0.005067567567567568,0.005067567567567568,1,0,0,0,0
990,3,0.005067567567567568,0.005067567567567568,1,0,0,0,0
991,4,0.006756756756756757,0.006756756756756757,1,0,0.3333333333333333,0,0
992,4,0.006756756756756757,0.006756756756756757,1,0,0,0,0
993,4,0.006756756756756757,0.006756756756756757,1,0,0,0,0
994,4,0.006756756756756757,0.006756756756756757,1,0,0,0,0
995,4,0.006756756756756757,0.006756756756756757,1,0,0,0,0
996,4,0.006756756756756757,0.006756756756756757,1,0,0,0,0
997,4,0.006756756756756757,0.006756756756756757,1,0,0,0,0
998,4,0.006756756756756757,0.006756756756756757,1,0,0,0,0
999,4,0.006756756756756757,0.006756756756756757,1,0,0,0,0
1000,4,0.006756756756756757,0.006756756756756757,1,0,0,0,0
1001,4,0.006756756756756757,0.006756756756756757,1,0,0,0,0
1002,4,0.006756756756756757,0.006756756756756757,1,0,0,0,0
1003,4,0.006756756756756757,0.006756756756756757,1,0,0,0,0
1004,4,0.006756756756756757,0.006756756756756757,1,0,0,0,0
1005,4,0.006756756756756757,0.006756756756756757,1,0,0,0,0
1006,4,0.006756756756756757,0.006756756756756757,1,0,0,0,0
1007,4,0.006756756756756757,0.006756756756756757,1,0,0,0,0
1008,4,0.006756756756756757,0.006756756756756757,1,0,0,0,0
1009,4,0.006756756756756757,0.006756756756756757,1,0,0,0,0
1010,4,0.006756756756756757,0.006756756756756757,1,0,0,0,0
1011,4,0.006756756756756757,0.006756756756756757,1,0,0,0,0
1012,4,0.006756756756756757,0.006756756756756757,1,0,0,0,0
1013,4,0.006756756756756757,0.006756756756756757,1,0,0,0,0
1014,4,0.006756756756756757,0.006756756756756757,1,0,0,0,0
1015,4,0.006756756756756757,0.006756756756756757,1,0,0,0,0
1016,4,0.006756756756756757,0.006756756756756757,1,0,0,0,0
1017,4,0.006756756756756757,0.006756756756756757,1,0,0,0,0
1018,4,0.006756756756756757,0.006756756756756757,1,0,0,0,0
1019,4,0.006756756756756757,0.006756756756756757,1,0,0,0,0
1020,3,0.005067567567567568,0.005067567567567568,1,0,-0.25,0,0
1021,4,0.006756756756756757,0.006756756756756757,1,0,0.3333333333333333,0,0
1022,4,0.006756756756756757,0.006756756756756757,1,0,0,0,0
1023,4,0.006756756756756757,0.006756756756756757,1,0,0,0,0
1024,4,0.006756756756756757,0.006756756756756757,1,0,0,0,0
1025,4,0.006756756756756757,0.006756756756756757,1,0,0,0,0
1026,4,0.006756756756756757,0.006756756756756757,1,0,0,0,0
1027,4,0.006756756756756757,0.006756756756756757,1,0,0,0,0
1028,4,0.006756756756756757,0.006756756756756757,1,0,0,0,0
1029,4,0.006756756756756757,0.006756756756756757,1,0,0,0,0
1030,4,0.006756756756756757,0.006756756756756757,1,0,0,0,0
1031,4,0.006756756756756757,0.006756756756756757,1,0,0,0,0
1032,4,0.006756756756756757,0.006756756756756757,1,0,0,0,0
1033,4,0.006756756756756757,0.006756756756756757,1,0,0,0,0
1034,4,0.006756756756756757,0.006756756756756757,1,0,0,0,0
1035,4,0.006756756756756757,0.006756756756756757,1,0,0,0,0
1036,4,0.006756756756756757,0.006756756756756757,1,0,0,0,0
1037,4,0.006756756756756757,0.006756756756756757,1,0,0,0,0
1038,4,0.006756756756756757,0.006756756756756757,1,0,0,0,0
1039,5,0.008445945945945946,0.008445945945945946,1,0,0,0,0
1040,4,0.006756756756756757,0.006756756756756757,1,0,-0.2,0,0
1041,4,0.006756756756756757,0.006756756756756757,1,0,0,0,0
1042,4,0.006756756756756757,0.006756756756756757,1,0,0,0,0
1043,4,0.006756756756756757,0.006756756756756757,1,0,0,0,0
1044,4,0.006756756756756757,0.006756756756756757,1,0,0,0.16666666666666663,0
1045,4,0.006756756756756757,0.006756756756756757,1,0,0,0,0
1046,4,0.006756756756756757,0.006756756756756757,1,0,0,0.19999999999999996,0
1047,4,0.006756756756756757,0.006756756756756757,1,0,0,0,0
1048,4,0.006756756756756757,0.006756756756756757,1,0,0,0,0
1049,4,0.006756756756756757,0.006756756756756757,1,0,0,0,0
1050,4,0.006756756756756757,0.006756756756756757,1,0,0,0,0
1051,4,0.006756756756756757,0.006756756756756757,1,0,0,0,0
1052,4,0.006756756756756757,0.006756756756756757,1,0,0,0,0
1053,4,0.006756756756756757,0.006756756756756757,1,0,0,0,0
1054,4,0.006756756756756757,0.006756756756756757,1,0,0,0,0
1055,4,0.006756756756756757,0.006756756756756757,1,0,0,0,0
1056,4,0.006756756756756757,0.006756756756756757,1,0,0,0,0
1057,4,0.006756756756756757,0.006756756756756757,1,0,0,0,0
1058,4,0.006756756756756757,0.006756756756756757,1,0,0,0,0
1059,4,0.006756756756756757,0.006756756756756757,1,0,0,0,0
1060,4,0.006756756756756757,0.006756756756756757,1,0,0,0,0
1061,4,0.006756756756756757,0.006756756756756757,1,0,0,0,0
1062,4,0.006756756756756757,0.006756756756756757,1,0,0,0,0
1063,4,0.006756756756756757,0.006756756756756757,1,0,0,0,0
1064,4,0.006756756756756757,0.006756756756756757,1,0,0,0,0
1065,4,0.006756756756756757,0.006756756756756757,1,0,0,0,0
1066,4,0.006756756756756757,0.006756756756756757,1,0,0,0,0
1067,4,0.006756756756756757,0.006756756756756757,1,0,0,0,0
1068,4,0.006756756756756757,0.006756756756756757,1,0,0,0,0
1069,4,0.006756756756756757,0.006756756756756757,1,0,0,0,0
1070,4,0.006756756756756757,0.006756756756756757,1,0,0,0,0
1071,4,0.006756756756756757,0.006756756756756757,1,0,0,0,0
1072,4,0.006756756756756757,0.006756756756756757,1,0,0,0,0
1073,4,0.006756756756756757,0.006756756756756757,1,0,0,0,0
1074,4,0.006756756756756757,0.006756756756756757,1,0,0,0,0
1075,4,0.006756756756756757,0.006756756756756757,1,0,0,0,0
1076,4,0.006756756756756757,0.006756756756756757,1,0,0,0,0
1077,4,0.006756756756756757,0.006756756756756757,1,0,0,0,0
1078,4,0.006756756756756757,0.006756756756756757,1,0,0,0,0
1079,4,0.006756756756756757,0.006756756756756757,1,0,0,0,0
1080,4,0.006756756756756757,0.006756756756756757,1,0,0,0,0
1081,4,0.006756756756756757,0.006756756756756757,1,0,0,0,0
1082,3,0.005067567567567568,0.005067567567567568,1,0,0,0,0
1083,3,0.005067567567567568,0.005067567567567568,1,0,0,0,0
1084,3,0.005067567567567568,0.005067567567567568,1,0,0,0,0
1085,3,0.005067567567567568,0.005067567567567568,1,0,0,0,0
1086,3,0.005067567567567568,0.005067567567567568,1,0,0,0,0
1087,3,0.005067567567567568,0.005067567567567568,1,0,0,0,0
1088,3,0.005067567567567568,0.005067567567567568,1,0,0,0,0
1089,3,0.005067567567567568,0.005067567567567568,1,0,0,0,0
1090,3,0.005067567567567568,0.005067567567567568,1,0,0,0,0
1091,3,0.005067567567567568,0.005067567567567568,1,0,0,0,0
1092,3,0.005067567567567568,0.005067567567567568,1,0,0,0,0
1093,3,0.005067567567567568,0.005067567567567568,1,0,0,0,0
1094,3,0.005067567567567568,0.005067567567567568,1,0,0,0,0
1095,3,0.005067567567567568,0.005067567567567568,1,0,0,0,0
1096,3,0.005067567567567568,0.005067567567567568,1,0,0,0,0
1097,3,0.005067567567567568,0.005067567567567568,1,0,0,0,0
1098,3,0.005067567567567568,0.005067567567567568,1,0,0,0,0
1099,3,0.005067567567567568,0.005067567567567568,1,0,0,0,0
1100,3,0.005067567567567568,0.005067567567567568,1,0,0,0,0
1101,3,0.005067567567567568,0.005067567567567568,1,0,0,0,0
1102,3,0.005067567567567568,0.005067567567567568,1,0,0,0,0
1103,3,0.005067567567567568,0.005067567567567568,1,0,0,0,0
1104,3,0.005067567567567568,0.005067567567567568,1,0,0,0,0
1105,3,0.005067567567567568,0.005067567567567568,1,0,0,0,0
1106,3,0.005067567567567568,0.005067567567567568,1,0,0,0,0
1107,3,0.005067567567567568,0.005067567567567568,1,0,0,0,0
1108,3,0.005067567567567568,0.005067567567567568,1,0,0,0,0
1109,4,0.006756756756756757,0.006756756756756757,1,0,0,0,0
1110,4,0.006756756756756757,0.006756756756756757,1,0,0,0,0
1111,4,0.006756756756756757,0.006756756756756757,1,0,0,0,0
1112,4,0.006756756756756757,0.006756756756756757,1,0,0,0,0
1113,4,0.006756756756756757,0.006756756756756757,1,0,0,0,0
1114,4,0.006756756756756757,0.006756756756756757,1,0,0,0.19999999999999996,0
1115,4,0.006756756756756757,0.006756756756756757,1,0,0,0,0
1116,4,0.006756756756756757,0.006756756756756757,1,0,0,0.19999999999999996,0
1117,4,0.006756756756756757,0.006756756756756757,1,0,0,0,0
1118,4,0.006756756756756757,0.006756756756756757,1,0,0,0,0
1119,4,0.006756756756756757,0.006756756756756757,1,0,0,0,0
1120,4,0.006756756756756757,0.006756756756756757,1,0,0,0.16666666666666663,0
1121,4,0.006756756756756757,0.006756756756756757,1,0,0,0.19999999999999996,0
1122,4,0.006756756756756757,0.006756756756756757,1,0,0,0.16666666666666663,0
1123,4,0.006756756756756757,0.006756756756756757,1,0,0,0,0
1124,4,0.006756756756756757,0.006756756756756757,1,0,0,0,0
1125,4,0.006756756756756757,0.006756756756756757,1,0,0,0,0
1126,4,0.006756756756756757,0.006756756756756757,1,0,0,0,0
1127,4,0.006756756756756757,0.006756756756756757,1,0,0,0,0
1128,4,0.006756756756756757,0.006756756756756757,1,0,0,0,0
1129,4,0.006756756756756757,0.006756756756756757,1,0,0,0.19999999999999996,0
1130,4,0.006756756756756757,0.006756756756756757,1,0,0,0.16666666666666663,0
1131,4,0.006756756756756757,0.006756756756756757,1,0,0,0,0
1132,4,0.006756756756756757,0.006756756756756757,1,0,0,0,0
1133,4,0.006756756756756757,0.006756756756756757,1,0,0,0,0
1134,4,0.006756756756756757,0.006756756756756757,1,0,0,0,0
1135,4,0.006756756756756757,0.006756756756756757,1,0,0,0,0
1136,4,0.006756756756756757,0.006756756756756757,1,0,0,0,0
1137,4,0.006756756756756757,0.006756756756756757,1,0,0,0,0
1138,4,0.006756756756756757,0.006756756756756757,1,0,0,0,0
1139,4,0.006756756756756757,0.006756756756756757,1,0,0,0.19999999999999996,0
1140,4,0.006756756756756757,0.006756756756756757,1,0,0,0,0
1141,4,0.006756756756756757,0.006756756756756757,1,0,0,0.19999999999999996,0
1142,4,0.006756756756756757,0.006756756756756757,1,0,0,0,0
1143,4,0.006756756756756757,0.006756756756756757,1,0,0,0,0
1144,4,0.006756756756756757,0.005067567567567568,0.75,-0.0016891891891891893,0,0,0.25
1145,3,0.005067567567567568,0.005067567567567568,1,0,0,0.25,0
1146,4,0.006756756756756757,0.006756756756756757,1,0,0.3333333333333333,0,0
1147,4,0.006756756756756757,0.006756756756756757,1,0,0,0,0
1148,4,0.006756756756756757,0.006756756756756757,1,0,0,0.33333333333333337,0
1149,4,0.006756756756756757,0.006756756756756757,1,0,0,0,0
1150,4,0.006756756756756757,0.006756756756756757,1,0,0,0,0
1151,4,0.006756756756756757,0.006756756756756757,1,0,0,0,0
1152,4,0.006756756756756757,0.006756756756756757,1,0,0,0,0
1153,4,0.006756756756756757,0.006756756756756757,1,0,0,0,0
1154,4,0.006756756756756757,0.006756756756756757,1,0,0,0,0
1155,4,0.006756756756756757,0.006756756756756757,1,0,0,0,0
1156,4,0.006756756756756757,0.006756756756756757,1,0,0,0,0
1157,4,0.006756756756756757,0.006756756756756757,1,0,0,0,0
1158,4,0.006756756756756757,0.006756756756756757,1,0,0,0,0
1159,4,0.006756756756756757,0.006756756756756757,1,0,0,0,0
1160,4,0.006756756756756757,0.006756756756756757,1,0,0,0,0
1161,4,0.006756756756756757,0.006756756756756757,1,0,0,0,0
1162,4,0.006756756756756757,0.006756756756756757,1,0,0,0,0
1163,4,0.006756756756756757,0.006756756756756757,1,0,0,0,0
1164,4,0.006756756756756757,0.006756756756756757,1,0,0,0,0
1165,4,0.006756756756756757,0.006756756756756757,1,0,0,0,0
1166,4,0.006756756756756757,0.006756756756756757,1,0,0,0,0
1167,4,0.006756756756756757,0.006756756756756757,1,0,0,0,0
1168,4,0.006756756756756757,0.006756756756756757,1,0,0,0.16666666666666663,0
1169,4,0.006756756756756757,0.006756756756756757,1,0,0,0,0
1170,3,0.005067567567567568,0.005067567567567568,1,0,0,0,0
1171,3,0.005067567567567568,0.005067567567567568,1,0,0,0,0
1172,3,0.005067567567567568,0.005067567567567568,1,0,0,0,0
1173,4,0.006756756756756757,0.006756756756756757,1,0,0,0,0
1174,3,0.005067567567567568,0.005067567567567568,1,0,0,0,0
1175,3,0.005067567567567568,0.005067567567567568,1,0,0,0,0
1176,3,0.005067567567567568,0.005067567567567568,1,0,0,0.25,0
1177,3,0.005067567567567568,0.005067567567567568,1,0,0,0.19999999999999996,0
1178,3,0.005067567567567568,0.005067567567567568,1,0,0,0,0
1179,3,0.005067567567567568,0.005067567567567568,1,0,0,0.19999999999999996,0
1180,3,0.005067567567567568,0.005067567567567568,1,0,0,0.4,0
1181,3,0.005067567567567568,0.005067567567567568,1,0,0,0,0
1182,3,0.005067567567567568,0.005067567567567568,1,0,0,0,0
1183,3,0.005067567567567568,0.005067567567567568,1,0,0,0.4285714285714286,0
1184,3,0.005067567567567568,0.005067567567567568,1,0,0,0.19999999999999996,0
1185,3,0.005067567567567568,0.005067567567567568,1,0,0,0,0
1186,3,0.005067567567567568,0.005067567567567568,1,0,0,0,0
1187,3,0.005067567567567568,0.005067567567567568,1,0,0,0,0
1188,3,0.005067567567567568,0.005067567567567568,1,0,0,0,0
1189,3,0.005067567567567568,0.005067567567567568,1,0,0,0,0
1190,3,0.005067567567567568,0.005067567567567568,1,0,0,0.25,0
1191,3,0.005067567567567568,0.005067567567567568,1,0,0,0,0
1192,3,0.005067567567567568,0.005067567567567568,1,0,0,0,0
1193,3,0.005067567567567568,0.005067567567567568,1,0,0,0.25,0
1194,2,0.0033783783783783786,0.0033783783783783786,1,0,0,0,0
1195,2,0.0033783783783783786,0.0033783783783783786,1,0,0,0,0
1196,2,0.0033783783783783786,0.0033783783783783786,1,0,0,0,0
1197,2,0.0033783783783783786,0.0033783783783783786,1,0,0,0,0
1198,2,0.0033783783783783786,0.0033783783783783786,1,0,0,0,0
1199,2,0.0033783783783783786,0.0033783783783783786,1,0,0,0,0
1200,2,0.0033783783783783786,0.0033783783783783786,1,0,0,0,0
1201,2,0.0033783783783783786,0.0033783783783783786,1,0,0,0,0
1202,2,0.0033783783783783786,0.0033783783783783786,1,0,0,0,0
1203,2,0.0033783783783783786,0.0033783783783783786,1,0,0,0,0
1204,2,0.0033783783783783786,0.0033783783783783786,1,0,0,0,0
1205,2,0.0033783783783783786,0.0033783783783783786,1,0,0,0,0
1206,2,0.0033783783783783786,0.0033783783783783786,1,0,0,0,0
1207,2,0.0033783783783783786,0.0033783783783783786,1,0,0,0,0
1208,2,0.0033783783783783786,0.0033783783783783786,1,0,0,0,0
1209,2,0.0033783783783783786,0.0033783783783783786,1,0,0,0,0
1210,2,0.0033783783783783786,0.0033783783783783786,1,0,0,0,0
1211,2,0.0033783783783783786,0.0033783783783783786,1,0,0,0,0
1212,2,0.0033783783783783786,0.0033783783783783786,1,0,0,0,0
1213,2,0.0033783783783783786,0.0033783783783783786,1,0,0,0,0
1214,3,0.005067567567567568,0.005067567567567568,1,0,0,0,0
1215,3,0.005067567567567568,0.005067567567567568,1,0,0,0,0
1216,3,0.005067567567567568,0.005067567567567568,1,0,0,0.2857142857142857,0
1217,3,0.005067567567567568,0.005067567567567568,1,0,0,0,0
1218,3,0.005067567567567568,0.005067567567567568,1,0,0,0,0
1219,3,0.005067567567567568,0.005067567567567568,1,0,0,0,0
1220,3,0.005067567567567568,0.005067567567567568,1,0,0,0,0
1221,3,0.005067567567567568,0.005067567567567568,1,0,0,0.25,0
1222,3,0.005067567567567568,0.005067567567567568,1,0,0,0,0
1223,3,0.005067567567567568,0.005067567567567568,1,0,0,0.25,0
1224,3,0.005067567567567568,0.005067567567567568,1,0,0,0.33333333333333337,0
1225,3,0.005067567567567568,0.005067567567567568,1,0,0,0.5,0
1226,2,0.0033783783783783786,0.0033783783783783786,1,0,0,0,0
1227,2,0.0033783783783783786,0.0033783783783783786,1,0,0,0,0
1228,2,0.0033783783783783786,0.0033783783783783786,1,0,0,0,0
1229,2,0.0033783783783783786,0.0033783783783783786,1,0,0,0,0
1230,2,0.0033783783783783786,0.0033783783783783786,1,0,0,0,0
1231,2,0.0033783783783783786,0.0033783783783783786,1,0,0,0,0
1232,2,0.0033783783783783786,0.0033783783783783786,1,0,0,0,0
1233,2,0.0033783783783783786,0.0033783783783783786,1,0,0,0,0
1234,2,0.0033783783783783786,0.0033783783783783786,1,0,0,0,0
1235,2,0.0033783783783783786,0.0033783783783783786,1,0,0,0,0
1236,2,0.0033783783783783786,0.0033783783783783786,1,0,0,0,0
1237,2,0.0033783783783783786,0.0033783783783783786,1,0,0,0,0
1238,2,0.0033783783783783786,0.0033783783783783786,1,0,0,0,0
1239,2,0.0033783783783783786,0.0033783783783783786,1,0,0,0,0
1240,2,0.0033783783783783786,0.0033783783783783786,1,0,0,0,0
1241,2,0.0033783783783783786,0.0033783783783783786,1,0,0,0,0
1242,2,0.0033783783783783786,0.0033783783783783786,1,0,0,0,0
1243,2,0.0033783783783783786,0.0033783783783783786,1,0,0,0,0
1244,2,0.0033783783783783786,0.0033783783783783786,1,0,0,0.33333333333333337,0
1245,3,0.005067567567567568,0.005067567567567568,1,0,0,0,0
1246,3,0.005067567567567568,0.005067567567567568,1,0,0,0,0
1247,3,0.005067567567567568,0.005067567567567568,1,0,0,0,0
1248,3,0.005067567567567568,0.005067567567567568,1,0,0,0,0
1249,3,0.005067567567567568,0.005067567567567568,1,0,0,0,0
1250,3,0.005067567567567568,0.005067567567567568,1,0,0,0.4,0
1251,3,0.005067567567567568,0.005067567567567568,1,0,0,0,0
1252,3,0.005067567567567568,0.005067567567567568,1,0,0,0,0
1253,3,0.005067567567567568,0.005067567567567568,1,0,0,0,0
1254,3,0.005067567567567568,0.005067567567567568,1,0,0,0,0
1255,3,0.005067567567567568,0.005067567567567568,1,0,0,0,0
1256,3,0.005067567567567568,0.005067567567567568,1,0,0,0,0
1257,3,0.005067567567567568,0.005067567567567568,1,0,0,0,0
1258,3,0.005067567567567568,0.005067567567567568,1,0,0,0,0
1259,3,0.005067567567567568,0.005067567567567568,1,0,0,0,0
1260,3,0.005067567567567568,0.005067567567567568,1,0,0,0,0
1261,3,0.005067567567567568,0.005067567567567568,1,0,0,0,0
1262,3,0.005067567567567568,0.005067567567567568,1,0,0,0,0
1263,3,0.005067567567567568,0.005067567567567568,1,0,0,0,0
1264,3,0.005067567567567568,0.005067567567567568,1,0,0,0,0
1265,3,0.005067567567567568,0.005067567567567568,1,0,0,0,0
1266,3,0.005067567567567568,0.005067567567567568,1,0,0,0,0
1267,3,0.005067567567567568,0.005067567567567568,1,0,0,0,0
1268,3,0.005067567567567568,0.005067567567567568,1,0,0,0,0
1269,3,0.005067567567567568,0.005067567567567568,1,0,0,0,0
1270,3,0.005067567567567568,0.005067567567567568,1,0,0,0,0
1271,3,0.005067567567567568,0.005067567567567568,1,0,0,0,0
1272,3,0.005067567567567568,0.005067567567567568,1,0,0,0,0
1273,3,0.005067567567567568,0.005067567567567568,1,0,0,0,0
1274,3,0.005067567567567568,0.005067567567567568,1,0,0,0,0
1275,3,0.005067567567567568,0.005067567567567568,1,0,0,0,0
1276,3,0.005067567567567568,0.005067567567567568,1,0,0,0,0
1277,3,0.005067567567567568,0.005067567567567568,1,0,0,0,0
1278,3,0.005067567567567568,0.005067567567567568,1,0,0,0,0
1279,3,0.005067567567567568,0.005067567567567568,1,0,0,0,0
1280,3,0.005067567567567568,0.005067567567567568,1,0,0,0,0
1281,3,0.005067567567567568,0.005067567567567568,1,0,0,0,0
1282,3,0.005067567567567568,0.005067567567567568,1,0,0,0,0
1283,3,0.005067567567567568,0.005067567567567568,1,0,0,0,0
1284,3,0.005067567567567568,0.005067567567567568,1,0,0,0,0
1285,3,0.005067567567567568,0.005067567567567568,1,0,0,0,0
1286,3,0.005067567567567568,0.005067567567567568,1,0,0,0,0
1287,3,0.005067567567567568,0.005067567567567568,1,0,0,0,0
1288,2,0.0033783783783783786,0.0033783783783783786,1,0,0,0,0
1289,2,0.0033783783783783786,0.0033783783783783786,1,0,0,0,0
1290,2,0.0033783783783783786,0.0033783783783783786,1,0,0,0,0
1291,2,0.0033783783783783786,0.0033783783783783786,1,0,0,0,0
1292,3,0.005067567567567568,0.005067567567567568,1,0,0,0,0
1293,3,0.005067567567567568,0.005067567567567568,1,0,0,0,0
1294,3,0.005067567567567568,0.005067567567567568,1,0,0,0,0
1295,3,0.005067567567567568,0.005067567567567568,1,0,0,0,0
1296,3,0.005067567567567568,0.005067567567567568,1,0,0,0,0
1297,3,0.005067567567567568,0.005067567567567568,1,0,0,0,0
1298,3,0.005067567567567568,0.005067567567567568,1,0,0,0,0
1299,3,0.005067567567567568,0.005067567567567568,1,0,0,0,0
1300,3,0.005067567567567568,0.005067567567567568,1,0,0,0,0
1301,3,0.005067567567567568,0.005067567567567568,1,0,0,0,0
1302,3,0.005067567567567568,0.005067567567567568,1,0,0,0,0
1303,3,0.005067567567567568,0.005067567567567568,1,0,0,0,0
1304,3,0.005067567567567568,0.005067567567567568,1,0,0,0,0
1305,3,0.005067567567567568,0.005067567567567568,1,0,0,0,0
1306,3,0.005067567567567568,0.005067567567567568,1,0,0,0,0
1307,3,0.005067567567567568,0.005067567567567568,1,0,0,0,0
1308,3,0.005067567567567568,0.005067567567567568,1,0,0,0.25,0
1309,3,0.005067567567567568,0.005067567567567568,1,0,0,0,0
1310,3,0.005067567567567568,0.005067567567567568,1,0,0,0,0
1311,3,0.005067567567567568,0.005067567567567568,1,0,0,0,0
1312,3,0.005067567567567568,0.005067567567567568,1,0,0,0,0
1313,3,0.005067567567567568,0.005067567567567568,1,0,0,0,0
1314,3,0.005067567567567568,0.005067567567567568,1,0,0,0,0
1315,3,0.005067567567567568,0.005067567567567568,1,0,0,0,0
1316,3,0.005067567567567568,0.005067567567567568,1,0,0,0,0
1317,3,0.005067567567567568,0.005067567567567568,1,0,0,0,0
1318,3,0.005067567567567568,0.005067567567567568,1,0,0,0,0
1319,3,0.005067567567567568,0.005067567567567568,1,0,0,0,0
1320,3,0.005067567567567568,0.005067567567567568,1,0,0,0,0
1321,3,0.005067567567567568,0.005067567567567568,1,0,0,0,0
1322,3,0.005067567567567568,0.005067567567567568,1,0,0,0,0
1323,3,0.005067567567567568,0.005067567567567568,1,0,0,0,0
1324,3,0.005067567567567568,0.005067567567567568,1,0,0,0,0
1325,3,0.005067567567567568,0.005067567567567568,1,0,0,0,0
1326,3,0.005067567567567568,0.005067567567567568,1,0,0,0,0
1327,3,0.005067567567567568,0.005067567567567568,1,0,0,0,0
1328,3,0.005067567567567568,0.005067567567567568,1,0,0,0,0
1329,3,0.005067567567567568,0.005067567567567568,1,0,0,0,0
1330,3,0.005067567567567568,0.005067567567567568,1,0,0,0,0
1331,3,0.005067567567567568,0.005067567567567568,1,0,0,0,0
1332,3,0.005067567567567568,0.005067567567567568,1,0,0,0,0
1333,3,0.005067567567567568,0.005067567567567568,1,0,0,0,0
1334,3,0.005067567567567568,0.005067567567567568,1,0,0,0,0
1335,3,0.005067567567567568,0.005067567567567568,1,0,0,0,0
1336,3,0.005067567567567568,0.005067567567567568,1,0,0,0,0
1337,3,0.005067567567567568,0.005067567567567568,1,0,0,0,0
1338,3,0.005067567567567568,0.005067567567567568,1,0,0,0,0
1339,3,0.005067567567567568,0.005067567567567568,1,0,0,0,0
1340,3,0.005067567567567568,0.005067567567567568,1,0,0,0,0
1341,3,0.005067567567567568,0.005067567567567568,1,0,0,0,0
1342,3,0.005067567567567568,0.005067567567567568,1,0,0,0.25,0
1343,3,0.005067567567567568,0.005067567567567568,1,0,0,0.25,0
1344,3,0.005067567567567568,0.005067567567567568,1,0,0,0.19999999999999996,0
1345,3,0.005067567567567568,0.005067567567567568,1,0,0,0,0
1346,3,0.005067567567567568,0.005067567567567568,1,0,0,0,0
1347,3,0.005067567567567568,0.005067567567567568,1,0,0,0,0
1348,3,0.005067567567567568,0.005067567567567568,1,0,0,0,0
1349,3,0.005067567567567568,0.005067567567567568,1,0,0,0,0
1350,3,0.005067567567567568,0.005067567567567568,1,0,0,0,0
1351,3,0.005067567567567568,0.005067567567567568,1,0,0,0,0
1352,3,0.005067567567567568,0.005067567567567568,1,0,0,0,0
1353,3,0.005067567567567568,0.005067567567567568,1,0,0,0,0
1354,3,0.005067567567567568,0.005067567567567568,1,0,0,0,0
1355,3,0.005067567567567568,0.005067567567567568,1,0,0,0,0
1356,3,0.005067567567567568,0.005067567567567568,1,0,0,0,0
1357,3,0.005067567567567568,0.005067567567567568,1,0,0,0,0
1358,3,0.005067567567567568,0.005067567567567568,1,0,0,0,0
1359,3,0.005067567567567568,0.005067567567567568,1,0,0,0,0
1360,3,0.005067567567567568,0.005067567567567568,1,0,0,0,0
1361,3,0.005067567567567568,0.005067567567567568,1,0,0,0,0
1362,3,0.005067567567567568,0.005067567567567568,1,0,0,0,0
1363,3,0.005067567567567568,0.005067567567567568,1,0,0,0,0
1364,3,0.005067567567567568,0.005067567567567568,1,0,0,0,0
1365,3,0.005067567567567568,0.005067567567567568,1,0,0,0,0
1366,3,0.005067567567567568,0.005067567567567568,1,0,0,0,0
1367,3,0.005067567567567568,0.005067567567567568,1,0,0,0,0
1368,3,0.005067567567567568,0.005067567567567568,1,0,0,0,0
1369,3,0.005067567567567568,0.005067567567567568,1,0,0,0,0
1370,3,0.005067567567567568,0.005067567567567568,1,0,0,0,0
1371,3,0.005067567567567568,0.005067567567567568,1,0,0,0,0
1372,3,0.005067567567567568,0.005067567567567568,1,0,0,0,0
1373,3,0.005067567567567568,0.005067567567567568,1,0,0,0,0
1374,3,0.005067567567567568,0.005067567567567568,1,0,0,0,0
1375,3,0.005067567567567568,0.005067567567567568,1,0,0,0,0
1376,3,0.005067567567567568,0.005067567567567568,1,0,0,0,0
1377,3,0.005067567567567568,0.005067567567567568,1,0,0,0,0
1378,3,0.005067567567567568,0.005067567567567568,1,0,0,0,0
1379,3,0.005067567567567568,0.005067567567567568,1,0,0,0,0
1380,3,0.005067567567567568,0.005067567567567568,1,0,0,0,0
1381,3,0.005067567567567568,0.005067567567567568,1,0,0,0,0
1382,3,0.005067567567567568,0.005067567567567568,1,0,0,0,0
1383,2,0.0033783783783783786,0.0033783783783783786,1,0,-0.3333333333333333,0,0
1384,2,0.0033783783783783786,0.0033783783783783786,1,0,0,0,0
1385,2,0.0033783783783783786,0.0033783783783783786,1,0,0,0,0
1386,2,0.0033783783783783786,0.0033783783783783786,1,0,0,0,0
1387,2,0.0033783783783783786,0.0033783783783783786,1,0,0,0,0
1388,2,0.0033783783783783786,0.0033783783783783786,1,0,0,0,0
1389,2,0.0033783783783783786,0.0033783783783783786,1,0,0,0,0
1390,2,0.0033783783783783786,0.0033783783783783786,1,0,0,0,0
1391,2,0.0033783783783783786,0.0033783783783783786,1,0,0,0,0
1392,2,0.0033783783783783786,0.0033783783783783786,1,0,0,0,0
1393,2,0.0033783783783783786,0.0033783783783783786,1,0,0,0,0
1394,2,0.0033783783783783786,0.0033783783783783786,1,0,0,0,0
1395,2,0.0033783783783783786,0.0033783783783783786,1,0,0,0,0
1396,2,0.0033783783783783786,0.0033783783783783786,1,0,0,0,0
1397,2,0.0033783783783783786,0.0033783783783783786,1,0,0,0,0
1398,1,0.0016891891891891893,0.0016891891891891893,1,0,0,0,0
1399,1,0.0016891891891891893,0.0016891891891891893,1,0,0,0,0
1400,1,0.0016891891891891893,0.0016891891891891893,1,0,0,0,0
1401,1,0.0016891891891891893,0.0016891891891891893,1,0,0,0,0
1402,2,0.0033783783783783786,0.0033783783783783786,1,0,0,0,0
1403,2,0.0033783783783783786,0.0033783783783783786,1,0,0,0.33333333333333337,0
1404,2,0.0033783783783783786,0.0033783783783783786,1,0,0,0.19999999999999996,0
1405,2,0.0033783783783783786,0.0033783783783783786,1,0,0,0,0
1406,2,0.0033783783783783786,0.0033783783783783786,1,0,0,0.33333333333333337,0
1407,2,0.0033783783783783786,0.0033783783783783786,1,0,0,0,0
1408,2,0.0033783783783783786,0.0033783783783783786,1,0,0,0,0
1409,2,0.0033783783783783786,0.0033783783783783786,1,0,0,0.33333333333333337,0
1410,2,0.0033783783783783786,0.0033783783783783786,1,0,0,0,0
1411,2,0.0033783783783783786,0.0033783783783783786,1,0,0,0,0
1412,2,0.0033783783783783786,0.0033783783783783786,1,0,0,0,0
1413,2,0.0033783783783783786,0.0033783783783783786,1,0,0,0,0
1414,2,0.0033783783783783786,0.0033783783783783786,1,0,0,0,0
1415,2,0.0033783783783783786,0.0033783783783783786,1,0,0,0,0
1416,2,0.0033783783783783786,0.0033783783783783786,1,0,0,0,0
1417,2,0.0033783783783783786,0.0033783783783783786,1,0,0,0,0
1418,2,0.0033783783783783786,0.0033783783783783786,1,0,0,0,0
1419,1,0.0016891891891891893,0.0016891891891891893,1,0,0,0,0
1420,1,0.0016891891891891893,0.0016891891891891893,1,0,0,0,0
1421,1,0.0016891891891891893,0.0016891891891891893,1,0,0,0,0
1422,1,0.0016891891891891893,0.0016891891891891893,1,0,0,0,0
1423,1,0.0016891891891891893,0.0016891891891891893,1,0,0,0,0
1424,1,0.0016891891891891893,0.0016891891891891893,1,0,0,0,0
1425,1,0.0016891891891891893,0.0016891891891891893,1,0,0,0,0
1426,1,0.0016891891891891893,0.0016891891891891893,1,0,0,0,0
1427,1,0.0016891891891891893,0.0016891891891891893,1,0,0,0,0
1428,2,0.0033783783783783786,0.0033783783783783786,1,0,0,0,0
1429,2,0.0033783783783783786,0.0033783783783783786,1,0,0,0,0
1430,2,0.0033783783783783786,0.0033783783783783786,1,0,0,0,0
1431,2,0.0033783783783783786,0.0033783783783783786,1,0,0,0,0
1432,2,0.0033783783783783786,0.0033783783783783786,1,0,0,0,0
1433,1,0.0016891891891891893,0.0016891891891891893,1,0,0,0,0
1434,1,0.0016891891891891893,0.0016891891891891893,1,0,0,0,0
1435,1,0.0016891891891891893,0.0016891891891891893,1,0,0,0,0
1436,1,0.0016891891891891893,0.0016891891891891893,1,0,0,0,0
1437,1,0.0016891891891891893,0.0016891891891891893,1,0,0,0,0
1438,1,0.0016891891891891893,0.0016891891891891893,1,0,0,0,0
1439,1,0.0016891891891891893,0.0016891891891891893,1,0,0,0,0
1440,1,0.0016891891891891893,0.0016891891891891893,1,0,0,0,0
1441,1,0.0016891891891891893,0.0016891891891891893,1,0,0,0,0
1442,1,0.0016891891891891893,0.0016891891891891893,1,0,0,0,0
1443,1,0.0016891891891891893,0.0016891891891891893,1,0,0,0,0
1444,2,0.0033783783783783786,0.0033783783783783786,1,0,0,0.33333333333333337,0
1445,2,0.0033783783783783786,0.0033783783783783786,1,0,0,0.5714285714285714,0
1446,2,0.0033783783783783786,0.0033783783783783786,1,0,0,0,0
1447,2,0.0033783783783783786,0.0033783783783783786,1,0,0,0.5,0
1448,1,0.0016891891891891893,0.0016891891891891893,1,0,0,0,0
1449,1,0.0016891891891891893,0.0016891891891891893,1,0,0,0,0
1450,1,0.0016891891891891893,0.0016891891891891893,1,0,0,0,0
1451,1,0.0016891891891891893,0.0016891891891891893,1,0,0,0,0
1452,1,0.0016891891891891893,0.0016891891891891893,1,0,0,0,0
1453,1,0.0016891891891891893,0.0016891891891891893,1,0,0,0,0
1454,1,0.0016891891891891893,0.0016891891891891893,1,0,0,0,0
1455,1,0.0016891891891891893,0.0016891891891891893,1,0,0,0,0
1456,1,0.0016891891891891893,0.0016891891891891893,1,0,0,0,0
1457,1,0.0016891891891891893,0.0016891891891891893,1,0,0,0,0
1458,1,0.0016891891891891893,0.0016891891891891893,1,0,0,0,0
1459,1,0.0016891891891891893,0.0016891891891891893,1,0,0,0,0
1460,1,0.0016891891891891893,0.0016891891891891893,1,0,0,0,0
1461,1,0.0016891891891891893,0.0016891891891891893,1,0,0,0,0
1462,1,0.0016891891891891893,0.0016891891891891893,1,0,0,0,0
1463,1,0.0016891891891891893,0.0016891891891891893,1,0,0,0,0
1464,1,0.0016891891891891893,0.0016891891891891893,1,0,0,0,0
1465,1,0.0016891891891891893,0.0016891891891891893,1,0,0,0,0
1466,1,0.0016891891891891893,0.0016891891891891893,1,0,0,0,0
1467,1,0.0016891891891891893,0.0016891891891891893,1,0,0,0,0
1468,1,0.0016891891891891893,0.0016891891891891893,1,0,0,0,0
1469,1,0.0016891891891891893,0.0016891891891891893,1,0,0,0,0
1470,1,0.0016891891891891893,0.0016891891891891893,1,0,0,0,0
1471,1,0.0016891891891891893,0.0016891891891891893,1,0,0,0,0
1472,1,0.0016891891891891893,0.0016891891891891893,1,0,0,0,0
1473,1,0.0016891891891891893,0.0016891891891891893,1,0,0,0,0
1474,1,0.0016891891891891893,0.0016891891891891893,1,0,0,0,0
1475,1,0.0016891891891891893,0.0016891891891891893,1,0,0,0,0
1476,1,0.0016891891891891893,0.0016891891891891893,1,0,0,0,0
1477,1,0.0016891891891891893,0.0016891891891891893,1,0,0,0,0
1478,1,0.0016891891891891893,0.0016891891891891893,1,0,0,0,0
1479,1,0.0016891891891891893,0.0016891891891891893,1,0,0,0,0
1480,1,0.0016891891891891893,0.0016891891891891893,1,0,0,0,0
1481,1,0.0016891891891891893,0.0016891891891891893,1,0,0,0,0
1482,1,0.0016891891891891893,0.0016891891891891893,1,0,0,0,0
1483,1,0.0016891891891891893,0.0016891891891891893,1,0,0,0,0
1484,1,0.0016891891891891893,0.0016891891891891893,1,0,0,0,0
1485,1,0.0016891891891891893,0.0016891891891891893,1,0,0,0,0
1486,1,0.0016891891891891893,0.0016891891891891893,1,0,0,0,0
1487,1,0.0016891891891891893,0.0016891891891891893,1,0,0,0,0
1488,1,0.0016891891891891893,0.0016891891891891893,1,0,0,0,0
1489,1,0.0016891891891891893,0.0016891891891891893,1,0,0,0,0
1490,1,0.0016891891891891893,0.0016891891891891893,1,0,0,0,0
1491,1,0.0016891891891891893,0.0016891891891891893,1,0,0,0,0
1492,1,0.0016891891891891893,0.0016891891891891893,1,0,0,0,0
1493,1,0.0016891891891891893,0.0016891891891891893,1,0,0,0,0
1494,1,0.0016891891891891893,0.0016891891891891893,1,0,0,0,0
1495,1,0.0016891891891891893,0.0016891891891891893,1,0,0,0,0
1496,1,0.0016891891891891893,0.0016891891891891893,1,0,0,0,0
1497,1,0.0016891891891891893,0.0016891891891891893,1,0,0,0,0
1498,1,0.0016891891891891893,0.0016891891891891893,1,0,0,0,0
1499,1,0.0016891891891891893,0.0016891891891891893,1,0,0,0,0
1500,1,0.0016891891891891893,0.0016891891891891893,1,0,0,0,0
1501,1,0.0016891891891891893,0.0016891891891891893,1,0,0,0,0
1502,1,0.0016891891891891893,0.0016891891891891893,1,0,0,0,0
1503,1,0.0016891891891891893,0.0016891891891891893,1,0,0,0,0
1504,1,0.0016891891891891893,0.0016891891891891893,1,0,0,0,0
1505,1,0.0016891891891891893,0.0016891891891891893,1,0,0,0,0
1506,1,0.0016891891891891893,0.0016891891891891893,1,0,0,0,0
1507,1,0.0016891891891891893,0.0016891891891891893,1,0,0,0,0
1508,1,0.0016891891891891893,0.0016891891891891893,1,0,0,0,0
1509,1,0.0016891891891891893,0.0016891891891891893,1,0,0,0,0
1510,1,0.0016891891891891893,0.0016891891891891893,1,0,0,0,0
1511,1,0.0016891891891891893,0.0016891891891891893,1,0,0,0,0
1512,1,0.0016891891891891893,0.0016891891891891893,1,0,0,0,0
1513,1,0.0016891891891891893,0.0016891891891891893,1,0,0,0,0
1514,1,0.0016891891891891893,0.0016891891891891893,1,0,0,0,0
1515,1,0.0016891891891891893,0.0016891891891891893,1,0,0,0,0
1516,1,0.0016891891891891893,0.0016891891891891893,1,0,0,0,0
1517,1,0.0016891891891891893,0.0016891891891891893,1,0,0,0,0
1518,1,0.0016891891891891893,0.0016891891891891893,1,0,0,0,0
1519,1,0.0016891891891891893,0.0016891891891891893,1,0,0,0,0
1520,1,0.0016891891891891893,0.0016891891891891893,1,0,0,0,0
1521,1,0.0016891891891891893,0.0016891891891891893,1,0,0,0,0
1522,1,0.0016891891891891893,0.0016891891891891893,1,0,0,0,0
1523,1,0.0016891891891891893,0.0016891891891891893,1,0,0,0,0
1524,1,0.0016891891891891893,0.0016891891891891893,1,0,0,0,0
1525,1,0.0016891891891891893,0.0016891891891891893,1,0,0,0,0
1526,1,0.0016891891891891893,0.0016891891891891893,1,0,0,0,0
1527,1,0.0016891891891891893,0.0016891891891891893,1,0,0,0,0
1528,1,0.0016891891891891893,0.0016891891891891893,1,0,0,0,0
1529,1,0.0016891891891891893,0.0016891891891891893,1,0,0,0,0
1530,1,0.0016891891891891893,0.0016891891891891893,1,0,0,0,0
1531,1,0.0016891891891891893,0.0016891891891891893,1,0,0,0,0
1532,1,0.0016891891891891893,0.0016891891891891893,1,0,0,0,0
1533,1,0.0016891891891891893,0.0016891891891891893,1,0,0,0,0
1534,1,0.0016891891891891893,0.0016891891891891893,1,0,0,0,0
1535,1,0.0016891891891891893,0.0016891891891891893,1,0,0,0,0
1536,1,0.0016891891891891893,0.0016891891891891893,1,0,0,0,0
1537,1,0.0016891891891891893,0.0016891891891891893,1,0,0,0,0
1538,1,0.0016891891891891893,0.0016891891891891893,1,0,0,0,0
1539,1,0.0016891891891891893,0.0016891891891891893,1,0,0,0,0
1540,1,0.0016891891891891893,0.0016891891891891893,1,0,0,0,0
1541,1,0.0016891891891891893,0.0016891891891891893,1,0,0,0,0
1542,1,0.0016891891891891893,0.0016891891891891893,1,0,0,0,0
1543,1,0.0016891891891891893,0.0016891891891891893,1,0,0,0,0
1544,1,0.0016891891891891893,0.0016891891891891893,1,0,0,0,0
1545,1,0.0016891891891891893,0.0016891891891891893,1,0,0,0,0
1546,1,0.0016891891891891893,0.0016891891891891893,1,0,0,0,0
1547,1,0.0016891891891891893,0.0016891891891891893,1,0,0,0,0
1548,1,0.0016891891891891893,0.0016891891891891893,1,0,0,0,0
1549,1,0.0016891891891891893,0.0016891891891891893,1,0,0,0,0
1550,1,0.0016891891891891893,0.0016891891891891893,1,0,0,0,0
1551,1,0.0016891891891891893,0.0016891891891891893,1,0,0,0,0
1552,1,0.0016891891891891893,0.0016891891891891893,1,0,0,0,0
1553,1,0.0016891891891891893,0.0016891891891891893,1,0,0,0,0
1554,1,0.0016891891891891893,0.0016891891891891893,1,0,0,0,0
1555,1,0.0016891891891891893,0.0016891891891891893,1,0,0,0,0
1556,1,0.0016891891891891893,0.0016891891891891893,1,0,0,0,0
1557,1,0.0016891891891891893,0.0016891891891891893,1,0,0,0,0
1558,1,0.0016891891891891893,0.0016891891891891893,1,0,0,0,0
1559,1,0.0016891891891891893,0.0016891891891891893,1,0,0,0,0
1560,1,0.0016891891891891893,0.0016891891891891893,1,0,0,0,0
1561,1,0.0016891891891891893,0.0016891891891891893,1,0,0,0,0
1562,1,0.0016891891891891893,0.0016891891891891893,1,0,0,0,0
1563,1,0.0016891891891891893,0.0016891891891891893,1,0,0,0,0
1564,1,0.0016891891891891893,0.0016891891891891893,1,0,0,0,0
1565,1,0.0016891891891891893,0.0016891891891891893,1,0,0,0,0
1566,1,0.0016891891891891893,0.0016891891891891893,1,0,0,0,0
1567,1,0.0016891891891891893,0.0016891891891891893,1,0,0,0,0
1568,1,0.0016891891891891893,0.0016891891891891893,1,0,0,0,0
1569,1,0.0016891891891891893,0.0016891891891891893,1,0,0,0,0
1570,1,0.0016891891891891893,0.0016891891891891893,1,0,0,0,0
1571,1,0.0016891891891891893,0.0016891891891891893,1,0,0,0,0
1572,1,0.0016891891891891893,0.0016891891891891893,1,0,0,0,0
1573,1,0.0016891891891891893,0.0016891891891891893,1,0,0,0,0
1574,1,0.0016891891891891893,0.0016891891891891893,1,0,0,0,0
1575,1,0.0016891891891891893,0.0016891891891891893,1,0,0,0,0
1576,1,0.0016891891891891893,0.0016891891891891893,1,0,0,0,0
1577,1,0.0016891891891891893,0.0016891891891891893,1,0,0,0,0
1578,1,0.0016891891891891893,0.0016891891891891893,1,0,0,0,0
1579,1,0.0016891891891891893,0.0016891891891891893,1,0,0,0,0
1580,1,0.0016891891891891893,0.0016891891891891893,1,0,0,0,0
1581,1,0.0016891891891891893,0.0016891891891891893,1,0,0,0,0
1582,1,0.0016891891891891893,0.0016891891891891893,1,0,0,0,0
1583,1,0.0016891891891891893,0.0016891891891891893,1,0,0,0,0
1584,1,0.0016891891891891893,0.0016891891891891893,1,0,0,0,0
1585,1,0.0016891891891891893,0.0016891891891891893,1,0,0,0,0
1586,1,0.0016891891891891893,0.0016891891891891893,1,0,0,0,0
1587,1,0.0016891891891891893,0.0016891891891891893,1,0,0,0,0
1588,1,0.0016891891891891893,0.0016891891891891893,1,0,0,0,0
1589,1,0.0016891891891891893,0.0016891891891891893,1,0,0,0,0
1590,1,0.0016891891891891893,0.0016891891891891893,1,0,0,0,0
1591,1,0.0016891891891891893,0.0016891891891891893,1,0,0,0,0
1592,1,0.0016891891891891893,0.0016891891891891893,1,0,0,0,0
1593,1,0.0016891891891891893,0.0016891891891891893,1,0,0,0,0
1594,1,0.0016891891891891893,0.0016891891891891893,1,0,0,0,0
1595,1,0.0016891891891891893,0.0016891891891891893,1,0,0,0,0
1596,1,0.0016891891891891893,0.0016891891891891893,1,0,0,0,0
1597,1,0.0016891891891891893,0.0016891891891891893,1,0,0,0,0
1598,1,0.0016891891891891893,0.0016891891891891893,1,0,0,0,0
1599,1,0.0016891891891891893,0.0016891891891891893,1,0,0,0,0
1600,1,0.0016891891891891893,0.0016891891891891893,1,0,0,0,0