[LOGGING] Bắt đầu ghi log vào debug_2025-10-30_11-12-16.log

    level_name    template_name  ...  size_y  is_icon
0           21     pentagon.png  ...      25      NaN
1           22         star.png  ...      25      NaN
2           23     pentagon.png  ...      35      NaN
3           24       square.png  ...      27      NaN
4           25  AIR BALLOON.png  ...      25        *
5           26         star.png  ...      25      NaN
6           27       circle.png  ...      35      NaN
7           28      hexagon.png  ...      27      NaN
8           29       square.png  ...      29      NaN
9           30         BODY.png  ...      26        *
10          31       circle.png  ...      35      NaN
11          32     pentagon.png  ...      28      NaN
12          33       square.png  ...      40      NaN
13          34       square.png  ...      30      NaN
14          35        CHESS.png  ...      28        *
15          36      hexagon.png  ...      28      NaN
16          37       square.png  ...      30      NaN
17          38       circle.png  ...      30      NaN
18          39       square.png  ...      45      NaN
19          40   CRUSTACEAN.png  ...      28        *

[20 rows x 8 columns]
0 pentagon.png 25
args: Args(level_set_path=PosixPath('level_set/level_set_3'), start_length=15, length_step=5, min_length=5, size=(25, 25), turn_probability=0.75, straight_weight=2, left_weight=0.5, right_weight=0.5, max_turns=30, generate_mode='basic', csv_path=PosixPath('level_set/level_set_3/[Data] levels - test dataframe.csv'), csv=    level_name    template_name  ...  size_y  is_icon
0           21     pentagon.png  ...      25      NaN
1           22         star.png  ...      25      NaN
2           23     pentagon.png  ...      35      NaN
3           24       square.png  ...      27      NaN
4           25  AIR BALLOON.png  ...      25        *
5           26         star.png  ...      25      NaN
6           27       circle.png  ...      35      NaN
7           28      hexagon.png  ...      27      NaN
8           29       square.png  ...      29      NaN
9           30         BODY.png  ...      26        *
10          31       circle.png  ...      35      NaN
11          32     pentagon.png  ...      28      NaN
12          33       square.png  ...      40      NaN
13          34       square.png  ...      30      NaN
14          35        CHESS.png  ...      28        *
15          36      hexagon.png  ...      28      NaN
16          37       square.png  ...      30      NaN
17          38       circle.png  ...      30      NaN
18          39       square.png  ...      45      NaN
19          40   CRUSTACEAN.png  ...      28        *

[20 rows x 8 columns], item_name='pentagon.png', alter_item_name='21', item_path='level_set/level_set_3/1_0_original_icons/pentagon.png')
Đang xử lý: 'level_set/level_set_3/1_0_original_icons/pentagon.png' (Kích thước gốc: (250, 250))
==> Đã lưu vào: 'level_set/level_set_3/1_1_icons/pentagon.png' (Kích thước mới: (25, 25))
Đã tải ảnh 'level_set/level_set_3/1_1_icons/pentagon.png' (Kích thước: 25x25)
Sử dụng ngưỡng Alpha: 128
Hoàn thành! Đã lưu board vào 'level_set/level_set_3/1_board_test/21'.
--- Đang tải board từ: level_set/level_set_3/1_board_test/21 ---
Đã tải thành công 412 ô 'editable'.
Tổng số ô có thể vẽ: 412

========================================
--- BẮT ĐẦU VÒNG LẶP (Length = 15) ---
Ô đã chiếm: 0 / Ô còn trống: 412
Đề xuất tạo 27 mũi tên cho vòng lặp này...
Generating level in painted area... (This will be slow)
Trying to generate arrow 1/27...
Trying to generate arrow 2/27...
Trying to generate arrow 3/27...
Trying to generate arrow 4/27...
Trying to generate arrow 5/27...
Trying to generate arrow 6/27...
Trying to generate arrow 7/27...
Trying to generate arrow 8/27...
Trying to generate arrow 9/27...
Trying to generate arrow 10/27...
Trying to generate arrow 11/27...
Trying to generate arrow 12/27...
Trying to generate arrow 13/27...
Trying to generate arrow 14/27...
Trying to generate arrow 15/27...
Trying to generate arrow 16/27...
Trying to generate arrow 17/27...
Trying to generate arrow 18/27...
Trying to generate arrow 19/27...
Trying to generate arrow 20/27...
Trying to generate arrow 21/27...
Trying to generate arrow 22/27...
Trying to generate arrow 23/27...
Trying to generate arrow 24/27...
Trying to generate arrow 25/27...
Trying to generate arrow 26/27...
Trying to generate arrow 27/27...
Successfully generated 27 arrows!
Kết quả vòng lặp: Successfully generated 27 arrows!
Giảm độ dài từ 15...
Độ dài vòng tiếp theo: 10

========================================
--- BẮT ĐẦU VÒNG LẶP (Length = 10) ---
Ô đã chiếm: 307 / Ô còn trống: 105
Đề xuất tạo 10 mũi tên cho vòng lặp này...
Generating level in painted area... (This will be slow)
Trying to generate arrow 1/10...
Trying to generate arrow 2/10...
Trying to generate arrow 3/10...
Trying to generate arrow 4/10...
Trying to generate arrow 5/10...
Trying to generate arrow 6/10...
Trying to generate arrow 7/10...
Trying to generate arrow 8/10...
Trying to generate arrow 9/10...
Trying to generate arrow 10/10...
Successfully generated 10 arrows!
Kết quả vòng lặp: Successfully generated 10 arrows!
Giảm độ dài từ 10...
Độ dài vòng tiếp theo: 5

========================================
--- BẮT ĐẦU VÒNG LẶP (Length = 5) ---
Ô đã chiếm: 366 / Ô còn trống: 46
Đề xuất tạo 9 mũi tên cho vòng lặp này...
Generating level in painted area... (This will be slow)
Trying to generate arrow 1/9...
Trying to generate arrow 2/9...
Trying to generate arrow 3/9...
Trying to generate arrow 4/9...
Trying to generate arrow 5/9...
Trying to generate arrow 6/9...
Trying to generate arrow 7/9...
Trying to generate arrow 8/9...
Trying to generate arrow 9/9...
Successfully generated 9 arrows!
Kết quả vòng lặp: Successfully generated 9 arrows!
Tiếp tục lặp lại ở độ dài tối thiểu (5)...

========================================
--- BẮT ĐẦU VÒNG LẶP (Length = 5) ---
Ô đã chiếm: 387 / Ô còn trống: 25
Đề xuất tạo 5 mũi tên cho vòng lặp này...
Generating level in painted area... (This will be slow)
Trying to generate arrow 1/5...
Trying to generate arrow 2/5...
Could not find valid arrow 2. Stopping.
Successfully generated 1 arrows!
Kết quả vòng lặp: Successfully generated 1 arrows!
Tiếp tục lặp lại ở độ dài tối thiểu (5)...

========================================
--- BẮT ĐẦU VÒNG LẶP (Length = 5) ---
Ô đã chiếm: 389 / Ô còn trống: 23
Đề xuất tạo 5 mũi tên cho vòng lặp này...
Generating level in painted area... (This will be slow)
Trying to generate arrow 1/5...
Could not find valid arrow 1. Stopping.
Kết quả vòng lặp: Generation complete, but 0 valid arrows found. Try again.
Không thể tạo thêm mũi tên ở độ dài này.
Đã đạt độ dài tối thiểu và không thể tạo thêm. Dừng.

========================================
--- ĐÃ HOÀN TẤT TẤT CẢ CÁC VÒNG LẶP ---
Tổng cộng đã tạo: 47 mũi tên.
Đã lấp đầy 389 / 412 ô (94.4%)
--- Đang lưu kết quả ra: level_set/level_set_3/2_result_test/21.json ---
Đã lưu thành công level 25x23 với 47 mũi tên.
--- Bản đồ kết quả (ASCII) ---
                           
             .             
            .##            
          <####>^          
         #########         
        .v.<##.###.        
      ##############.      
     ########^^#####<#     
   <#v#########v.######.   
  ##^.v.#######<#<###.###  
 ##v######<############### 
 ########v##############>v 
  #.##########>##########  
  #######v##########>####  
  ##.##<#########>#>##.^v  
   #########>^#####.#.##   
   #########.###########   
   ##v##v###############   
    .################>^    
    <##<######.<#######    
    <##^####<######<##.    
     #####v###########     
     #################     
     ######.v####v####     
      #####>.####>##>      
                           
--- Đang render: 21 (25x23) ---
✅ Đã lưu hình ảnh vào: level_set/level_set_3/3_render/21.png
1 star.png 25
args: Args(level_set_path=PosixPath('level_set/level_set_3'), start_length=15, length_step=5, min_length=5, size=(25, 25), turn_probability=0.75, straight_weight=2, left_weight=0.5, right_weight=0.5, max_turns=30, generate_mode='basic', csv_path=PosixPath('level_set/level_set_3/[Data] levels - test dataframe.csv'), csv=    level_name    template_name  ...  size_y  is_icon
0           21     pentagon.png  ...      25      NaN
1           22         star.png  ...      25      NaN
2           23     pentagon.png  ...      35      NaN
3           24       square.png  ...      27      NaN
4           25  AIR BALLOON.png  ...      25        *
5           26         star.png  ...      25      NaN
6           27       circle.png  ...      35      NaN
7           28      hexagon.png  ...      27      NaN
8           29       square.png  ...      29      NaN
9           30         BODY.png  ...      26        *
10          31       circle.png  ...      35      NaN
11          32     pentagon.png  ...      28      NaN
12          33       square.png  ...      40      NaN
13          34       square.png  ...      30      NaN
14          35        CHESS.png  ...      28        *
15          36      hexagon.png  ...      28      NaN
16          37       square.png  ...      30      NaN
17          38       circle.png  ...      30      NaN
18          39       square.png  ...      45      NaN
19          40   CRUSTACEAN.png  ...      28        *

[20 rows x 8 columns], item_path='level_set/level_set_3/1_0_original_icons/star.png', item_name='star.png', alter_item_name='22')
Đang xử lý: 'level_set/level_set_3/1_0_original_icons/star.png' (Kích thước gốc: (250, 250))
==> Đã lưu vào: 'level_set/level_set_3/1_1_icons/star.png' (Kích thước mới: (25, 25))
Đã tải ảnh 'level_set/level_set_3/1_1_icons/star.png' (Kích thước: 25x25)
Sử dụng ngưỡng Alpha: 128
Hoàn thành! Đã lưu board vào 'level_set/level_set_3/1_board_test/22'.
--- Đang tải board từ: level_set/level_set_3/1_board_test/22 ---
Đã tải thành công 208 ô 'editable'.
Tổng số ô có thể vẽ: 208

========================================
--- BẮT ĐẦU VÒNG LẶP (Length = 15) ---
Ô đã chiếm: 0 / Ô còn trống: 208
Đề xuất tạo 14 mũi tên cho vòng lặp này...
Generating level in painted area... (This will be slow)
Trying to generate arrow 1/14...
Trying to generate arrow 2/14...
Trying to generate arrow 3/14...
Trying to generate arrow 4/14...
Trying to generate arrow 5/14...
Trying to generate arrow 6/14...
Trying to generate arrow 7/14...
Trying to generate arrow 8/14...
Trying to generate arrow 9/14...
Trying to generate arrow 10/14...
Trying to generate arrow 11/14...
Trying to generate arrow 12/14...
Trying to generate arrow 13/14...
Trying to generate arrow 14/14...
Successfully generated 14 arrows!
Kết quả vòng lặp: Successfully generated 14 arrows!
Giảm độ dài từ 15...
Độ dài vòng tiếp theo: 10

========================================
--- BẮT ĐẦU VÒNG LẶP (Length = 10) ---
Ô đã chiếm: 161 / Ô còn trống: 47
Đề xuất tạo 5 mũi tên cho vòng lặp này...
Generating level in painted area... (This will be slow)
Trying to generate arrow 1/5...
Trying to generate arrow 2/5...
Trying to generate arrow 3/5...
Trying to generate arrow 4/5...
Could not find valid arrow 4. Stopping.
Successfully generated 3 arrows!
Kết quả vòng lặp: Successfully generated 3 arrows!
Giảm độ dài từ 10...
Độ dài vòng tiếp theo: 5

========================================
--- BẮT ĐẦU VÒNG LẶP (Length = 5) ---
Ô đã chiếm: 178 / Ô còn trống: 30
Đề xuất tạo 6 mũi tên cho vòng lặp này...
Generating level in painted area... (This will be slow)
Trying to generate arrow 1/6...
Trying to generate arrow 2/6...
Trying to generate arrow 3/6...
Trying to generate arrow 4/6...
Trying to generate arrow 5/6...
Trying to generate arrow 6/6...
Successfully generated 6 arrows!
Kết quả vòng lặp: Successfully generated 6 arrows!
Tiếp tục lặp lại ở độ dài tối thiểu (5)...

========================================
--- BẮT ĐẦU VÒNG LẶP (Length = 5) ---
Ô đã chiếm: 190 / Ô còn trống: 18
Đề xuất tạo 4 mũi tên cho vòng lặp này...
Generating level in painted area... (This will be slow)
Trying to generate arrow 1/4...
Trying to generate arrow 2/4...
Could not find valid arrow 2. Stopping.
Successfully generated 1 arrows!
Kết quả vòng lặp: Successfully generated 1 arrows!
Tiếp tục lặp lại ở độ dài tối thiểu (5)...

========================================
--- BẮT ĐẦU VÒNG LẶP (Length = 5) ---
Ô đã chiếm: 192 / Ô còn trống: 16
Đề xuất tạo 3 mũi tên cho vòng lặp này...
Generating level in painted area... (This will be slow)
Trying to generate arrow 1/3...
Could not find valid arrow 1. Stopping.
Kết quả vòng lặp: Generation complete, but 0 valid arrows found. Try again.
Không thể tạo thêm mũi tên ở độ dài này.
Đã đạt độ dài tối thiểu và không thể tạo thêm. Dừng.

========================================
--- ĐÃ HOÀN TẤT TẤT CẢ CÁC VÒNG LẶP ---
Tổng cộng đã tạo: 24 mũi tên.
Đã lấp đầy 192 / 208 ô (92.3%)
--- Đang lưu kết quả ra: level_set/level_set_3/2_result_test/22.json ---
Đã lưu thành công level 19x20 với 24 mũi tên.
--- Bản đồ kết quả (ASCII) ---
                       
           ^           
           #           
          ^<#          
          ###          
         ####>         
         ####.         
        .##^###        
  ###################  
 .######>##>####>#>#v. 
  <#############>###.  
   .^###v#######.###   
    ###<####v#####.    
     #####>#######     
      ####>######      
      #########.^      
     .<######<###.     
     #######v.####     
     ####v##.#####     
     ####.   #####     
     ###       ##v     
     .           .     
                       
--- Đang render: 22 (19x20) ---
✅ Đã lưu hình ảnh vào: level_set/level_set_3/3_render/22.png
2 pentagon.png 27
args: Args(level_set_path=PosixPath('level_set/level_set_3'), start_length=15, length_step=5, min_length=5, size=(27, 35), turn_probability=0.75, straight_weight=2, left_weight=0.5, right_weight=0.5, max_turns=30, generate_mode='basic', csv_path=PosixPath('level_set/level_set_3/[Data] levels - test dataframe.csv'), csv=    level_name    template_name  ...  size_y  is_icon
0           21     pentagon.png  ...      25      NaN
1           22         star.png  ...      25      NaN
2           23     pentagon.png  ...      35      NaN
3           24       square.png  ...      27      NaN
4           25  AIR BALLOON.png  ...      25        *
5           26         star.png  ...      25      NaN
6           27       circle.png  ...      35      NaN
7           28      hexagon.png  ...      27      NaN
8           29       square.png  ...      29      NaN
9           30         BODY.png  ...      26        *
10          31       circle.png  ...      35      NaN
11          32     pentagon.png  ...      28      NaN
12          33       square.png  ...      40      NaN
13          34       square.png  ...      30      NaN
14          35        CHESS.png  ...      28        *
15          36      hexagon.png  ...      28      NaN
16          37       square.png  ...      30      NaN
17          38       circle.png  ...      30      NaN
18          39       square.png  ...      45      NaN
19          40   CRUSTACEAN.png  ...      28        *

[20 rows x 8 columns], item_path='level_set/level_set_3/1_0_original_icons/pentagon.png', item_name='pentagon.png', alter_item_name='23')
Đang xử lý: 'level_set/level_set_3/1_0_original_icons/pentagon.png' (Kích thước gốc: (250, 250))
==> Đã lưu vào: 'level_set/level_set_3/1_1_icons/pentagon.png' (Kích thước mới: (27, 35))
Đã tải ảnh 'level_set/level_set_3/1_1_icons/pentagon.png' (Kích thước: 27x35)
Sử dụng ngưỡng Alpha: 128
Hoàn thành! Đã lưu board vào 'level_set/level_set_3/1_board_test/23'.
--- Đang tải board từ: level_set/level_set_3/1_board_test/23 ---
Đã tải thành công 621 ô 'editable'.
Tổng số ô có thể vẽ: 621

========================================
--- BẮT ĐẦU VÒNG LẶP (Length = 15) ---
Ô đã chiếm: 0 / Ô còn trống: 621
Đề xuất tạo 41 mũi tên cho vòng lặp này...
Generating level in painted area... (This will be slow)
Trying to generate arrow 1/41...
Trying to generate arrow 2/41...
Trying to generate arrow 3/41...
Trying to generate arrow 4/41...
Trying to generate arrow 5/41...
Trying to generate arrow 6/41...
Trying to generate arrow 7/41...
Trying to generate arrow 8/41...
Trying to generate arrow 9/41...
Trying to generate arrow 10/41...
Trying to generate arrow 11/41...
Trying to generate arrow 12/41...
Trying to generate arrow 13/41...
Trying to generate arrow 14/41...
Trying to generate arrow 15/41...
Trying to generate arrow 16/41...
Trying to generate arrow 17/41...
Trying to generate arrow 18/41...
Trying to generate arrow 19/41...
Trying to generate arrow 20/41...
Trying to generate arrow 21/41...
Trying to generate arrow 22/41...
Trying to generate arrow 23/41...
Trying to generate arrow 24/41...
Trying to generate arrow 25/41...
Trying to generate arrow 26/41...
Trying to generate arrow 27/41...
Trying to generate arrow 28/41...
Trying to generate arrow 29/41...
Trying to generate arrow 30/41...
Trying to generate arrow 31/41...
Trying to generate arrow 32/41...
Trying to generate arrow 33/41...
Trying to generate arrow 34/41...
Trying to generate arrow 35/41...
Trying to generate arrow 36/41...
Trying to generate arrow 37/41...
Trying to generate arrow 38/41...
Trying to generate arrow 39/41...
Trying to generate arrow 40/41...
Could not find valid arrow 40. Stopping.
Successfully generated 39 arrows!
Kết quả vòng lặp: Successfully generated 39 arrows!
Giảm độ dài từ 15...
Độ dài vòng tiếp theo: 10

========================================
--- BẮT ĐẦU VÒNG LẶP (Length = 10) ---
Ô đã chiếm: 496 / Ô còn trống: 125
Đề xuất tạo 12 mũi tên cho vòng lặp này...
Generating level in painted area... (This will be slow)
Trying to generate arrow 1/12...
Trying to generate arrow 2/12...
Trying to generate arrow 3/12...
Trying to generate arrow 4/12...
Trying to generate arrow 5/12...
Trying to generate arrow 6/12...
Trying to generate arrow 7/12...
Trying to generate arrow 8/12...
Could not find valid arrow 8. Stopping.
Successfully generated 7 arrows!
Kết quả vòng lặp: Successfully generated 7 arrows!
Giảm độ dài từ 10...
Độ dài vòng tiếp theo: 5

========================================
--- BẮT ĐẦU VÒNG LẶP (Length = 5) ---
Ô đã chiếm: 535 / Ô còn trống: 86
Đề xuất tạo 17 mũi tên cho vòng lặp này...
Generating level in painted area... (This will be slow)
Trying to generate arrow 1/17...
Trying to generate arrow 2/17...
Trying to generate arrow 3/17...
Trying to generate arrow 4/17...
Trying to generate arrow 5/17...
Trying to generate arrow 6/17...
Trying to generate arrow 7/17...
Trying to generate arrow 8/17...
Trying to generate arrow 9/17...
Trying to generate arrow 10/17...
Trying to generate arrow 11/17...
Trying to generate arrow 12/17...
Trying to generate arrow 13/17...
Trying to generate arrow 14/17...
Trying to generate arrow 15/17...
Trying to generate arrow 16/17...
Trying to generate arrow 17/17...
Successfully generated 17 arrows!
Kết quả vòng lặp: Successfully generated 17 arrows!
Tiếp tục lặp lại ở độ dài tối thiểu (5)...

========================================
--- BẮT ĐẦU VÒNG LẶP (Length = 5) ---
Ô đã chiếm: 576 / Ô còn trống: 45
Đề xuất tạo 9 mũi tên cho vòng lặp này...
Generating level in painted area... (This will be slow)
Trying to generate arrow 1/9...
Trying to generate arrow 2/9...
Trying to generate arrow 3/9...
Trying to generate arrow 4/9...
Trying to generate arrow 5/9...
Trying to generate arrow 6/9...
Trying to generate arrow 7/9...
Could not find valid arrow 7. Stopping.
Successfully generated 6 arrows!
Kết quả vòng lặp: Successfully generated 6 arrows!
Tiếp tục lặp lại ở độ dài tối thiểu (5)...

========================================
--- BẮT ĐẦU VÒNG LẶP (Length = 5) ---
Ô đã chiếm: 588 / Ô còn trống: 33
Đề xuất tạo 7 mũi tên cho vòng lặp này...
Generating level in painted area... (This will be slow)
Trying to generate arrow 1/7...
Could not find valid arrow 1. Stopping.
Kết quả vòng lặp: Generation complete, but 0 valid arrows found. Try again.
Không thể tạo thêm mũi tên ở độ dài này.
Đã đạt độ dài tối thiểu và không thể tạo thêm. Dừng.

========================================
--- ĐÃ HOÀN TẤT TẤT CẢ CÁC VÒNG LẶP ---
Tổng cộng đã tạo: 69 mũi tên.
Đã lấp đầy 588 / 621 ô (94.7%)
--- Đang lưu kết quả ra: level_set/level_set_3/2_result_test/23.json ---
Đã lưu thành công level 27x32 với 69 mũi tên.
--- Bản đồ kết quả (ASCII) ---
                             
              .              
             .<#             
            #>##.            
          .##.##^<#          
         #>#########         
        #>##########.        
       ^####^#########       
      ##.#########<###.      
     <##^.#####.########     
    #####^.######.#>.###^    
   .#.####<##.####<######.   
  #^##############^###^^###  
 ###########<#<############# 
 v################^.<#^#<### 
 .######<###############<### 
  #^##<####################  
  ###^############^.<######  
  #######>#################  
   .###################.##   
   .<#<#####>###.####.####   
   ^##########>######>##>#   
   ######v##v.###>.#######   
    #######v#>##>#>^##.##    
    ##^.#####<########^##    
    #######v##<##########    
    ##^############v####.    
     ##################^     
     ################^.#     
     <######.<##<#####^#     
     .########>##^^#####     
      ######>##########      
      #################      
      #>######>########      
                             
--- Đang render: 23 (27x32) ---
✅ Đã lưu hình ảnh vào: level_set/level_set_3/3_render/23.png
3 square.png 27
args: Args(level_set_path=PosixPath('level_set/level_set_3'), start_length=15, length_step=5, min_length=5, size=(27, 27), turn_probability=0.75, straight_weight=2, left_weight=0.5, right_weight=0.5, max_turns=30, generate_mode='basic', csv_path=PosixPath('level_set/level_set_3/[Data] levels - test dataframe.csv'), csv=    level_name    template_name  ...  size_y  is_icon
0           21     pentagon.png  ...      25      NaN
1           22         star.png  ...      25      NaN
2           23     pentagon.png  ...      35      NaN
3           24       square.png  ...      27      NaN
4           25  AIR BALLOON.png  ...      25        *
5           26         star.png  ...      25      NaN
6           27       circle.png  ...      35      NaN
7           28      hexagon.png  ...      27      NaN
8           29       square.png  ...      29      NaN
9           30         BODY.png  ...      26        *
10          31       circle.png  ...      35      NaN
11          32     pentagon.png  ...      28      NaN
12          33       square.png  ...      40      NaN
13          34       square.png  ...      30      NaN
14          35        CHESS.png  ...      28        *
15          36      hexagon.png  ...      28      NaN
16          37       square.png  ...      30      NaN
17          38       circle.png  ...      30      NaN
18          39       square.png  ...      45      NaN
19          40   CRUSTACEAN.png  ...      28        *

[20 rows x 8 columns], item_path='level_set/level_set_3/1_0_original_icons/square.png', item_name='square.png', alter_item_name='24')
Đang xử lý: 'level_set/level_set_3/1_0_original_icons/square.png' (Kích thước gốc: (250, 250))
==> Đã lưu vào: 'level_set/level_set_3/1_1_icons/square.png' (Kích thước mới: (27, 27))
Đã tải ảnh 'level_set/level_set_3/1_1_icons/square.png' (Kích thước: 27x27)
Sử dụng ngưỡng Alpha: 128
Hoàn thành! Đã lưu board vào 'level_set/level_set_3/1_board_test/24'.
--- Đang tải board từ: level_set/level_set_3/1_board_test/24 ---
Đã tải thành công 729 ô 'editable'.
Tổng số ô có thể vẽ: 729

========================================
--- BẮT ĐẦU VÒNG LẶP (Length = 15) ---
Ô đã chiếm: 0 / Ô còn trống: 729
Đề xuất tạo 49 mũi tên cho vòng lặp này...
Generating level in painted area... (This will be slow)
Trying to generate arrow 1/49...
Trying to generate arrow 2/49...
Trying to generate arrow 3/49...
Trying to generate arrow 4/49...
Trying to generate arrow 5/49...
Trying to generate arrow 6/49...
Trying to generate arrow 7/49...
Trying to generate arrow 8/49...
Trying to generate arrow 9/49...
Trying to generate arrow 10/49...
Trying to generate arrow 11/49...
Trying to generate arrow 12/49...
Trying to generate arrow 13/49...
Trying to generate arrow 14/49...
Trying to generate arrow 15/49...
Trying to generate arrow 16/49...
Trying to generate arrow 17/49...
Trying to generate arrow 18/49...
Trying to generate arrow 19/49...
Trying to generate arrow 20/49...
Trying to generate arrow 21/49...
Trying to generate arrow 22/49...
Trying to generate arrow 23/49...
Trying to generate arrow 24/49...
Trying to generate arrow 25/49...
Trying to generate arrow 26/49...
Trying to generate arrow 27/49...
Trying to generate arrow 28/49...
Trying to generate arrow 29/49...
Trying to generate arrow 30/49...
Trying to generate arrow 31/49...
Trying to generate arrow 32/49...
Trying to generate arrow 33/49...
Trying to generate arrow 34/49...
Trying to generate arrow 35/49...
Trying to generate arrow 36/49...
Trying to generate arrow 37/49...
Trying to generate arrow 38/49...
Trying to generate arrow 39/49...
Trying to generate arrow 40/49...
Trying to generate arrow 41/49...
Trying to generate arrow 42/49...
Trying to generate arrow 43/49...
Trying to generate arrow 44/49...
Trying to generate arrow 45/49...
Trying to generate arrow 46/49...
Trying to generate arrow 47/49...
Trying to generate arrow 48/49...
Trying to generate arrow 49/49...
Successfully generated 49 arrows!
Kết quả vòng lặp: Successfully generated 49 arrows!
Giảm độ dài từ 15...
Độ dài vòng tiếp theo: 10

========================================
--- BẮT ĐẦU VÒNG LẶP (Length = 10) ---
Ô đã chiếm: 609 / Ô còn trống: 120
Đề xuất tạo 12 mũi tên cho vòng lặp này...
Generating level in painted area... (This will be slow)
Trying to generate arrow 1/12...
Trying to generate arrow 2/12...
Trying to generate arrow 3/12...
Trying to generate arrow 4/12...
Trying to generate arrow 5/12...
Trying to generate arrow 6/12...
Trying to generate arrow 7/12...
Trying to generate arrow 8/12...
Trying to generate arrow 9/12...
Could not find valid arrow 9. Stopping.
Successfully generated 8 arrows!
Kết quả vòng lặp: Successfully generated 8 arrows!
Giảm độ dài từ 10...
Độ dài vòng tiếp theo: 5

========================================
--- BẮT ĐẦU VÒNG LẶP (Length = 5) ---
Ô đã chiếm: 658 / Ô còn trống: 71
Đề xuất tạo 14 mũi tên cho vòng lặp này...
Generating level in painted area... (This will be slow)
Trying to generate arrow 1/14...
Trying to generate arrow 2/14...
Trying to generate arrow 3/14...
Trying to generate arrow 4/14...
Trying to generate arrow 5/14...
Trying to generate arrow 6/14...
Trying to generate arrow 7/14...
Trying to generate arrow 8/14...
Trying to generate arrow 9/14...
Trying to generate arrow 10/14...
Trying to generate arrow 11/14...
Trying to generate arrow 12/14...
Trying to generate arrow 13/14...
Trying to generate arrow 14/14...
Successfully generated 14 arrows!
Kết quả vòng lặp: Successfully generated 14 arrows!
Tiếp tục lặp lại ở độ dài tối thiểu (5)...

========================================
--- BẮT ĐẦU VÒNG LẶP (Length = 5) ---
Ô đã chiếm: 691 / Ô còn trống: 38
Đề xuất tạo 8 mũi tên cho vòng lặp này...
Generating level in painted area... (This will be slow)
Trying to generate arrow 1/8...
Trying to generate arrow 2/8...
Trying to generate arrow 3/8...
Trying to generate arrow 4/8...
Trying to generate arrow 5/8...
Trying to generate arrow 6/8...
Could not find valid arrow 6. Stopping.
Successfully generated 5 arrows!
Kết quả vòng lặp: Successfully generated 5 arrows!
Tiếp tục lặp lại ở độ dài tối thiểu (5)...

========================================
--- BẮT ĐẦU VÒNG LẶP (Length = 5) ---
Ô đã chiếm: 701 / Ô còn trống: 28
Đề xuất tạo 6 mũi tên cho vòng lặp này...
Generating level in painted area... (This will be slow)
Trying to generate arrow 1/6...
Could not find valid arrow 1. Stopping.
Kết quả vòng lặp: Generation complete, but 0 valid arrows found. Try again.
Không thể tạo thêm mũi tên ở độ dài này.
Đã đạt độ dài tối thiểu và không thể tạo thêm. Dừng.

========================================
--- ĐÃ HOÀN TẤT TẤT CẢ CÁC VÒNG LẶP ---
Tổng cộng đã tạo: 76 mũi tên.
Đã lấp đầy 701 / 729 ô (96.2%)
--- Đang lưu kết quả ra: level_set/level_set_3/2_result_test/24.json ---
Đã lưu thành công level 27x27 với 76 mũi tên.
--- Bản đồ kết quả (ASCII) ---
                             
 ####.^<####.<#####^.<#####^ 
 ######<######<######>###### 
 <########.################# 
 <####>#######.############# 
 <############^#<#^########> 
 .#########<###########.#### 
 ^##v####<#######.<#######^# 
 ############.############## 
 ##^###^###v#############.## 
 ###########.######^####.<#. 
 ###########<#####^#######^^ 
 ###v###########>v##^###^### 
 ^########>###^#>########### 
 ####<######.############### 
 .^#################>####### 
 ^#########>#>.#######^##### 
 ########################### 
 <######>#####.vvv#########^ 
 <#.####^##############.#### 
 ##########################^ 
 #^<###########v######^##<## 
 ####^<######<##v#######>### 
 #########.################# 
 ####.##.###########>####### 
 #########.#####v###^#.#>##. 
 ###########.############### 
 v###.v######>.vv########### 
                             
--- Đang render: 24 (27x27) ---
✅ Đã lưu hình ảnh vào: level_set/level_set_3/3_render/24.png
4 AIR BALLOON.png 25
args: Args(level_set_path=PosixPath('level_set/level_set_3'), start_length=15, length_step=5, min_length=5, size=(25, 25), turn_probability=0.75, straight_weight=2, left_weight=0.5, right_weight=0.5, max_turns=30, generate_mode='basic', csv_path=PosixPath('level_set/level_set_3/[Data] levels - test dataframe.csv'), csv=    level_name    template_name  ...  size_y  is_icon
0           21     pentagon.png  ...      25      NaN
1           22         star.png  ...      25      NaN
2           23     pentagon.png  ...      35      NaN
3           24       square.png  ...      27      NaN
4           25  AIR BALLOON.png  ...      25        *
5           26         star.png  ...      25      NaN
6           27       circle.png  ...      35      NaN
7           28      hexagon.png  ...      27      NaN
8           29       square.png  ...      29      NaN
9           30         BODY.png  ...      26        *
10          31       circle.png  ...      35      NaN
11          32     pentagon.png  ...      28      NaN
12          33       square.png  ...      40      NaN
13          34       square.png  ...      30      NaN
14          35        CHESS.png  ...      28        *
15          36      hexagon.png  ...      28      NaN
16          37       square.png  ...      30      NaN
17          38       circle.png  ...      30      NaN
18          39       square.png  ...      45      NaN
19          40   CRUSTACEAN.png  ...      28        *

[20 rows x 8 columns], item_path='level_set/level_set_3/1_0_original_icons/AIR BALLOON.png', item_name='AIR BALLOON.png', alter_item_name='25')
Đang xử lý: 'level_set/level_set_3/1_0_original_icons/AIR BALLOON.png' (Kích thước gốc: (193, 256))
==> Đã lưu vào: 'level_set/level_set_3/1_1_icons/AIR BALLOON.png' (Kích thước mới: (25, 25))
Đã tải ảnh 'level_set/level_set_3/1_1_icons/AIR BALLOON.png' (Kích thước: 25x25)
Sử dụng ngưỡng Alpha: 128
Hoàn thành! Đã lưu board vào 'level_set/level_set_3/1_board_test/25'.
--- Đang tải board từ: level_set/level_set_3/1_board_test/25 ---
Đã tải thành công 357 ô 'editable'.
Tổng số ô có thể vẽ: 357

========================================
--- BẮT ĐẦU VÒNG LẶP (Length = 15) ---
Ô đã chiếm: 0 / Ô còn trống: 357
Đề xuất tạo 24 mũi tên cho vòng lặp này...
Generating level in painted area... (This will be slow)
Trying to generate arrow 1/24...
Trying to generate arrow 2/24...
Trying to generate arrow 3/24...
Trying to generate arrow 4/24...
Trying to generate arrow 5/24...
Trying to generate arrow 6/24...
Trying to generate arrow 7/24...
Trying to generate arrow 8/24...
Trying to generate arrow 9/24...
Trying to generate arrow 10/24...
Trying to generate arrow 11/24...
Trying to generate arrow 12/24...
Trying to generate arrow 13/24...
Trying to generate arrow 14/24...
Trying to generate arrow 15/24...
Trying to generate arrow 16/24...
Trying to generate arrow 17/24...
Trying to generate arrow 18/24...
Trying to generate arrow 19/24...
Trying to generate arrow 20/24...
Trying to generate arrow 21/24...
Trying to generate arrow 22/24...
Trying to generate arrow 23/24...
Trying to generate arrow 24/24...
Successfully generated 24 arrows!
Kết quả vòng lặp: Successfully generated 24 arrows!
Giảm độ dài từ 15...
Độ dài vòng tiếp theo: 10

========================================
--- BẮT ĐẦU VÒNG LẶP (Length = 10) ---
Ô đã chiếm: 279 / Ô còn trống: 78
Đề xuất tạo 8 mũi tên cho vòng lặp này...
Generating level in painted area... (This will be slow)
Trying to generate arrow 1/8...
Trying to generate arrow 2/8...
Trying to generate arrow 3/8...
Trying to generate arrow 4/8...
Trying to generate arrow 5/8...
Trying to generate arrow 6/8...
Could not find valid arrow 6. Stopping.
Successfully generated 5 arrows!
Kết quả vòng lặp: Successfully generated 5 arrows!
Giảm độ dài từ 10...
Độ dài vòng tiếp theo: 5

========================================
--- BẮT ĐẦU VÒNG LẶP (Length = 5) ---
Ô đã chiếm: 309 / Ô còn trống: 48
Đề xuất tạo 10 mũi tên cho vòng lặp này...
Generating level in painted area... (This will be slow)
Trying to generate arrow 1/10...
Trying to generate arrow 2/10...
Trying to generate arrow 3/10...
Trying to generate arrow 4/10...
Trying to generate arrow 5/10...
Trying to generate arrow 6/10...
Trying to generate arrow 7/10...
Trying to generate arrow 8/10...
Trying to generate arrow 9/10...
Could not find valid arrow 9. Stopping.
Successfully generated 8 arrows!
Kết quả vòng lặp: Successfully generated 8 arrows!
Tiếp tục lặp lại ở độ dài tối thiểu (5)...

========================================
--- BẮT ĐẦU VÒNG LẶP (Length = 5) ---
Ô đã chiếm: 330 / Ô còn trống: 27
Đề xuất tạo 5 mũi tên cho vòng lặp này...
Generating level in painted area... (This will be slow)
Trying to generate arrow 1/5...
Could not find valid arrow 1. Stopping.
Kết quả vòng lặp: Generation complete, but 0 valid arrows found. Try again.
Không thể tạo thêm mũi tên ở độ dài này.
Đã đạt độ dài tối thiểu và không thể tạo thêm. Dừng.

========================================
--- ĐÃ HOÀN TẤT TẤT CẢ CÁC VÒNG LẶP ---
Tổng cộng đã tạo: 37 mũi tên.
Đã lấp đầy 330 / 357 ô (92.4%)
--- Đang lưu kết quả ra: level_set/level_set_3/2_result_test/25.json ---
Đã lưu thành công level 23x25 với 37 mũi tên.
--- Bản đồ kết quả (ASCII) ---
                         
           <###          
      <####^#######      
    ^.^#########.####    
   #####.######>.#####^  
  #############.^##^.### 
 .###^####.^^########### 
 ^###################### 
 ##########^######v##### 
 ^##v#############>###.# 
 ##.####.###.########### 
  #^#^#########>.######v 
  ###########.#########  
   ######v############.  
    v########v####v#<#   
     #####v#v.######.    
      .<###v#######>     
       .##########.      
        ##.<######       
        .####>.#>        
         #      .        
         #     #         
          .    #         
         .<#####.        
          #####          
          ###<#          
                         
--- Đang render: 25 (23x25) ---
✅ Đã lưu hình ảnh vào: level_set/level_set_3/3_render/25.png
5 star.png 25
args: Args(level_set_path=PosixPath('level_set/level_set_3'), start_length=15, length_step=5, min_length=5, size=(25, 25), turn_probability=0.75, straight_weight=2, left_weight=0.5, right_weight=0.5, max_turns=30, generate_mode='basic', csv_path=PosixPath('level_set/level_set_3/[Data] levels - test dataframe.csv'), csv=    level_name    template_name  ...  size_y  is_icon
0           21     pentagon.png  ...      25      NaN
1           22         star.png  ...      25      NaN
2           23     pentagon.png  ...      35      NaN
3           24       square.png  ...      27      NaN
4           25  AIR BALLOON.png  ...      25        *
5           26         star.png  ...      25      NaN
6           27       circle.png  ...      35      NaN
7           28      hexagon.png  ...      27      NaN
8           29       square.png  ...      29      NaN
9           30         BODY.png  ...      26        *
10          31       circle.png  ...      35      NaN
11          32     pentagon.png  ...      28      NaN
12          33       square.png  ...      40      NaN
13          34       square.png  ...      30      NaN
14          35        CHESS.png  ...      28        *
15          36      hexagon.png  ...      28      NaN
16          37       square.png  ...      30      NaN
17          38       circle.png  ...      30      NaN
18          39       square.png  ...      45      NaN
19          40   CRUSTACEAN.png  ...      28        *

[20 rows x 8 columns], item_path='level_set/level_set_3/1_0_original_icons/star.png', item_name='star.png', alter_item_name='26')
Đang xử lý: 'level_set/level_set_3/1_0_original_icons/star.png' (Kích thước gốc: (250, 250))
==> Đã lưu vào: 'level_set/level_set_3/1_1_icons/star.png' (Kích thước mới: (25, 25))
Đã tải ảnh 'level_set/level_set_3/1_1_icons/star.png' (Kích thước: 25x25)
Sử dụng ngưỡng Alpha: 128
Hoàn thành! Đã lưu board vào 'level_set/level_set_3/1_board_test/26'.
--- Đang tải board từ: level_set/level_set_3/1_board_test/26 ---
Đã tải thành công 208 ô 'editable'.
Tổng số ô có thể vẽ: 208

========================================
--- BẮT ĐẦU VÒNG LẶP (Length = 15) ---
Ô đã chiếm: 0 / Ô còn trống: 208
Đề xuất tạo 14 mũi tên cho vòng lặp này...
Generating level in painted area... (This will be slow)
Trying to generate arrow 1/14...
Trying to generate arrow 2/14...
Trying to generate arrow 3/14...
Trying to generate arrow 4/14...
Trying to generate arrow 5/14...
Trying to generate arrow 6/14...
Trying to generate arrow 7/14...
Trying to generate arrow 8/14...
Trying to generate arrow 9/14...
Trying to generate arrow 10/14...
Trying to generate arrow 11/14...
Trying to generate arrow 12/14...
Trying to generate arrow 13/14...
Trying to generate arrow 14/14...
Successfully generated 14 arrows!
Kết quả vòng lặp: Successfully generated 14 arrows!
Giảm độ dài từ 15...
Độ dài vòng tiếp theo: 10

========================================
--- BẮT ĐẦU VÒNG LẶP (Length = 10) ---
Ô đã chiếm: 161 / Ô còn trống: 47
Đề xuất tạo 5 mũi tên cho vòng lặp này...
Generating level in painted area... (This will be slow)
Trying to generate arrow 1/5...
Trying to generate arrow 2/5...
Could not find valid arrow 2. Stopping.
Successfully generated 1 arrows!
Kết quả vòng lặp: Successfully generated 1 arrows!
Giảm độ dài từ 10...
Độ dài vòng tiếp theo: 5

========================================
--- BẮT ĐẦU VÒNG LẶP (Length = 5) ---
Ô đã chiếm: 167 / Ô còn trống: 41
Đề xuất tạo 8 mũi tên cho vòng lặp này...
Generating level in painted area... (This will be slow)
Trying to generate arrow 1/8...
Trying to generate arrow 2/8...
Trying to generate arrow 3/8...
Trying to generate arrow 4/8...
Trying to generate arrow 5/8...
Trying to generate arrow 6/8...
Trying to generate arrow 7/8...
Trying to generate arrow 8/8...
Successfully generated 8 arrows!
Kết quả vòng lặp: Successfully generated 8 arrows!
Tiếp tục lặp lại ở độ dài tối thiểu (5)...

========================================
--- BẮT ĐẦU VÒNG LẶP (Length = 5) ---
Ô đã chiếm: 187 / Ô còn trống: 21
Đề xuất tạo 4 mũi tên cho vòng lặp này...
Generating level in painted area... (This will be slow)
Trying to generate arrow 1/4...
Trying to generate arrow 2/4...
Trying to generate arrow 3/4...
Trying to generate arrow 4/4...
Successfully generated 4 arrows!
Kết quả vòng lặp: Successfully generated 4 arrows!
Tiếp tục lặp lại ở độ dài tối thiểu (5)...

========================================
--- BẮT ĐẦU VÒNG LẶP (Length = 5) ---
Ô đã chiếm: 198 / Ô còn trống: 10
Đề xuất tạo 2 mũi tên cho vòng lặp này...
Generating level in painted area... (This will be slow)
Trying to generate arrow 1/2...
Could not find valid arrow 1. Stopping.
Kết quả vòng lặp: Generation complete, but 0 valid arrows found. Try again.
Không thể tạo thêm mũi tên ở độ dài này.
Đã đạt độ dài tối thiểu và không thể tạo thêm. Dừng.

========================================
--- ĐÃ HOÀN TẤT TẤT CẢ CÁC VÒNG LẶP ---
Tổng cộng đã tạo: 27 mũi tên.
Đã lấp đầy 198 / 208 ô (95.2%)
--- Đang lưu kết quả ra: level_set/level_set_3/2_result_test/26.json ---
Đã lưu thành công level 19x21 với 27 mũi tên.
--- Bản đồ kết quả (ASCII) ---
                       
           #           
           v           
          ^<#          
          ###          
         <####         
         .####         
        #######        
  .<########^v###..<#  
 .###^##############>. 
  #########>########.  
   ######>#>#######v   
    .<#############    
     .############     
      ###########      
      ^###<##>##v      
     ^###>######.^     
     ###########>#     
     ^#v##########     
     ###v#   <####     
     ###       ###     
     #           #     
                       
--- Đang render: 26 (19x21) ---
✅ Đã lưu hình ảnh vào: level_set/level_set_3/3_render/26.png
6 circle.png 27
args: Args(level_set_path=PosixPath('level_set/level_set_3'), start_length=15, length_step=5, min_length=5, size=(27, 35), turn_probability=0.75, straight_weight=2, left_weight=0.5, right_weight=0.5, max_turns=30, generate_mode='basic', csv_path=PosixPath('level_set/level_set_3/[Data] levels - test dataframe.csv'), csv=    level_name    template_name  ...  size_y  is_icon
0           21     pentagon.png  ...      25      NaN
1           22         star.png  ...      25      NaN
2           23     pentagon.png  ...      35      NaN
3           24       square.png  ...      27      NaN
4           25  AIR BALLOON.png  ...      25        *
5           26         star.png  ...      25      NaN
6           27       circle.png  ...      35      NaN
7           28      hexagon.png  ...      27      NaN
8           29       square.png  ...      29      NaN
9           30         BODY.png  ...      26        *
10          31       circle.png  ...      35      NaN
11          32     pentagon.png  ...      28      NaN
12          33       square.png  ...      40      NaN
13          34       square.png  ...      30      NaN
14          35        CHESS.png  ...      28        *
15          36      hexagon.png  ...      28      NaN
16          37       square.png  ...      30      NaN
17          38       circle.png  ...      30      NaN
18          39       square.png  ...      45      NaN
19          40   CRUSTACEAN.png  ...      28        *

[20 rows x 8 columns], item_path='level_set/level_set_3/1_0_original_icons/circle.png', item_name='circle.png', alter_item_name='27')
Đang xử lý: 'level_set/level_set_3/1_0_original_icons/circle.png' (Kích thước gốc: (250, 250))
==> Đã lưu vào: 'level_set/level_set_3/1_1_icons/circle.png' (Kích thước mới: (27, 35))
Đã tải ảnh 'level_set/level_set_3/1_1_icons/circle.png' (Kích thước: 27x35)
Sử dụng ngưỡng Alpha: 128
Hoàn thành! Đã lưu board vào 'level_set/level_set_3/1_board_test/27'.
--- Đang tải board từ: level_set/level_set_3/1_board_test/27 ---
Đã tải thành công 745 ô 'editable'.
Tổng số ô có thể vẽ: 745

========================================
--- BẮT ĐẦU VÒNG LẶP (Length = 15) ---
Ô đã chiếm: 0 / Ô còn trống: 745
Đề xuất tạo 50 mũi tên cho vòng lặp này...
Generating level in painted area... (This will be slow)
Trying to generate arrow 1/50...
Trying to generate arrow 2/50...
Trying to generate arrow 3/50...
Trying to generate arrow 4/50...
Trying to generate arrow 5/50...
Trying to generate arrow 6/50...
Trying to generate arrow 7/50...
Trying to generate arrow 8/50...
Trying to generate arrow 9/50...
Trying to generate arrow 10/50...
Trying to generate arrow 11/50...
Trying to generate arrow 12/50...
Trying to generate arrow 13/50...
Trying to generate arrow 14/50...
Trying to generate arrow 15/50...
Trying to generate arrow 16/50...
Trying to generate arrow 17/50...
Trying to generate arrow 18/50...
Trying to generate arrow 19/50...
Trying to generate arrow 20/50...
Trying to generate arrow 21/50...
Trying to generate arrow 22/50...
Trying to generate arrow 23/50...
Trying to generate arrow 24/50...
Trying to generate arrow 25/50...
Trying to generate arrow 26/50...
Trying to generate arrow 27/50...
Trying to generate arrow 28/50...
Trying to generate arrow 29/50...
Trying to generate arrow 30/50...
Trying to generate arrow 31/50...
Trying to generate arrow 32/50...
Trying to generate arrow 33/50...
Trying to generate arrow 34/50...
Trying to generate arrow 35/50...
Trying to generate arrow 36/50...
Trying to generate arrow 37/50...
Trying to generate arrow 38/50...
Trying to generate arrow 39/50...
Trying to generate arrow 40/50...
Trying to generate arrow 41/50...
Trying to generate arrow 42/50...
Trying to generate arrow 43/50...
Trying to generate arrow 44/50...
Trying to generate arrow 45/50...
Trying to generate arrow 46/50...
Trying to generate arrow 47/50...
Trying to generate arrow 48/50...
Trying to generate arrow 49/50...
Trying to generate arrow 50/50...
Successfully generated 50 arrows!
Kết quả vòng lặp: Successfully generated 50 arrows!
Giảm độ dài từ 15...
Độ dài vòng tiếp theo: 10

========================================
--- BẮT ĐẦU VÒNG LẶP (Length = 10) ---
Ô đã chiếm: 609 / Ô còn trống: 136
Đề xuất tạo 14 mũi tên cho vòng lặp này...
Generating level in painted area... (This will be slow)
Trying to generate arrow 1/14...
Trying to generate arrow 2/14...
Trying to generate arrow 3/14...
Trying to generate arrow 4/14...
Trying to generate arrow 5/14...
Trying to generate arrow 6/14...
Trying to generate arrow 7/14...
Trying to generate arrow 8/14...
Trying to generate arrow 9/14...
Could not find valid arrow 9. Stopping.
Successfully generated 8 arrows!
Kết quả vòng lặp: Successfully generated 8 arrows!
Giảm độ dài từ 10...
Độ dài vòng tiếp theo: 5

========================================
--- BẮT ĐẦU VÒNG LẶP (Length = 5) ---
Ô đã chiếm: 654 / Ô còn trống: 91
Đề xuất tạo 18 mũi tên cho vòng lặp này...
Generating level in painted area... (This will be slow)
Trying to generate arrow 1/18...
Trying to generate arrow 2/18...
Trying to generate arrow 3/18...
Trying to generate arrow 4/18...
Trying to generate arrow 5/18...
Trying to generate arrow 6/18...
Trying to generate arrow 7/18...
Trying to generate arrow 8/18...
Trying to generate arrow 9/18...
Trying to generate arrow 10/18...
Trying to generate arrow 11/18...
Trying to generate arrow 12/18...
Trying to generate arrow 13/18...
Trying to generate arrow 14/18...
Trying to generate arrow 15/18...
Trying to generate arrow 16/18...
Trying to generate arrow 17/18...
Trying to generate arrow 18/18...
Successfully generated 18 arrows!
Kết quả vòng lặp: Successfully generated 18 arrows!
Tiếp tục lặp lại ở độ dài tối thiểu (5)...

========================================
--- BẮT ĐẦU VÒNG LẶP (Length = 5) ---
Ô đã chiếm: 697 / Ô còn trống: 48
Đề xuất tạo 10 mũi tên cho vòng lặp này...
Generating level in painted area... (This will be slow)
Trying to generate arrow 1/10...
Trying to generate arrow 2/10...
Could not find valid arrow 2. Stopping.
Successfully generated 1 arrows!
Kết quả vòng lặp: Successfully generated 1 arrows!
Tiếp tục lặp lại ở độ dài tối thiểu (5)...

========================================
--- BẮT ĐẦU VÒNG LẶP (Length = 5) ---
Ô đã chiếm: 699 / Ô còn trống: 46
Đề xuất tạo 9 mũi tên cho vòng lặp này...
Generating level in painted area... (This will be slow)
Trying to generate arrow 1/9...
Could not find valid arrow 1. Stopping.
Kết quả vòng lặp: Generation complete, but 0 valid arrows found. Try again.
Không thể tạo thêm mũi tên ở độ dài này.
Đã đạt độ dài tối thiểu và không thể tạo thêm. Dừng.

========================================
--- ĐÃ HOÀN TẤT TẤT CẢ CÁC VÒNG LẶP ---
Tổng cộng đã tạo: 77 mũi tên.
Đã lấp đầy 699 / 745 ô (93.8%)
--- Đang lưu kết quả ra: level_set/level_set_3/2_result_test/27.json ---
Đã lưu thành công level 27x35 với 77 mũi tên.
--- Bản đồ kết quả (ASCII) ---
                             
           .##<###           
         .#########>         
        ####.######^.        
      .####>^##########      
     #>########>#.#^.^##     
     ########.###^######     
    #>#######^###########    
   .##########.<#^#####.##   
   #######.^###^##########   
   ######################v   
  ^#######v^###############  
  ########>##>.######v#####  
  #####>####.###.#########v  
 ^################.vv###v### 
 ####v####.##.#^####.####### 
 ####.##v#########v##.###### 
 #<#####.#####^####.######>. 
 ##########v###.##v########> 
 .#<#v#.#######^####v###>##. 
 <#.######################## 
 #####.########^##>######### 
 .#####>##########.###.##>## 
  ######v#################v  
  ##########.#^^###########  
  #####>###>^#####>########  
   ########.#########vv###   
   ##<#####<####.#####>###   
   ##<#<##########.###.##.   
    .####>########>#v###v    
     #########^#########     
     #################>.     
      .###v<##########.      
        v##.##^####>.        
         .#######^#>         
           #######           
                             
--- Đang render: 27 (27x35) ---
✅ Đã lưu hình ảnh vào: level_set/level_set_3/3_render/27.png
7 hexagon.png 27
args: Args(level_set_path=PosixPath('level_set/level_set_3'), start_length=15, length_step=5, min_length=5, size=(27, 27), turn_probability=0.75, straight_weight=2, left_weight=0.5, right_weight=0.5, max_turns=30, generate_mode='basic', csv_path=PosixPath('level_set/level_set_3/[Data] levels - test dataframe.csv'), csv=    level_name    template_name  ...  size_y  is_icon
0           21     pentagon.png  ...      25      NaN
1           22         star.png  ...      25      NaN
2           23     pentagon.png  ...      35      NaN
3           24       square.png  ...      27      NaN
4           25  AIR BALLOON.png  ...      25        *
5           26         star.png  ...      25      NaN
6           27       circle.png  ...      35      NaN
7           28      hexagon.png  ...      27      NaN
8           29       square.png  ...      29      NaN
9           30         BODY.png  ...      26        *
10          31       circle.png  ...      35      NaN
11          32     pentagon.png  ...      28      NaN
12          33       square.png  ...      40      NaN
13          34       square.png  ...      30      NaN
14          35        CHESS.png  ...      28        *
15          36      hexagon.png  ...      28      NaN
16          37       square.png  ...      30      NaN
17          38       circle.png  ...      30      NaN
18          39       square.png  ...      45      NaN
19          40   CRUSTACEAN.png  ...      28        *

[20 rows x 8 columns], item_path='level_set/level_set_3/1_0_original_icons/hexagon.png', item_name='hexagon.png', alter_item_name='28')
Đang xử lý: 'level_set/level_set_3/1_0_original_icons/hexagon.png' (Kích thước gốc: (250, 250))
==> Đã lưu vào: 'level_set/level_set_3/1_1_icons/hexagon.png' (Kích thước mới: (27, 27))
Đã tải ảnh 'level_set/level_set_3/1_1_icons/hexagon.png' (Kích thước: 27x27)
Sử dụng ngưỡng Alpha: 128
Hoàn thành! Đã lưu board vào 'level_set/level_set_3/1_board_test/28'.
--- Đang tải board từ: level_set/level_set_3/1_board_test/28 ---
Đã tải thành công 469 ô 'editable'.
Tổng số ô có thể vẽ: 469

========================================
--- BẮT ĐẦU VÒNG LẶP (Length = 15) ---
Ô đã chiếm: 0 / Ô còn trống: 469
Đề xuất tạo 31 mũi tên cho vòng lặp này...
Generating level in painted area... (This will be slow)
Trying to generate arrow 1/31...
Trying to generate arrow 2/31...
Trying to generate arrow 3/31...
Trying to generate arrow 4/31...
Trying to generate arrow 5/31...
Trying to generate arrow 6/31...
Trying to generate arrow 7/31...
Trying to generate arrow 8/31...
Trying to generate arrow 9/31...
Trying to generate arrow 10/31...
Trying to generate arrow 11/31...
Trying to generate arrow 12/31...
Trying to generate arrow 13/31...
Trying to generate arrow 14/31...
Trying to generate arrow 15/31...
Trying to generate arrow 16/31...
Trying to generate arrow 17/31...
Trying to generate arrow 18/31...
Trying to generate arrow 19/31...
Trying to generate arrow 20/31...
Trying to generate arrow 21/31...
Trying to generate arrow 22/31...
Trying to generate arrow 23/31...
Trying to generate arrow 24/31...
Trying to generate arrow 25/31...
Trying to generate arrow 26/31...
Trying to generate arrow 27/31...
Trying to generate arrow 28/31...
Trying to generate arrow 29/31...
Trying to generate arrow 30/31...
Trying to generate arrow 31/31...
Successfully generated 31 arrows!
Kết quả vòng lặp: Successfully generated 31 arrows!
Giảm độ dài từ 15...
Độ dài vòng tiếp theo: 10

========================================
--- BẮT ĐẦU VÒNG LẶP (Length = 10) ---
Ô đã chiếm: 371 / Ô còn trống: 98
Đề xuất tạo 10 mũi tên cho vòng lặp này...
Generating level in painted area... (This will be slow)
Trying to generate arrow 1/10...
Trying to generate arrow 2/10...
Trying to generate arrow 3/10...
Trying to generate arrow 4/10...
Trying to generate arrow 5/10...
Trying to generate arrow 6/10...
Could not find valid arrow 6. Stopping.
Successfully generated 5 arrows!
Kết quả vòng lặp: Successfully generated 5 arrows!
Giảm độ dài từ 10...
Độ dài vòng tiếp theo: 5

========================================
--- BẮT ĐẦU VÒNG LẶP (Length = 5) ---
Ô đã chiếm: 403 / Ô còn trống: 66
Đề xuất tạo 13 mũi tên cho vòng lặp này...
Generating level in painted area... (This will be slow)
Trying to generate arrow 1/13...
Trying to generate arrow 2/13...
Trying to generate arrow 3/13...
Trying to generate arrow 4/13...
Trying to generate arrow 5/13...
Trying to generate arrow 6/13...
Trying to generate arrow 7/13...
Trying to generate arrow 8/13...
Trying to generate arrow 9/13...
Trying to generate arrow 10/13...
Trying to generate arrow 11/13...
Trying to generate arrow 12/13...
Trying to generate arrow 13/13...
Successfully generated 13 arrows!
Kết quả vòng lặp: Successfully generated 13 arrows!
Tiếp tục lặp lại ở độ dài tối thiểu (5)...

========================================
--- BẮT ĐẦU VÒNG LẶP (Length = 5) ---
Ô đã chiếm: 432 / Ô còn trống: 37
Đề xuất tạo 7 mũi tên cho vòng lặp này...
Generating level in painted area... (This will be slow)
Trying to generate arrow 1/7...
Trying to generate arrow 2/7...
Trying to generate arrow 3/7...
Trying to generate arrow 4/7...
Could not find valid arrow 4. Stopping.
Successfully generated 3 arrows!
Kết quả vòng lặp: Successfully generated 3 arrows!
Tiếp tục lặp lại ở độ dài tối thiểu (5)...

========================================
--- BẮT ĐẦU VÒNG LẶP (Length = 5) ---
Ô đã chiếm: 438 / Ô còn trống: 31
Đề xuất tạo 6 mũi tên cho vòng lặp này...
Generating level in painted area... (This will be slow)
Trying to generate arrow 1/6...
Could not find valid arrow 1. Stopping.
Kết quả vòng lặp: Generation complete, but 0 valid arrows found. Try again.
Không thể tạo thêm mũi tên ở độ dài này.
Đã đạt độ dài tối thiểu và không thể tạo thêm. Dừng.

========================================
--- ĐÃ HOÀN TẤT TẤT CẢ CÁC VÒNG LẶP ---
Tổng cộng đã tạo: 52 mũi tên.
Đã lấp đầy 438 / 469 ô (93.4%)
--- Đang lưu kết quả ra: level_set/level_set_3/2_result_test/28.json ---
Đã lưu thành công level 26x23 với 52 mũi tên.
--- Bản đồ kết quả (ASCII) ---
                             
       .#^###########>       
       ^###########^##       
      ####^####v#######      
      ######<#v####.###      
     .######.##v#######^     
    ###<#######<##<##<###    
    #####>###.#####>v####    
   ^###################^<#   
   #^.^#<######>...###v###   
  ######<########^##.######  
  ######.######.######..###  
 #>.#########.###.#####^###. 
  <#########.<######.######  
  .####v############>v##.##  
   ########.#####^########   
   #####.<############v.##   
    ^####<#<#####^####.<#    
    ####<###########<####    
     ####>#.###########.     
      #################      
      ####.###v##<#####      
       ###^#####v.###.       
       ####v#######>#>       
                             
--- Đang render: 28 (26x23) ---
✅ Đã lưu hình ảnh vào: level_set/level_set_3/3_render/28.png
8 square.png 29
args: Args(level_set_path=PosixPath('level_set/level_set_3'), start_length=15, length_step=5, min_length=5, size=(29, 29), turn_probability=0.75, straight_weight=2, left_weight=0.5, right_weight=0.5, max_turns=30, generate_mode='basic', csv_path=PosixPath('level_set/level_set_3/[Data] levels - test dataframe.csv'), csv=    level_name    template_name  ...  size_y  is_icon
0           21     pentagon.png  ...      25      NaN
1           22         star.png  ...      25      NaN
2           23     pentagon.png  ...      35      NaN
3           24       square.png  ...      27      NaN
4           25  AIR BALLOON.png  ...      25        *
5           26         star.png  ...      25      NaN
6           27       circle.png  ...      35      NaN
7           28      hexagon.png  ...      27      NaN
8           29       square.png  ...      29      NaN
9           30         BODY.png  ...      26        *
10          31       circle.png  ...      35      NaN
11          32     pentagon.png  ...      28      NaN
12          33       square.png  ...      40      NaN
13          34       square.png  ...      30      NaN
14          35        CHESS.png  ...      28        *
15          36      hexagon.png  ...      28      NaN
16          37       square.png  ...      30      NaN
17          38       circle.png  ...      30      NaN
18          39       square.png  ...      45      NaN
19          40   CRUSTACEAN.png  ...      28        *

[20 rows x 8 columns], item_path='level_set/level_set_3/1_0_original_icons/square.png', item_name='square.png', alter_item_name='29')
Đang xử lý: 'level_set/level_set_3/1_0_original_icons/square.png' (Kích thước gốc: (250, 250))
==> Đã lưu vào: 'level_set/level_set_3/1_1_icons/square.png' (Kích thước mới: (29, 29))
Đã tải ảnh 'level_set/level_set_3/1_1_icons/square.png' (Kích thước: 29x29)
Sử dụng ngưỡng Alpha: 128
Hoàn thành! Đã lưu board vào 'level_set/level_set_3/1_board_test/29'.
--- Đang tải board từ: level_set/level_set_3/1_board_test/29 ---
Đã tải thành công 841 ô 'editable'.
Tổng số ô có thể vẽ: 841

========================================
--- BẮT ĐẦU VÒNG LẶP (Length = 15) ---
Ô đã chiếm: 0 / Ô còn trống: 841
Đề xuất tạo 56 mũi tên cho vòng lặp này...
Generating level in painted area... (This will be slow)
Trying to generate arrow 1/56...
Trying to generate arrow 2/56...
Trying to generate arrow 3/56...
Trying to generate arrow 4/56...
Trying to generate arrow 5/56...
Trying to generate arrow 6/56...
Trying to generate arrow 7/56...
Trying to generate arrow 8/56...
Trying to generate arrow 9/56...
Trying to generate arrow 10/56...
Trying to generate arrow 11/56...
Trying to generate arrow 12/56...
Trying to generate arrow 13/56...
Trying to generate arrow 14/56...
Trying to generate arrow 15/56...
Trying to generate arrow 16/56...
Trying to generate arrow 17/56...
Trying to generate arrow 18/56...
Trying to generate arrow 19/56...
Trying to generate arrow 20/56...
Trying to generate arrow 21/56...
Trying to generate arrow 22/56...
Trying to generate arrow 23/56...
Trying to generate arrow 24/56...
Trying to generate arrow 25/56...
Trying to generate arrow 26/56...
Trying to generate arrow 27/56...
Trying to generate arrow 28/56...
Trying to generate arrow 29/56...
Trying to generate arrow 30/56...
Trying to generate arrow 31/56...
Trying to generate arrow 32/56...
Trying to generate arrow 33/56...
Trying to generate arrow 34/56...
Trying to generate arrow 35/56...
Trying to generate arrow 36/56...
Trying to generate arrow 37/56...
Trying to generate arrow 38/56...
Trying to generate arrow 39/56...
Trying to generate arrow 40/56...
Trying to generate arrow 41/56...
Trying to generate arrow 42/56...
Trying to generate arrow 43/56...
Trying to generate arrow 44/56...
Trying to generate arrow 45/56...
Trying to generate arrow 46/56...
Trying to generate arrow 47/56...
Trying to generate arrow 48/56...
Trying to generate arrow 49/56...
Trying to generate arrow 50/56...
Trying to generate arrow 51/56...
Trying to generate arrow 52/56...
Trying to generate arrow 53/56...
Trying to generate arrow 54/56...
Trying to generate arrow 55/56...
Trying to generate arrow 56/56...
Could not find valid arrow 56. Stopping.
Successfully generated 55 arrows!
Kết quả vòng lặp: Successfully generated 55 arrows!
Giảm độ dài từ 15...
Độ dài vòng tiếp theo: 10

========================================
--- BẮT ĐẦU VÒNG LẶP (Length = 10) ---
Ô đã chiếm: 684 / Ô còn trống: 157
Đề xuất tạo 16 mũi tên cho vòng lặp này...
Generating level in painted area... (This will be slow)
Trying to generate arrow 1/16...
Trying to generate arrow 2/16...
Trying to generate arrow 3/16...
Trying to generate arrow 4/16...
Trying to generate arrow 5/16...
Trying to generate arrow 6/16...
Could not find valid arrow 6. Stopping.
Successfully generated 5 arrows!
Kết quả vòng lặp: Successfully generated 5 arrows!
Giảm độ dài từ 10...
Độ dài vòng tiếp theo: 5

========================================
--- BẮT ĐẦU VÒNG LẶP (Length = 5) ---
Ô đã chiếm: 718 / Ô còn trống: 123
Đề xuất tạo 25 mũi tên cho vòng lặp này...
Generating level in painted area... (This will be slow)
Trying to generate arrow 1/25...
Trying to generate arrow 2/25...
Trying to generate arrow 3/25...
Trying to generate arrow 4/25...
Trying to generate arrow 5/25...
Trying to generate arrow 6/25...
Trying to generate arrow 7/25...
Trying to generate arrow 8/25...
Trying to generate arrow 9/25...
Trying to generate arrow 10/25...
Trying to generate arrow 11/25...
Trying to generate arrow 12/25...
Trying to generate arrow 13/25...
Trying to generate arrow 14/25...
Trying to generate arrow 15/25...
Trying to generate arrow 16/25...
Trying to generate arrow 17/25...
Trying to generate arrow 18/25...
Trying to generate arrow 19/25...
Trying to generate arrow 20/25...
Trying to generate arrow 21/25...
Trying to generate arrow 22/25...
Trying to generate arrow 23/25...
Trying to generate arrow 24/25...
Trying to generate arrow 25/25...
Successfully generated 25 arrows!
Kết quả vòng lặp: Successfully generated 25 arrows!
Tiếp tục lặp lại ở độ dài tối thiểu (5)...

========================================
--- BẮT ĐẦU VÒNG LẶP (Length = 5) ---
Ô đã chiếm: 780 / Ô còn trống: 61
Đề xuất tạo 12 mũi tên cho vòng lặp này...
Generating level in painted area... (This will be slow)
Trying to generate arrow 1/12...
Trying to generate arrow 2/12...
Trying to generate arrow 3/12...
Trying to generate arrow 4/12...
Trying to generate arrow 5/12...
Trying to generate arrow 6/12...
Trying to generate arrow 7/12...
Trying to generate arrow 8/12...
Trying to generate arrow 9/12...
Trying to generate arrow 10/12...
Trying to generate arrow 11/12...
Trying to generate arrow 12/12...
Successfully generated 12 arrows!
Kết quả vòng lặp: Successfully generated 12 arrows!
Tiếp tục lặp lại ở độ dài tối thiểu (5)...

========================================
--- BẮT ĐẦU VÒNG LẶP (Length = 5) ---
Ô đã chiếm: 804 / Ô còn trống: 37
Đề xuất tạo 7 mũi tên cho vòng lặp này...
Generating level in painted area... (This will be slow)
Trying to generate arrow 1/7...
Trying to generate arrow 2/7...
Could not find valid arrow 2. Stopping.
Successfully generated 1 arrows!
Kết quả vòng lặp: Successfully generated 1 arrows!
Tiếp tục lặp lại ở độ dài tối thiểu (5)...

========================================
--- BẮT ĐẦU VÒNG LẶP (Length = 5) ---
Ô đã chiếm: 806 / Ô còn trống: 35
Đề xuất tạo 7 mũi tên cho vòng lặp này...
Generating level in painted area... (This will be slow)
Trying to generate arrow 1/7...
Could not find valid arrow 1. Stopping.
Kết quả vòng lặp: Generation complete, but 0 valid arrows found. Try again.
Không thể tạo thêm mũi tên ở độ dài này.
Đã đạt độ dài tối thiểu và không thể tạo thêm. Dừng.

========================================
--- ĐÃ HOÀN TẤT TẤT CẢ CÁC VÒNG LẶP ---
Tổng cộng đã tạo: 98 mũi tên.
Đã lấp đầy 806 / 841 ô (95.8%)
--- Đang lưu kết quả ra: level_set/level_set_3/2_result_test/29.json ---
Đã lưu thành công level 29x29 với 98 mũi tên.
--- Bản đồ kết quả (ASCII) ---
                               
 #>####^###.##########>#####^^ 
 ##############>############## 
 ###.####>###>#####v#>######## 
 #.##########.#######^######## 
 ######.v###.^###########>###> 
 ####>.######################. 
 #############vvv###<####<#### 
 ##^#######>.##>#####>###>##># 
 .###>#########.###>#>#>###^## 
 ########v<##<##.####.#.###### 
 #################<#########^. 
 ##############<##>#>########^ 
 v########.#####.###^.######## 
 <#<########v################# 
 #######vv##.##.#<##<######### 
 #^###v#############.######### 
 #######v##################### 
 v<#######v##.######<######### 
 <########.v###v####^######.<# 
 <##v######<#####.#####.###### 
 ###.######<##v########<####># 
 #######.#####.v#^##########^# 
 #<##<###.vv.######<########## 
 ######<####################^# 
 #####v<#v###.###v##v<######## 
 ############<##>#######v##### 
 <#v##############.#####>##### 
 ###########v################# 
 ###<#########<####.#v.##<#v<# 
                               
--- Đang render: 29 (29x29) ---
✅ Đã lưu hình ảnh vào: level_set/level_set_3/3_render/29.png
9 BODY.png 26
args: Args(level_set_path=PosixPath('level_set/level_set_3'), start_length=15, length_step=5, min_length=5, size=(26, 26), turn_probability=0.75, straight_weight=2, left_weight=0.5, right_weight=0.5, max_turns=30, generate_mode='basic', csv_path=PosixPath('level_set/level_set_3/[Data] levels - test dataframe.csv'), csv=    level_name    template_name  ...  size_y  is_icon
0           21     pentagon.png  ...      25      NaN
1           22         star.png  ...      25      NaN
2           23     pentagon.png  ...      35      NaN
3           24       square.png  ...      27      NaN
4           25  AIR BALLOON.png  ...      25        *
5           26         star.png  ...      25      NaN
6           27       circle.png  ...      35      NaN
7           28      hexagon.png  ...      27      NaN
8           29       square.png  ...      29      NaN
9           30         BODY.png  ...      26        *
10          31       circle.png  ...      35      NaN
11          32     pentagon.png  ...      28      NaN
12          33       square.png  ...      40      NaN
13          34       square.png  ...      30      NaN
14          35        CHESS.png  ...      28        *
15          36      hexagon.png  ...      28      NaN
16          37       square.png  ...      30      NaN
17          38       circle.png  ...      30      NaN
18          39       square.png  ...      45      NaN
19          40   CRUSTACEAN.png  ...      28        *

[20 rows x 8 columns], item_path='level_set/level_set_3/1_0_original_icons/BODY.png', item_name='BODY.png', alter_item_name='30')
Đang xử lý: 'level_set/level_set_3/1_0_original_icons/BODY.png' (Kích thước gốc: (117, 222))
==> Đã lưu vào: 'level_set/level_set_3/1_1_icons/BODY.png' (Kích thước mới: (26, 26))
Đã tải ảnh 'level_set/level_set_3/1_1_icons/BODY.png' (Kích thước: 26x26)
Sử dụng ngưỡng Alpha: 128
Hoàn thành! Đã lưu board vào 'level_set/level_set_3/1_board_test/30'.
--- Đang tải board từ: level_set/level_set_3/1_board_test/30 ---
Đã tải thành công 274 ô 'editable'.
Tổng số ô có thể vẽ: 274

========================================
--- BẮT ĐẦU VÒNG LẶP (Length = 15) ---
Ô đã chiếm: 0 / Ô còn trống: 274
Đề xuất tạo 18 mũi tên cho vòng lặp này...
Generating level in painted area... (This will be slow)
Trying to generate arrow 1/18...
Trying to generate arrow 2/18...
Trying to generate arrow 3/18...
Trying to generate arrow 4/18...
Trying to generate arrow 5/18...
Trying to generate arrow 6/18...
Trying to generate arrow 7/18...
Trying to generate arrow 8/18...
Trying to generate arrow 9/18...
Trying to generate arrow 10/18...
Trying to generate arrow 11/18...
Trying to generate arrow 12/18...
Trying to generate arrow 13/18...
Trying to generate arrow 14/18...
Trying to generate arrow 15/18...
Trying to generate arrow 16/18...
Trying to generate arrow 17/18...
Trying to generate arrow 18/18...
Successfully generated 18 arrows!
Kết quả vòng lặp: Successfully generated 18 arrows!
Giảm độ dài từ 15...
Độ dài vòng tiếp theo: 10

========================================
--- BẮT ĐẦU VÒNG LẶP (Length = 10) ---
Ô đã chiếm: 210 / Ô còn trống: 64
Đề xuất tạo 6 mũi tên cho vòng lặp này...
Generating level in painted area... (This will be slow)
Trying to generate arrow 1/6...
Trying to generate arrow 2/6...
Trying to generate arrow 3/6...
Trying to generate arrow 4/6...
Trying to generate arrow 5/6...
Could not find valid arrow 5. Stopping.
Successfully generated 4 arrows!
Kết quả vòng lặp: Successfully generated 4 arrows!
Giảm độ dài từ 10...
Độ dài vòng tiếp theo: 5

========================================
--- BẮT ĐẦU VÒNG LẶP (Length = 5) ---
Ô đã chiếm: 236 / Ô còn trống: 38
Đề xuất tạo 8 mũi tên cho vòng lặp này...
Generating level in painted area... (This will be slow)
Trying to generate arrow 1/8...
Trying to generate arrow 2/8...
Trying to generate arrow 3/8...
Trying to generate arrow 4/8...
Trying to generate arrow 5/8...
Trying to generate arrow 6/8...
Trying to generate arrow 7/8...
Trying to generate arrow 8/8...
Successfully generated 8 arrows!
Kết quả vòng lặp: Successfully generated 8 arrows!
Tiếp tục lặp lại ở độ dài tối thiểu (5)...

========================================
--- BẮT ĐẦU VÒNG LẶP (Length = 5) ---
Ô đã chiếm: 253 / Ô còn trống: 21
Đề xuất tạo 4 mũi tên cho vòng lặp này...
Generating level in painted area... (This will be slow)
Trying to generate arrow 1/4...
Trying to generate arrow 2/4...
Trying to generate arrow 3/4...
Trying to generate arrow 4/4...
Could not find valid arrow 4. Stopping.
Successfully generated 3 arrows!
Kết quả vòng lặp: Successfully generated 3 arrows!
Tiếp tục lặp lại ở độ dài tối thiểu (5)...

========================================
--- BẮT ĐẦU VÒNG LẶP (Length = 5) ---
Ô đã chiếm: 259 / Ô còn trống: 15
Đề xuất tạo 3 mũi tên cho vòng lặp này...
Generating level in painted area... (This will be slow)
Trying to generate arrow 1/3...
Could not find valid arrow 1. Stopping.
Kết quả vòng lặp: Generation complete, but 0 valid arrows found. Try again.
Không thể tạo thêm mũi tên ở độ dài này.
Đã đạt độ dài tối thiểu và không thể tạo thêm. Dừng.

========================================
--- ĐÃ HOÀN TẤT TẤT CẢ CÁC VÒNG LẶP ---
Tổng cộng đã tạo: 33 mũi tên.
Đã lấp đầy 259 / 274 ô (94.5%)
--- Đang lưu kết quả ra: level_set/level_set_3/2_result_test/30.json ---
Đã lưu thành công level 24x24 với 33 mũi tên.
--- Bản đồ kết quả (ASCII) ---
                          
          ######>         
         #####>##         
         <####<##         
           ###.           
                          
        ####<#####        
      .^##.v.##.####      
     ################     
    .#######>####>###^    
    ##########^########   
   ##^##<######^.^##>##   
  #### <####v.##### .##.  
 <###  ###.v.^#####  ###^ 
  ##   #<##########   .## 
       ########.###       
       <####  #####       
       #####   ####       
       #####   ###^       
       #.###   <###       
       #####   ####       
       ##<##   ####       
       ###>#   ####       
       ####v   ####       
       ##>v    #>#>       
                          
--- Đang render: 30 (24x24) ---
✅ Đã lưu hình ảnh vào: level_set/level_set_3/3_render/30.png
10 circle.png 27
args: Args(level_set_path=PosixPath('level_set/level_set_3'), start_length=15, length_step=5, min_length=5, size=(27, 35), turn_probability=0.75, straight_weight=2, left_weight=0.5, right_weight=0.5, max_turns=30, generate_mode='basic', csv_path=PosixPath('level_set/level_set_3/[Data] levels - test dataframe.csv'), csv=    level_name    template_name  ...  size_y  is_icon
0           21     pentagon.png  ...      25      NaN
1           22         star.png  ...      25      NaN
2           23     pentagon.png  ...      35      NaN
3           24       square.png  ...      27      NaN
4           25  AIR BALLOON.png  ...      25        *
5           26         star.png  ...      25      NaN
6           27       circle.png  ...      35      NaN
7           28      hexagon.png  ...      27      NaN
8           29       square.png  ...      29      NaN
9           30         BODY.png  ...      26        *
10          31       circle.png  ...      35      NaN
11          32     pentagon.png  ...      28      NaN
12          33       square.png  ...      40      NaN
13          34       square.png  ...      30      NaN
14          35        CHESS.png  ...      28        *
15          36      hexagon.png  ...      28      NaN
16          37       square.png  ...      30      NaN
17          38       circle.png  ...      30      NaN
18          39       square.png  ...      45      NaN
19          40   CRUSTACEAN.png  ...      28        *

[20 rows x 8 columns], item_path='level_set/level_set_3/1_0_original_icons/circle.png', item_name='circle.png', alter_item_name='31')
Đang xử lý: 'level_set/level_set_3/1_0_original_icons/circle.png' (Kích thước gốc: (250, 250))
==> Đã lưu vào: 'level_set/level_set_3/1_1_icons/circle.png' (Kích thước mới: (27, 35))
Đã tải ảnh 'level_set/level_set_3/1_1_icons/circle.png' (Kích thước: 27x35)
Sử dụng ngưỡng Alpha: 128
Hoàn thành! Đã lưu board vào 'level_set/level_set_3/1_board_test/31'.
--- Đang tải board từ: level_set/level_set_3/1_board_test/31 ---
Đã tải thành công 745 ô 'editable'.
Tổng số ô có thể vẽ: 745

========================================
--- BẮT ĐẦU VÒNG LẶP (Length = 15) ---
Ô đã chiếm: 0 / Ô còn trống: 745
Đề xuất tạo 50 mũi tên cho vòng lặp này...
Generating level in painted area... (This will be slow)
Trying to generate arrow 1/50...
Trying to generate arrow 2/50...
Trying to generate arrow 3/50...
Trying to generate arrow 4/50...
Trying to generate arrow 5/50...
Trying to generate arrow 6/50...
Trying to generate arrow 7/50...
Trying to generate arrow 8/50...
Trying to generate arrow 9/50...
Trying to generate arrow 10/50...
Trying to generate arrow 11/50...
Trying to generate arrow 12/50...
Trying to generate arrow 13/50...
Trying to generate arrow 14/50...
Trying to generate arrow 15/50...
Trying to generate arrow 16/50...
Trying to generate arrow 17/50...
Trying to generate arrow 18/50...
Trying to generate arrow 19/50...
Trying to generate arrow 20/50...
Trying to generate arrow 21/50...
Trying to generate arrow 22/50...
Trying to generate arrow 23/50...
Trying to generate arrow 24/50...
Trying to generate arrow 25/50...
Trying to generate arrow 26/50...
Trying to generate arrow 27/50...
Trying to generate arrow 28/50...
Trying to generate arrow 29/50...
Trying to generate arrow 30/50...
Trying to generate arrow 31/50...
Trying to generate arrow 32/50...
Trying to generate arrow 33/50...
Trying to generate arrow 34/50...
Trying to generate arrow 35/50...
Trying to generate arrow 36/50...
Trying to generate arrow 37/50...
Trying to generate arrow 38/50...
Trying to generate arrow 39/50...
Trying to generate arrow 40/50...
Trying to generate arrow 41/50...
Trying to generate arrow 42/50...
Trying to generate arrow 43/50...
Trying to generate arrow 44/50...
Trying to generate arrow 45/50...
Trying to generate arrow 46/50...
Trying to generate arrow 47/50...
Trying to generate arrow 48/50...
Trying to generate arrow 49/50...
Trying to generate arrow 50/50...
Successfully generated 50 arrows!
Kết quả vòng lặp: Successfully generated 50 arrows!
Giảm độ dài từ 15...
Độ dài vòng tiếp theo: 10

========================================
--- BẮT ĐẦU VÒNG LẶP (Length = 10) ---
Ô đã chiếm: 613 / Ô còn trống: 132
Đề xuất tạo 13 mũi tên cho vòng lặp này...
Generating level in painted area... (This will be slow)
Trying to generate arrow 1/13...
Trying to generate arrow 2/13...
Trying to generate arrow 3/13...
Trying to generate arrow 4/13...
Trying to generate arrow 5/13...
Trying to generate arrow 6/13...
Could not find valid arrow 6. Stopping.
Successfully generated 5 arrows!
Kết quả vòng lặp: Successfully generated 5 arrows!
Giảm độ dài từ 10...
Độ dài vòng tiếp theo: 5

========================================
--- BẮT ĐẦU VÒNG LẶP (Length = 5) ---
Ô đã chiếm: 639 / Ô còn trống: 106
Đề xuất tạo 21 mũi tên cho vòng lặp này...
Generating level in painted area... (This will be slow)
Trying to generate arrow 1/21...
Trying to generate arrow 2/21...
Trying to generate arrow 3/21...
Trying to generate arrow 4/21...
Trying to generate arrow 5/21...
Trying to generate arrow 6/21...
Trying to generate arrow 7/21...
Trying to generate arrow 8/21...
Trying to generate arrow 9/21...
Trying to generate arrow 10/21...
Trying to generate arrow 11/21...
Trying to generate arrow 12/21...
Trying to generate arrow 13/21...
Trying to generate arrow 14/21...
Trying to generate arrow 15/21...
Trying to generate arrow 16/21...
Trying to generate arrow 17/21...
Trying to generate arrow 18/21...
Trying to generate arrow 19/21...
Trying to generate arrow 20/21...
Trying to generate arrow 21/21...
Successfully generated 21 arrows!
Kết quả vòng lặp: Successfully generated 21 arrows!
Tiếp tục lặp lại ở độ dài tối thiểu (5)...

========================================
--- BẮT ĐẦU VÒNG LẶP (Length = 5) ---
Ô đã chiếm: 690 / Ô còn trống: 55
Đề xuất tạo 11 mũi tên cho vòng lặp này...
Generating level in painted area... (This will be slow)
Trying to generate arrow 1/11...
Trying to generate arrow 2/11...
Trying to generate arrow 3/11...
Could not find valid arrow 3. Stopping.
Successfully generated 2 arrows!
Kết quả vòng lặp: Successfully generated 2 arrows!
Tiếp tục lặp lại ở độ dài tối thiểu (5)...

========================================
--- BẮT ĐẦU VÒNG LẶP (Length = 5) ---
Ô đã chiếm: 695 / Ô còn trống: 50
Đề xuất tạo 10 mũi tên cho vòng lặp này...
Generating level in painted area... (This will be slow)
Trying to generate arrow 1/10...
Could not find valid arrow 1. Stopping.
Kết quả vòng lặp: Generation complete, but 0 valid arrows found. Try again.
Không thể tạo thêm mũi tên ở độ dài này.
Đã đạt độ dài tối thiểu và không thể tạo thêm. Dừng.

========================================
--- ĐÃ HOÀN TẤT TẤT CẢ CÁC VÒNG LẶP ---
Tổng cộng đã tạo: 78 mũi tên.
Đã lấp đầy 695 / 745 ô (93.3%)
--- Đang lưu kết quả ra: level_set/level_set_3/2_result_test/31.json ---
Đã lưu thành công level 27x35 với 78 mũi tên.
--- Bản đồ kết quả (ASCII) ---
                             
           .###^##           
         ##########>         
        <#.#<########        
      <#########.##.v#>      
     #############.#####     
     #^#####<########.##     
    .###.########^#####>^    
   .##^########^######>###   
   ##.#.######v#########^#   
   #.^####v<#<############   
  .##################>#####  
  ######v################.#  
  v##.###############^.####  
 <###>###>###>.#######^##### 
 ###.^##<#####>#v########### 
 #.#############.v.##v##.^#^ 
 ########.####.#>.#.######## 
 ####.<#########.###>##v#### 
 ##.######<####.##^######### 
 ##############^######^#<### 
 ##########<############.### 
 <#######.################## 
  #####.###################  
  ###^.#####.##^.v#########  
  v<##<###########v##v#####  
   #####v#>#############.#   
   ###v###.#######v#v#####   
   #>##########.v#.###^.#.   
    .#######v.###########    
     #####v###v.###v.###     
     #####..#########<##     
      ########v####.v#>      
        #####v######.        
         #######<###         
           #>#>##>           
                             
--- Đang render: 31 (27x35) ---
✅ Đã lưu hình ảnh vào: level_set/level_set_3/3_render/31.png
11 pentagon.png 28
args: Args(level_set_path=PosixPath('level_set/level_set_3'), start_length=15, length_step=5, min_length=5, size=(28, 28), turn_probability=0.75, straight_weight=2, left_weight=0.5, right_weight=0.5, max_turns=30, generate_mode='basic', csv_path=PosixPath('level_set/level_set_3/[Data] levels - test dataframe.csv'), csv=    level_name    template_name  ...  size_y  is_icon
0           21     pentagon.png  ...      25      NaN
1           22         star.png  ...      25      NaN
2           23     pentagon.png  ...      35      NaN
3           24       square.png  ...      27      NaN
4           25  AIR BALLOON.png  ...      25        *
5           26         star.png  ...      25      NaN
6           27       circle.png  ...      35      NaN
7           28      hexagon.png  ...      27      NaN
8           29       square.png  ...      29      NaN
9           30         BODY.png  ...      26        *
10          31       circle.png  ...      35      NaN
11          32     pentagon.png  ...      28      NaN
12          33       square.png  ...      40      NaN
13          34       square.png  ...      30      NaN
14          35        CHESS.png  ...      28        *
15          36      hexagon.png  ...      28      NaN
16          37       square.png  ...      30      NaN
17          38       circle.png  ...      30      NaN
18          39       square.png  ...      45      NaN
19          40   CRUSTACEAN.png  ...      28        *

[20 rows x 8 columns], item_path='level_set/level_set_3/1_0_original_icons/pentagon.png', item_name='pentagon.png', alter_item_name='32')
Đang xử lý: 'level_set/level_set_3/1_0_original_icons/pentagon.png' (Kích thước gốc: (250, 250))
==> Đã lưu vào: 'level_set/level_set_3/1_1_icons/pentagon.png' (Kích thước mới: (28, 28))
Đã tải ảnh 'level_set/level_set_3/1_1_icons/pentagon.png' (Kích thước: 28x28)
Sử dụng ngưỡng Alpha: 128
Hoàn thành! Đã lưu board vào 'level_set/level_set_3/1_board_test/32'.
--- Đang tải board từ: level_set/level_set_3/1_board_test/32 ---
Đã tải thành công 514 ô 'editable'.
Tổng số ô có thể vẽ: 514

========================================
--- BẮT ĐẦU VÒNG LẶP (Length = 15) ---
Ô đã chiếm: 0 / Ô còn trống: 514
Đề xuất tạo 34 mũi tên cho vòng lặp này...
Generating level in painted area... (This will be slow)
Trying to generate arrow 1/34...
Trying to generate arrow 2/34...
Trying to generate arrow 3/34...
Trying to generate arrow 4/34...
Trying to generate arrow 5/34...
Trying to generate arrow 6/34...
Trying to generate arrow 7/34...
Trying to generate arrow 8/34...
Trying to generate arrow 9/34...
Trying to generate arrow 10/34...
Trying to generate arrow 11/34...
Trying to generate arrow 12/34...
Trying to generate arrow 13/34...
Trying to generate arrow 14/34...
Trying to generate arrow 15/34...
Trying to generate arrow 16/34...
Trying to generate arrow 17/34...
Trying to generate arrow 18/34...
Trying to generate arrow 19/34...
Trying to generate arrow 20/34...
Trying to generate arrow 21/34...
Trying to generate arrow 22/34...
Trying to generate arrow 23/34...
Trying to generate arrow 24/34...
Trying to generate arrow 25/34...
Trying to generate arrow 26/34...
Trying to generate arrow 27/34...
Trying to generate arrow 28/34...
Trying to generate arrow 29/34...
Trying to generate arrow 30/34...
Trying to generate arrow 31/34...
Trying to generate arrow 32/34...
Trying to generate arrow 33/34...
Could not find valid arrow 33. Stopping.
Successfully generated 32 arrows!
Kết quả vòng lặp: Successfully generated 32 arrows!
Giảm độ dài từ 15...
Độ dài vòng tiếp theo: 10

========================================
--- BẮT ĐẦU VÒNG LẶP (Length = 10) ---
Ô đã chiếm: 398 / Ô còn trống: 116
Đề xuất tạo 12 mũi tên cho vòng lặp này...
Generating level in painted area... (This will be slow)
Trying to generate arrow 1/12...
Trying to generate arrow 2/12...
Trying to generate arrow 3/12...
Trying to generate arrow 4/12...
Trying to generate arrow 5/12...
Trying to generate arrow 6/12...
Trying to generate arrow 7/12...
Could not find valid arrow 7. Stopping.
Successfully generated 6 arrows!
Kết quả vòng lặp: Successfully generated 6 arrows!
Giảm độ dài từ 10...
Độ dài vòng tiếp theo: 5

========================================
--- BẮT ĐẦU VÒNG LẶP (Length = 5) ---
Ô đã chiếm: 435 / Ô còn trống: 79
Đề xuất tạo 16 mũi tên cho vòng lặp này...
Generating level in painted area... (This will be slow)
Trying to generate arrow 1/16...
Trying to generate arrow 2/16...
Trying to generate arrow 3/16...
Trying to generate arrow 4/16...
Trying to generate arrow 5/16...
Trying to generate arrow 6/16...
Trying to generate arrow 7/16...
Trying to generate arrow 8/16...
Trying to generate arrow 9/16...
Trying to generate arrow 10/16...
Trying to generate arrow 11/16...
Trying to generate arrow 12/16...
Trying to generate arrow 13/16...
Trying to generate arrow 14/16...
Trying to generate arrow 15/16...
Trying to generate arrow 16/16...
Successfully generated 16 arrows!
Kết quả vòng lặp: Successfully generated 16 arrows!
Tiếp tục lặp lại ở độ dài tối thiểu (5)...

========================================
--- BẮT ĐẦU VÒNG LẶP (Length = 5) ---
Ô đã chiếm: 469 / Ô còn trống: 45
Đề xuất tạo 9 mũi tên cho vòng lặp này...
Generating level in painted area... (This will be slow)
Trying to generate arrow 1/9...
Trying to generate arrow 2/9...
Trying to generate arrow 3/9...
Trying to generate arrow 4/9...
Trying to generate arrow 5/9...
Trying to generate arrow 6/9...
Could not find valid arrow 6. Stopping.
Successfully generated 5 arrows!
Kết quả vòng lặp: Successfully generated 5 arrows!
Tiếp tục lặp lại ở độ dài tối thiểu (5)...

========================================
--- BẮT ĐẦU VÒNG LẶP (Length = 5) ---
Ô đã chiếm: 481 / Ô còn trống: 33
Đề xuất tạo 7 mũi tên cho vòng lặp này...
Generating level in painted area... (This will be slow)
Trying to generate arrow 1/7...
Could not find valid arrow 1. Stopping.
Kết quả vòng lặp: Generation complete, but 0 valid arrows found. Try again.
Không thể tạo thêm mũi tên ở độ dài này.
Đã đạt độ dài tối thiểu và không thể tạo thêm. Dừng.

========================================
--- ĐÃ HOÀN TẤT TẤT CẢ CÁC VÒNG LẶP ---
Tổng cộng đã tạo: 59 mũi tên.
Đã lấp đầy 481 / 514 ô (93.6%)
--- Đang lưu kết quả ra: level_set/level_set_3/2_result_test/32.json ---
Đã lưu thành công level 28x26 với 59 mũi tên.
--- Bản đồ kết quả (ASCII) ---
                              
             ####             
            ^####^            
           ##.####.           
         ###.##<#####         
        ##############        
       .v####v###.####.       
     .<######..<#<######^     
    ##.^#>#######.##v#.###    
  <###^###################<#  
 ###############.####>####### 
 v################v########## 
  .^######.#######<###v###>#  
  ^#<#######<############^.#  
  ##########>#########v.###v  
   ####>#>^#>#.#v##########   
   ####.####.#.###########^   
   ######<##<#^.####v##.###   
    ##.<####.##########^##    
    ###.######.######>###^    
    #>#>#########>###>#>##    
     <#.###.#######v#####     
     ^#######.####v######     
     ###.#^####>########v     
      ##<###############      
      #####.######.#####      
      #######vv#####v###      
                              
--- Đang render: 32 (28x26) ---
✅ Đã lưu hình ảnh vào: level_set/level_set_3/3_render/32.png
12 square.png 30
args: Args(level_set_path=PosixPath('level_set/level_set_3'), start_length=15, length_step=5, min_length=5, size=(30, 40), turn_probability=0.75, straight_weight=2, left_weight=0.5, right_weight=0.5, max_turns=30, generate_mode='basic', csv_path=PosixPath('level_set/level_set_3/[Data] levels - test dataframe.csv'), csv=    level_name    template_name  ...  size_y  is_icon
0           21     pentagon.png  ...      25      NaN
1           22         star.png  ...      25      NaN
2           23     pentagon.png  ...      35      NaN
3           24       square.png  ...      27      NaN
4           25  AIR BALLOON.png  ...      25        *
5           26         star.png  ...      25      NaN
6           27       circle.png  ...      35      NaN
7           28      hexagon.png  ...      27      NaN
8           29       square.png  ...      29      NaN
9           30         BODY.png  ...      26        *
10          31       circle.png  ...      35      NaN
11          32     pentagon.png  ...      28      NaN
12          33       square.png  ...      40      NaN
13          34       square.png  ...      30      NaN
14          35        CHESS.png  ...      28        *
15          36      hexagon.png  ...      28      NaN
16          37       square.png  ...      30      NaN
17          38       circle.png  ...      30      NaN
18          39       square.png  ...      45      NaN
19          40   CRUSTACEAN.png  ...      28        *

[20 rows x 8 columns], item_path='level_set/level_set_3/1_0_original_icons/square.png', item_name='square.png', alter_item_name='33')
Đang xử lý: 'level_set/level_set_3/1_0_original_icons/square.png' (Kích thước gốc: (250, 250))
==> Đã lưu vào: 'level_set/level_set_3/1_1_icons/square.png' (Kích thước mới: (30, 40))
Đã tải ảnh 'level_set/level_set_3/1_1_icons/square.png' (Kích thước: 30x40)
Sử dụng ngưỡng Alpha: 128
Hoàn thành! Đã lưu board vào 'level_set/level_set_3/1_board_test/33'.
--- Đang tải board từ: level_set/level_set_3/1_board_test/33 ---
Đã tải thành công 1200 ô 'editable'.
Tổng số ô có thể vẽ: 1200

========================================
--- BẮT ĐẦU VÒNG LẶP (Length = 15) ---
Ô đã chiếm: 0 / Ô còn trống: 1200
Đề xuất tạo 80 mũi tên cho vòng lặp này...
Generating level in painted area... (This will be slow)
Trying to generate arrow 1/80...
Trying to generate arrow 2/80...
Trying to generate arrow 3/80...
Trying to generate arrow 4/80...
Trying to generate arrow 5/80...
Trying to generate arrow 6/80...
Trying to generate arrow 7/80...
Trying to generate arrow 8/80...
Trying to generate arrow 9/80...
Trying to generate arrow 10/80...
Trying to generate arrow 11/80...
Trying to generate arrow 12/80...
Trying to generate arrow 13/80...
Trying to generate arrow 14/80...
Trying to generate arrow 15/80...
Trying to generate arrow 16/80...
Trying to generate arrow 17/80...
Trying to generate arrow 18/80...
Trying to generate arrow 19/80...
Trying to generate arrow 20/80...
Trying to generate arrow 21/80...
Trying to generate arrow 22/80...
Trying to generate arrow 23/80...
Trying to generate arrow 24/80...
Trying to generate arrow 25/80...
Trying to generate arrow 26/80...
Trying to generate arrow 27/80...
Trying to generate arrow 28/80...
Trying to generate arrow 29/80...
Trying to generate arrow 30/80...
Trying to generate arrow 31/80...
Trying to generate arrow 32/80...
Trying to generate arrow 33/80...
Trying to generate arrow 34/80...
Trying to generate arrow 35/80...
Trying to generate arrow 36/80...
Trying to generate arrow 37/80...
Trying to generate arrow 38/80...
Trying to generate arrow 39/80...
Trying to generate arrow 40/80...
Trying to generate arrow 41/80...
Trying to generate arrow 42/80...
Trying to generate arrow 43/80...
Trying to generate arrow 44/80...
Trying to generate arrow 45/80...
Trying to generate arrow 46/80...
Trying to generate arrow 47/80...
Trying to generate arrow 48/80...
Trying to generate arrow 49/80...
Trying to generate arrow 50/80...
Trying to generate arrow 51/80...
Trying to generate arrow 52/80...
Trying to generate arrow 53/80...
Trying to generate arrow 54/80...
Trying to generate arrow 55/80...
Trying to generate arrow 56/80...
Trying to generate arrow 57/80...
Trying to generate arrow 58/80...
Trying to generate arrow 59/80...
Trying to generate arrow 60/80...
Trying to generate arrow 61/80...
Trying to generate arrow 62/80...
Trying to generate arrow 63/80...
Trying to generate arrow 64/80...
Trying to generate arrow 65/80...
Trying to generate arrow 66/80...
Trying to generate arrow 67/80...
Trying to generate arrow 68/80...
Trying to generate arrow 69/80...
Trying to generate arrow 70/80...
Trying to generate arrow 71/80...
Trying to generate arrow 72/80...
Trying to generate arrow 73/80...
Trying to generate arrow 74/80...
Trying to generate arrow 75/80...
Trying to generate arrow 76/80...
Trying to generate arrow 77/80...
Trying to generate arrow 78/80...
Trying to generate arrow 79/80...
Trying to generate arrow 80/80...
Successfully generated 80 arrows!
Kết quả vòng lặp: Successfully generated 80 arrows!
Giảm độ dài từ 15...
Độ dài vòng tiếp theo: 10

========================================
--- BẮT ĐẦU VÒNG LẶP (Length = 10) ---
Ô đã chiếm: 982 / Ô còn trống: 218
Đề xuất tạo 22 mũi tên cho vòng lặp này...
Generating level in painted area... (This will be slow)
Trying to generate arrow 1/22...
Trying to generate arrow 2/22...
Trying to generate arrow 3/22...
Trying to generate arrow 4/22...
Trying to generate arrow 5/22...
Trying to generate arrow 6/22...
Trying to generate arrow 7/22...
Trying to generate arrow 8/22...
Trying to generate arrow 9/22...
Trying to generate arrow 10/22...
Trying to generate arrow 11/22...
Trying to generate arrow 12/22...
Trying to generate arrow 13/22...
Could not find valid arrow 13. Stopping.
Successfully generated 12 arrows!
Kết quả vòng lặp: Successfully generated 12 arrows!
Giảm độ dài từ 10...
Độ dài vòng tiếp theo: 5

========================================
--- BẮT ĐẦU VÒNG LẶP (Length = 5) ---
Ô đã chiếm: 1054 / Ô còn trống: 146
Đề xuất tạo 29 mũi tên cho vòng lặp này...
Generating level in painted area... (This will be slow)
Trying to generate arrow 1/29...
Trying to generate arrow 2/29...
Trying to generate arrow 3/29...
Trying to generate arrow 4/29...
Trying to generate arrow 5/29...
Trying to generate arrow 6/29...
Trying to generate arrow 7/29...
Trying to generate arrow 8/29...
Trying to generate arrow 9/29...
Trying to generate arrow 10/29...
Trying to generate arrow 11/29...
Trying to generate arrow 12/29...
Trying to generate arrow 13/29...
Trying to generate arrow 14/29...
Trying to generate arrow 15/29...
Trying to generate arrow 16/29...
Trying to generate arrow 17/29...
Trying to generate arrow 18/29...
Trying to generate arrow 19/29...
Trying to generate arrow 20/29...
Trying to generate arrow 21/29...
Trying to generate arrow 22/29...
Trying to generate arrow 23/29...
Trying to generate arrow 24/29...
Trying to generate arrow 25/29...
Trying to generate arrow 26/29...
Trying to generate arrow 27/29...
Trying to generate arrow 28/29...
Trying to generate arrow 29/29...
Successfully generated 29 arrows!
Kết quả vòng lặp: Successfully generated 29 arrows!
Tiếp tục lặp lại ở độ dài tối thiểu (5)...

========================================
--- BẮT ĐẦU VÒNG LẶP (Length = 5) ---
Ô đã chiếm: 1122 / Ô còn trống: 78
Đề xuất tạo 16 mũi tên cho vòng lặp này...
Generating level in painted area... (This will be slow)
Trying to generate arrow 1/16...
Trying to generate arrow 2/16...
Trying to generate arrow 3/16...
Trying to generate arrow 4/16...
Trying to generate arrow 5/16...
Trying to generate arrow 6/16...
Trying to generate arrow 7/16...
Trying to generate arrow 8/16...
Trying to generate arrow 9/16...
Trying to generate arrow 10/16...
Could not find valid arrow 10. Stopping.
Successfully generated 9 arrows!
Kết quả vòng lặp: Successfully generated 9 arrows!
Tiếp tục lặp lại ở độ dài tối thiểu (5)...

========================================
--- BẮT ĐẦU VÒNG LẶP (Length = 5) ---
Ô đã chiếm: 1145 / Ô còn trống: 55
Đề xuất tạo 11 mũi tên cho vòng lặp này...
Generating level in painted area... (This will be slow)
Trying to generate arrow 1/11...
Could not find valid arrow 1. Stopping.
Kết quả vòng lặp: Generation complete, but 0 valid arrows found. Try again.
Không thể tạo thêm mũi tên ở độ dài này.
Đã đạt độ dài tối thiểu và không thể tạo thêm. Dừng.

========================================
--- ĐÃ HOÀN TẤT TẤT CẢ CÁC VÒNG LẶP ---
Tổng cộng đã tạo: 130 mũi tên.
Đã lấp đầy 1145 / 1200 ô (95.4%)
--- Đang lưu kết quả ra: level_set/level_set_3/2_result_test/33.json ---
Đã lưu thành công level 30x40 với 130 mũi tên.
--- Bản đồ kết quả (ASCII) ---
                                
 ###^####^.##<###<######.<##### 
 #########^##^#####v#######v### 
 ^^######################.##### 
 ###.###########^.####.##<#.### 
 <#####<#########^############# 
 ######.<##.###########>^###### 
 ###^##################>####### 
 ######.########^############## 
 v##^##<###<##.##v##^######.##^ 
 ####v#^###^#####.#######.##### 
 ##################v#######v### 
 ###^..########v^##.########### 
 ####.^#####^#########v##v##### 
 ######<#############<###.##^## 
 ######.#####>#####.#######v### 
 ######^####################### 
 ###v#######.#######v##v#####v# 
 #^#############..######>#v.### 
 ####v##################.v##### 
 ########<########<############ 
 ##########vv#######>.####>#### 
 v###############.v#######>#### 
 <###########^##############v## 
 ##v#######.###.####<##v####### 
 #^##v###v####>############v#v# 
 ########.####.##vv.<#####.<### 
 ####v################.<####### 
 .<##<#####vv#######.########>. 
 ####.<###############v###v##<# 
 #^####.######v.############### 
 v####.#######.####v.#####v#### 
 #########<############<#v##### 
 #############.################ 
 #####>#v########v######v###### 
 ###################vv######v## 
 #<#######v#####.v############# 
 #########<##>v##>vv#########v. 
 #<#v#>###.##.####.############ 
 #^####>####################>.v 
 v##.####.v#####v<###.##>####>. 
                                
--- Đang render: 33 (30x40) ---
✅ Đã lưu hình ảnh vào: level_set/level_set_3/3_render/33.png
13 square.png 30
args: Args(level_set_path=PosixPath('level_set/level_set_3'), start_length=15, length_step=5, min_length=5, size=(30, 30), turn_probability=0.75, straight_weight=2, left_weight=0.5, right_weight=0.5, max_turns=30, generate_mode='basic', csv_path=PosixPath('level_set/level_set_3/[Data] levels - test dataframe.csv'), csv=    level_name    template_name  ...  size_y  is_icon
0           21     pentagon.png  ...      25      NaN
1           22         star.png  ...      25      NaN
2           23     pentagon.png  ...      35      NaN
3           24       square.png  ...      27      NaN
4           25  AIR BALLOON.png  ...      25        *
5           26         star.png  ...      25      NaN
6           27       circle.png  ...      35      NaN
7           28      hexagon.png  ...      27      NaN
8           29       square.png  ...      29      NaN
9           30         BODY.png  ...      26        *
10          31       circle.png  ...      35      NaN
11          32     pentagon.png  ...      28      NaN
12          33       square.png  ...      40      NaN
13          34       square.png  ...      30      NaN
14          35        CHESS.png  ...      28        *
15          36      hexagon.png  ...      28      NaN
16          37       square.png  ...      30      NaN
17          38       circle.png  ...      30      NaN
18          39       square.png  ...      45      NaN
19          40   CRUSTACEAN.png  ...      28        *

[20 rows x 8 columns], item_path='level_set/level_set_3/1_0_original_icons/square.png', item_name='square.png', alter_item_name='34')
Đang xử lý: 'level_set/level_set_3/1_0_original_icons/square.png' (Kích thước gốc: (250, 250))
==> Đã lưu vào: 'level_set/level_set_3/1_1_icons/square.png' (Kích thước mới: (30, 30))
Đã tải ảnh 'level_set/level_set_3/1_1_icons/square.png' (Kích thước: 30x30)
Sử dụng ngưỡng Alpha: 128
Hoàn thành! Đã lưu board vào 'level_set/level_set_3/1_board_test/34'.
--- Đang tải board từ: level_set/level_set_3/1_board_test/34 ---
Đã tải thành công 900 ô 'editable'.
Tổng số ô có thể vẽ: 900

========================================
--- BẮT ĐẦU VÒNG LẶP (Length = 15) ---
Ô đã chiếm: 0 / Ô còn trống: 900
Đề xuất tạo 60 mũi tên cho vòng lặp này...
Generating level in painted area... (This will be slow)
Trying to generate arrow 1/60...
Trying to generate arrow 2/60...
Trying to generate arrow 3/60...
Trying to generate arrow 4/60...
Trying to generate arrow 5/60...
Trying to generate arrow 6/60...
Trying to generate arrow 7/60...
Trying to generate arrow 8/60...
Trying to generate arrow 9/60...
Trying to generate arrow 10/60...
Trying to generate arrow 11/60...
Trying to generate arrow 12/60...
Trying to generate arrow 13/60...
Trying to generate arrow 14/60...
Trying to generate arrow 15/60...
Trying to generate arrow 16/60...
Trying to generate arrow 17/60...
Trying to generate arrow 18/60...
Trying to generate arrow 19/60...
Trying to generate arrow 20/60...
Trying to generate arrow 21/60...
Trying to generate arrow 22/60...
Trying to generate arrow 23/60...
Trying to generate arrow 24/60...
Trying to generate arrow 25/60...
Trying to generate arrow 26/60...
Trying to generate arrow 27/60...
Trying to generate arrow 28/60...
Trying to generate arrow 29/60...
Trying to generate arrow 30/60...
Trying to generate arrow 31/60...
Trying to generate arrow 32/60...
Trying to generate arrow 33/60...
Trying to generate arrow 34/60...
Trying to generate arrow 35/60...
Trying to generate arrow 36/60...
Trying to generate arrow 37/60...
Trying to generate arrow 38/60...
Trying to generate arrow 39/60...
Trying to generate arrow 40/60...
Trying to generate arrow 41/60...
Trying to generate arrow 42/60...
Trying to generate arrow 43/60...
Trying to generate arrow 44/60...
Trying to generate arrow 45/60...
Trying to generate arrow 46/60...
Trying to generate arrow 47/60...
Trying to generate arrow 48/60...
Trying to generate arrow 49/60...
Trying to generate arrow 50/60...
Trying to generate arrow 51/60...
Trying to generate arrow 52/60...
Trying to generate arrow 53/60...
Trying to generate arrow 54/60...
Trying to generate arrow 55/60...
Trying to generate arrow 56/60...
Trying to generate arrow 57/60...
Trying to generate arrow 58/60...
Trying to generate arrow 59/60...
Trying to generate arrow 60/60...
Successfully generated 60 arrows!
Kết quả vòng lặp: Successfully generated 60 arrows!
Giảm độ dài từ 15...
Độ dài vòng tiếp theo: 10

========================================
--- BẮT ĐẦU VÒNG LẶP (Length = 10) ---
Ô đã chiếm: 733 / Ô còn trống: 167
Đề xuất tạo 17 mũi tên cho vòng lặp này...
Generating level in painted area... (This will be slow)
Trying to generate arrow 1/17...
Trying to generate arrow 2/17...
Trying to generate arrow 3/17...
Trying to generate arrow 4/17...
Trying to generate arrow 5/17...
Trying to generate arrow 6/17...
Trying to generate arrow 7/17...
Trying to generate arrow 8/17...
Trying to generate arrow 9/17...
Could not find valid arrow 9. Stopping.
Successfully generated 8 arrows!
Kết quả vòng lặp: Successfully generated 8 arrows!
Giảm độ dài từ 10...
Độ dài vòng tiếp theo: 5

========================================
--- BẮT ĐẦU VÒNG LẶP (Length = 5) ---
Ô đã chiếm: 784 / Ô còn trống: 116
Đề xuất tạo 23 mũi tên cho vòng lặp này...
Generating level in painted area... (This will be slow)
Trying to generate arrow 1/23...
Trying to generate arrow 2/23...
Trying to generate arrow 3/23...
Trying to generate arrow 4/23...
Trying to generate arrow 5/23...
Trying to generate arrow 6/23...
Trying to generate arrow 7/23...
Trying to generate arrow 8/23...
Trying to generate arrow 9/23...
Trying to generate arrow 10/23...
Trying to generate arrow 11/23...
Trying to generate arrow 12/23...
Trying to generate arrow 13/23...
Trying to generate arrow 14/23...
Trying to generate arrow 15/23...
Trying to generate arrow 16/23...
Trying to generate arrow 17/23...
Trying to generate arrow 18/23...
Trying to generate arrow 19/23...
Trying to generate arrow 20/23...
Trying to generate arrow 21/23...
Trying to generate arrow 22/23...
Trying to generate arrow 23/23...
Successfully generated 23 arrows!
Kết quả vòng lặp: Successfully generated 23 arrows!
Tiếp tục lặp lại ở độ dài tối thiểu (5)...

========================================
--- BẮT ĐẦU VÒNG LẶP (Length = 5) ---
Ô đã chiếm: 834 / Ô còn trống: 66
Đề xuất tạo 13 mũi tên cho vòng lặp này...
Generating level in painted area... (This will be slow)
Trying to generate arrow 1/13...
Trying to generate arrow 2/13...
Trying to generate arrow 3/13...
Trying to generate arrow 4/13...
Trying to generate arrow 5/13...
Trying to generate arrow 6/13...
Trying to generate arrow 7/13...
Trying to generate arrow 8/13...
Trying to generate arrow 9/13...
Could not find valid arrow 9. Stopping.
Successfully generated 8 arrows!
Kết quả vòng lặp: Successfully generated 8 arrows!
Tiếp tục lặp lại ở độ dài tối thiểu (5)...

========================================
--- BẮT ĐẦU VÒNG LẶP (Length = 5) ---
Ô đã chiếm: 857 / Ô còn trống: 43
Đề xuất tạo 9 mũi tên cho vòng lặp này...
Generating level in painted area... (This will be slow)
Trying to generate arrow 1/9...
Could not find valid arrow 1. Stopping.
Kết quả vòng lặp: Generation complete, but 0 valid arrows found. Try again.
Không thể tạo thêm mũi tên ở độ dài này.
Đã đạt độ dài tối thiểu và không thể tạo thêm. Dừng.

========================================
--- ĐÃ HOÀN TẤT TẤT CẢ CÁC VÒNG LẶP ---
Tổng cộng đã tạo: 99 mũi tên.
Đã lấp đầy 857 / 900 ô (95.2%)
--- Đang lưu kết quả ra: level_set/level_set_3/2_result_test/34.json ---
Đã lưu thành công level 30x30 với 99 mũi tên.
--- Bản đồ kết quả (ASCII) ---
                                
 ^.<########>######^#>^#####>## 
 ##>########>############>###># 
 ############################## 
 ###########^##>.^.#^#>###>###> 
 ####>########^###########.###> 
 ####.####^#################### 
 ##########^.#^##^############# 
 ########>######>##.##########^ 
 ##########.###########v#>##### 
 ###>.#.^.#####.######.####>##> 
 ########^####################> 
 .<###<#######>#>####>.#>#####. 
 #####<###>###.#######.######## 
 ####>####.###>#######.######## 
 <##<##.#####<#.##.#########>## 
 <#####.###<###<##<######>#>.#> 
 ######.######^#########.<#^^#. 
 ###############.#####.######## 
 <############>#>#>.########### 
 <#########<######..##########. 
 #################.##<######.## 
 ####<#########<##.#####>####^# 
 #####.####>#########v######### 
 #####^##^######.#####>#####>.# 
 ###########>#########>#####^## 
 #.########^####.#####>######## 
 #######>###v###>###>######v### 
 ^########^#####.###^########## 
 ########################vv#### 
 <######<######<##########>#>#> 
                                
--- Đang render: 34 (30x30) ---
✅ Đã lưu hình ảnh vào: level_set/level_set_3/3_render/34.png
14 CHESS.png 28
args: Args(level_set_path=PosixPath('level_set/level_set_3'), start_length=15, length_step=5, min_length=5, size=(28, 28), turn_probability=0.75, straight_weight=2, left_weight=0.5, right_weight=0.5, max_turns=30, generate_mode='basic', csv_path=PosixPath('level_set/level_set_3/[Data] levels - test dataframe.csv'), csv=    level_name    template_name  ...  size_y  is_icon
0           21     pentagon.png  ...      25      NaN
1           22         star.png  ...      25      NaN
2           23     pentagon.png  ...      35      NaN
3           24       square.png  ...      27      NaN
4           25  AIR BALLOON.png  ...      25        *
5           26         star.png  ...      25      NaN
6           27       circle.png  ...      35      NaN
7           28      hexagon.png  ...      27      NaN
8           29       square.png  ...      29      NaN
9           30         BODY.png  ...      26        *
10          31       circle.png  ...      35      NaN
11          32     pentagon.png  ...      28      NaN
12          33       square.png  ...      40      NaN
13          34       square.png  ...      30      NaN
14          35        CHESS.png  ...      28        *
15          36      hexagon.png  ...      28      NaN
16          37       square.png  ...      30      NaN
17          38       circle.png  ...      30      NaN
18          39       square.png  ...      45      NaN
19          40   CRUSTACEAN.png  ...      28        *

[20 rows x 8 columns], item_path='level_set/level_set_3/1_0_original_icons/CHESS.png', item_name='CHESS.png', alter_item_name='35')
Đang xử lý: 'level_set/level_set_3/1_0_original_icons/CHESS.png' (Kích thước gốc: (165, 232))
==> Đã lưu vào: 'level_set/level_set_3/1_1_icons/CHESS.png' (Kích thước mới: (28, 28))
Đã tải ảnh 'level_set/level_set_3/1_1_icons/CHESS.png' (Kích thước: 28x28)
Sử dụng ngưỡng Alpha: 128
Hoàn thành! Đã lưu board vào 'level_set/level_set_3/1_board_test/35'.
--- Đang tải board từ: level_set/level_set_3/1_board_test/35 ---
Đã tải thành công 260 ô 'editable'.
Tổng số ô có thể vẽ: 260

========================================
--- BẮT ĐẦU VÒNG LẶP (Length = 15) ---
Ô đã chiếm: 0 / Ô còn trống: 260
Đề xuất tạo 17 mũi tên cho vòng lặp này...
Generating level in painted area... (This will be slow)
Trying to generate arrow 1/17...
Trying to generate arrow 2/17...
Trying to generate arrow 3/17...
Trying to generate arrow 4/17...
Trying to generate arrow 5/17...
Trying to generate arrow 6/17...
Trying to generate arrow 7/17...
Trying to generate arrow 8/17...
Trying to generate arrow 9/17...
Trying to generate arrow 10/17...
Trying to generate arrow 11/17...
Trying to generate arrow 12/17...
Trying to generate arrow 13/17...
Trying to generate arrow 14/17...
Trying to generate arrow 15/17...
Trying to generate arrow 16/17...
Trying to generate arrow 17/17...
Could not find valid arrow 17. Stopping.
Successfully generated 16 arrows!
Kết quả vòng lặp: Successfully generated 16 arrows!
Giảm độ dài từ 15...
Độ dài vòng tiếp theo: 10

========================================
--- BẮT ĐẦU VÒNG LẶP (Length = 10) ---
Ô đã chiếm: 195 / Ô còn trống: 65
Đề xuất tạo 6 mũi tên cho vòng lặp này...
Generating level in painted area... (This will be slow)
Trying to generate arrow 1/6...
Trying to generate arrow 2/6...
Trying to generate arrow 3/6...
Could not find valid arrow 3. Stopping.
Successfully generated 2 arrows!
Kết quả vòng lặp: Successfully generated 2 arrows!
Giảm độ dài từ 10...
Độ dài vòng tiếp theo: 5

========================================
--- BẮT ĐẦU VÒNG LẶP (Length = 5) ---
Ô đã chiếm: 206 / Ô còn trống: 54
Đề xuất tạo 11 mũi tên cho vòng lặp này...
Generating level in painted area... (This will be slow)
Trying to generate arrow 1/11...
Trying to generate arrow 2/11...
Trying to generate arrow 3/11...
Trying to generate arrow 4/11...
Trying to generate arrow 5/11...
Trying to generate arrow 6/11...
Trying to generate arrow 7/11...
Trying to generate arrow 8/11...
Trying to generate arrow 9/11...
Trying to generate arrow 10/11...
Trying to generate arrow 11/11...
Successfully generated 11 arrows!
Kết quả vòng lặp: Successfully generated 11 arrows!
Tiếp tục lặp lại ở độ dài tối thiểu (5)...

========================================
--- BẮT ĐẦU VÒNG LẶP (Length = 5) ---
Ô đã chiếm: 237 / Ô còn trống: 23
Đề xuất tạo 5 mũi tên cho vòng lặp này...
Generating level in painted area... (This will be slow)
Trying to generate arrow 1/5...
Trying to generate arrow 2/5...
Trying to generate arrow 3/5...
Could not find valid arrow 3. Stopping.
Successfully generated 2 arrows!
Kết quả vòng lặp: Successfully generated 2 arrows!
Tiếp tục lặp lại ở độ dài tối thiểu (5)...

========================================
--- BẮT ĐẦU VÒNG LẶP (Length = 5) ---
Ô đã chiếm: 242 / Ô còn trống: 18
Đề xuất tạo 4 mũi tên cho vòng lặp này...
Generating level in painted area... (This will be slow)
Trying to generate arrow 1/4...
Could not find valid arrow 1. Stopping.
Kết quả vòng lặp: Generation complete, but 0 valid arrows found. Try again.
Không thể tạo thêm mũi tên ở độ dài này.
Đã đạt độ dài tối thiểu và không thể tạo thêm. Dừng.

========================================
--- ĐÃ HOÀN TẤT TẤT CẢ CÁC VÒNG LẶP ---
Tổng cộng đã tạo: 31 mũi tên.
Đã lấp đầy 242 / 260 ô (93.1%)
--- Đang lưu kết quả ra: level_set/level_set_3/2_result_test/35.json ---
Đã lưu thành công level 26x27 với 31 mũi tên.
--- Bản đồ kết quả (ASCII) ---
                            
             #>             
          ^##^<###          
         #####.#>##         
        ^###^###.###        
        ##########<#        
        ###########.        
         .#########         
          ##.#.<#.          
                            
                            
       ######.^######       
       ####.#>###>###       
                            
                            
          ##<##<#^          
          #########         
         .#########         
         ####.#####^        
        #####>######        
       .v<###########       
      .<#####v#>#####.      
                            
                            
                            
 <#######^################^ 
 .##<##v###<###.########### 
 ######.#######<#<#.##>#### 
                            
--- Đang render: 35 (26x27) ---
✅ Đã lưu hình ảnh vào: level_set/level_set_3/3_render/35.png
15 hexagon.png 28
args: Args(level_set_path=PosixPath('level_set/level_set_3'), start_length=15, length_step=5, min_length=5, size=(28, 28), turn_probability=0.75, straight_weight=2, left_weight=0.5, right_weight=0.5, max_turns=30, generate_mode='basic', csv_path=PosixPath('level_set/level_set_3/[Data] levels - test dataframe.csv'), csv=    level_name    template_name  ...  size_y  is_icon
0           21     pentagon.png  ...      25      NaN
1           22         star.png  ...      25      NaN
2           23     pentagon.png  ...      35      NaN
3           24       square.png  ...      27      NaN
4           25  AIR BALLOON.png  ...      25        *
5           26         star.png  ...      25      NaN
6           27       circle.png  ...      35      NaN
7           28      hexagon.png  ...      27      NaN
8           29       square.png  ...      29      NaN
9           30         BODY.png  ...      26        *
10          31       circle.png  ...      35      NaN
11          32     pentagon.png  ...      28      NaN
12          33       square.png  ...      40      NaN
13          34       square.png  ...      30      NaN
14          35        CHESS.png  ...      28        *
15          36      hexagon.png  ...      28      NaN
16          37       square.png  ...      30      NaN
17          38       circle.png  ...      30      NaN
18          39       square.png  ...      45      NaN
19          40   CRUSTACEAN.png  ...      28        *

[20 rows x 8 columns], item_path='level_set/level_set_3/1_0_original_icons/hexagon.png', item_name='hexagon.png', alter_item_name='36')
Đang xử lý: 'level_set/level_set_3/1_0_original_icons/hexagon.png' (Kích thước gốc: (250, 250))
==> Đã lưu vào: 'level_set/level_set_3/1_1_icons/hexagon.png' (Kích thước mới: (28, 28))
Đã tải ảnh 'level_set/level_set_3/1_1_icons/hexagon.png' (Kích thước: 28x28)
Sử dụng ngưỡng Alpha: 128
Hoàn thành! Đã lưu board vào 'level_set/level_set_3/1_board_test/36'.
--- Đang tải board từ: level_set/level_set_3/1_board_test/36 ---
Đã tải thành công 508 ô 'editable'.
Tổng số ô có thể vẽ: 508

========================================
--- BẮT ĐẦU VÒNG LẶP (Length = 15) ---
Ô đã chiếm: 0 / Ô còn trống: 508
Đề xuất tạo 34 mũi tên cho vòng lặp này...
Generating level in painted area... (This will be slow)
Trying to generate arrow 1/34...
Trying to generate arrow 2/34...
Trying to generate arrow 3/34...
Trying to generate arrow 4/34...
Trying to generate arrow 5/34...
Trying to generate arrow 6/34...
Trying to generate arrow 7/34...
Trying to generate arrow 8/34...
Trying to generate arrow 9/34...
Trying to generate arrow 10/34...
Trying to generate arrow 11/34...
Trying to generate arrow 12/34...
Trying to generate arrow 13/34...
Trying to generate arrow 14/34...
Trying to generate arrow 15/34...
Trying to generate arrow 16/34...
Trying to generate arrow 17/34...
Trying to generate arrow 18/34...
Trying to generate arrow 19/34...
Trying to generate arrow 20/34...
Trying to generate arrow 21/34...
Trying to generate arrow 22/34...
Trying to generate arrow 23/34...
Trying to generate arrow 24/34...
Trying to generate arrow 25/34...
Trying to generate arrow 26/34...
Trying to generate arrow 27/34...
Trying to generate arrow 28/34...
Trying to generate arrow 29/34...
Trying to generate arrow 30/34...
Trying to generate arrow 31/34...
Trying to generate arrow 32/34...
Trying to generate arrow 33/34...
Trying to generate arrow 34/34...
Successfully generated 34 arrows!
Kết quả vòng lặp: Successfully generated 34 arrows!
Giảm độ dài từ 15...
Độ dài vòng tiếp theo: 10

========================================
--- BẮT ĐẦU VÒNG LẶP (Length = 10) ---
Ô đã chiếm: 405 / Ô còn trống: 103
Đề xuất tạo 10 mũi tên cho vòng lặp này...
Generating level in painted area... (This will be slow)
Trying to generate arrow 1/10...
Trying to generate arrow 2/10...
Trying to generate arrow 3/10...
Trying to generate arrow 4/10...
Trying to generate arrow 5/10...
Trying to generate arrow 6/10...
Could not find valid arrow 6. Stopping.
Successfully generated 5 arrows!
Kết quả vòng lặp: Successfully generated 5 arrows!
Giảm độ dài từ 10...
Độ dài vòng tiếp theo: 5

========================================
--- BẮT ĐẦU VÒNG LẶP (Length = 5) ---
Ô đã chiếm: 438 / Ô còn trống: 70
Đề xuất tạo 14 mũi tên cho vòng lặp này...
Generating level in painted area... (This will be slow)
Trying to generate arrow 1/14...
Trying to generate arrow 2/14...
Trying to generate arrow 3/14...
Trying to generate arrow 4/14...
Trying to generate arrow 5/14...
Trying to generate arrow 6/14...
Trying to generate arrow 7/14...
Trying to generate arrow 8/14...
Trying to generate arrow 9/14...
Trying to generate arrow 10/14...
Trying to generate arrow 11/14...
Trying to generate arrow 12/14...
Trying to generate arrow 13/14...
Trying to generate arrow 14/14...
Successfully generated 14 arrows!
Kết quả vòng lặp: Successfully generated 14 arrows!
Tiếp tục lặp lại ở độ dài tối thiểu (5)...

========================================
--- BẮT ĐẦU VÒNG LẶP (Length = 5) ---
Ô đã chiếm: 470 / Ô còn trống: 38
Đề xuất tạo 8 mũi tên cho vòng lặp này...
Generating level in painted area... (This will be slow)
Trying to generate arrow 1/8...
Trying to generate arrow 2/8...
Trying to generate arrow 3/8...
Trying to generate arrow 4/8...
Trying to generate arrow 5/8...
Trying to generate arrow 6/8...
Trying to generate arrow 7/8...
Trying to generate arrow 8/8...
Successfully generated 8 arrows!
Kết quả vòng lặp: Successfully generated 8 arrows!
Tiếp tục lặp lại ở độ dài tối thiểu (5)...

========================================
--- BẮT ĐẦU VÒNG LẶP (Length = 5) ---
Ô đã chiếm: 488 / Ô còn trống: 20
Đề xuất tạo 4 mũi tên cho vòng lặp này...
Generating level in painted area... (This will be slow)
Trying to generate arrow 1/4...
Trying to generate arrow 2/4...
Could not find valid arrow 2. Stopping.
Successfully generated 1 arrows!
Kết quả vòng lặp: Successfully generated 1 arrows!
Tiếp tục lặp lại ở độ dài tối thiểu (5)...

========================================
--- BẮT ĐẦU VÒNG LẶP (Length = 5) ---
Ô đã chiếm: 490 / Ô còn trống: 18
Đề xuất tạo 4 mũi tên cho vòng lặp này...
Generating level in painted area... (This will be slow)
Trying to generate arrow 1/4...
Could not find valid arrow 1. Stopping.
Kết quả vòng lặp: Generation complete, but 0 valid arrows found. Try again.
Không thể tạo thêm mũi tên ở độ dài này.
Đã đạt độ dài tối thiểu và không thể tạo thêm. Dừng.

========================================
--- ĐÃ HOÀN TẤT TẤT CẢ CÁC VÒNG LẶP ---
Tổng cộng đã tạo: 62 mũi tên.
Đã lấp đầy 490 / 508 ô (96.5%)
--- Đang lưu kết quả ra: level_set/level_set_3/2_result_test/36.json ---
Đã lưu thành công level 28x24 với 62 mũi tên.
--- Bản đồ kết quả (ASCII) ---
                              
        ########<#####        
       ##<####v#######^       
      ###.#############^      
      ###############.##      
     ######v##>.###>#####     
     ###<#####<##########     
    .v#####<##<####<###^^.    
    <##############<######    
   #^######<########>######   
  ###v.v##v####v###<#######^  
  #######v####<#############  
 ^.##################^######^ 
 ##.^.<###################### 
  ###<#<########v.##########  
  #####.<#####.############.  
   .#################^.<#<#   
    ^<#<#####<#<#########^    
    #<###########v#<######    
     #>#########>.#######     
     ###################.     
      #######.####>#>###      
      ##<##############v      
       ##<###>#v#>#####       
        #########>###>        
                              
--- Đang render: 36 (28x24) ---
✅ Đã lưu hình ảnh vào: level_set/level_set_3/3_render/36.png
16 square.png 30
args: Args(level_set_path=PosixPath('level_set/level_set_3'), start_length=15, length_step=5, min_length=5, size=(30, 30), turn_probability=0.75, straight_weight=2, left_weight=0.5, right_weight=0.5, max_turns=30, generate_mode='basic', csv_path=PosixPath('level_set/level_set_3/[Data] levels - test dataframe.csv'), csv=    level_name    template_name  ...  size_y  is_icon
0           21     pentagon.png  ...      25      NaN
1           22         star.png  ...      25      NaN
2           23     pentagon.png  ...      35      NaN
3           24       square.png  ...      27      NaN
4           25  AIR BALLOON.png  ...      25        *
5           26         star.png  ...      25      NaN
6           27       circle.png  ...      35      NaN
7           28      hexagon.png  ...      27      NaN
8           29       square.png  ...      29      NaN
9           30         BODY.png  ...      26        *
10          31       circle.png  ...      35      NaN
11          32     pentagon.png  ...      28      NaN
12          33       square.png  ...      40      NaN
13          34       square.png  ...      30      NaN
14          35        CHESS.png  ...      28        *
15          36      hexagon.png  ...      28      NaN
16          37       square.png  ...      30      NaN
17          38       circle.png  ...      30      NaN
18          39       square.png  ...      45      NaN
19          40   CRUSTACEAN.png  ...      28        *

[20 rows x 8 columns], item_path='level_set/level_set_3/1_0_original_icons/square.png', item_name='square.png', alter_item_name='37')
Đang xử lý: 'level_set/level_set_3/1_0_original_icons/square.png' (Kích thước gốc: (250, 250))
==> Đã lưu vào: 'level_set/level_set_3/1_1_icons/square.png' (Kích thước mới: (30, 30))
Đã tải ảnh 'level_set/level_set_3/1_1_icons/square.png' (Kích thước: 30x30)
Sử dụng ngưỡng Alpha: 128
Hoàn thành! Đã lưu board vào 'level_set/level_set_3/1_board_test/37'.
--- Đang tải board từ: level_set/level_set_3/1_board_test/37 ---
Đã tải thành công 900 ô 'editable'.
Tổng số ô có thể vẽ: 900

========================================
--- BẮT ĐẦU VÒNG LẶP (Length = 15) ---
Ô đã chiếm: 0 / Ô còn trống: 900
Đề xuất tạo 60 mũi tên cho vòng lặp này...
Generating level in painted area... (This will be slow)
Trying to generate arrow 1/60...
Trying to generate arrow 2/60...
Trying to generate arrow 3/60...
Trying to generate arrow 4/60...
Trying to generate arrow 5/60...
Trying to generate arrow 6/60...
Trying to generate arrow 7/60...
Trying to generate arrow 8/60...
Trying to generate arrow 9/60...
Trying to generate arrow 10/60...
Trying to generate arrow 11/60...
Trying to generate arrow 12/60...
Trying to generate arrow 13/60...
Trying to generate arrow 14/60...
Trying to generate arrow 15/60...
Trying to generate arrow 16/60...
Trying to generate arrow 17/60...
Trying to generate arrow 18/60...
Trying to generate arrow 19/60...
Trying to generate arrow 20/60...
Trying to generate arrow 21/60...
Trying to generate arrow 22/60...
Trying to generate arrow 23/60...
Trying to generate arrow 24/60...
Trying to generate arrow 25/60...
Trying to generate arrow 26/60...
Trying to generate arrow 27/60...
Trying to generate arrow 28/60...
Trying to generate arrow 29/60...
Trying to generate arrow 30/60...
Trying to generate arrow 31/60...
Trying to generate arrow 32/60...
Trying to generate arrow 33/60...
Trying to generate arrow 34/60...
Trying to generate arrow 35/60...
Trying to generate arrow 36/60...
Trying to generate arrow 37/60...
Trying to generate arrow 38/60...
Trying to generate arrow 39/60...
Trying to generate arrow 40/60...
Trying to generate arrow 41/60...
Trying to generate arrow 42/60...
Trying to generate arrow 43/60...
Trying to generate arrow 44/60...
Trying to generate arrow 45/60...
Trying to generate arrow 46/60...
Trying to generate arrow 47/60...
Trying to generate arrow 48/60...
Trying to generate arrow 49/60...
Trying to generate arrow 50/60...
Trying to generate arrow 51/60...
Trying to generate arrow 52/60...
Trying to generate arrow 53/60...
Trying to generate arrow 54/60...
Trying to generate arrow 55/60...
Trying to generate arrow 56/60...
Trying to generate arrow 57/60...
Trying to generate arrow 58/60...
Trying to generate arrow 59/60...
Trying to generate arrow 60/60...
Successfully generated 60 arrows!
Kết quả vòng lặp: Successfully generated 60 arrows!
Giảm độ dài từ 15...
Độ dài vòng tiếp theo: 10

========================================
--- BẮT ĐẦU VÒNG LẶP (Length = 10) ---
Ô đã chiếm: 743 / Ô còn trống: 157
Đề xuất tạo 16 mũi tên cho vòng lặp này...
Generating level in painted area... (This will be slow)
Trying to generate arrow 1/16...
Trying to generate arrow 2/16...
Trying to generate arrow 3/16...
Trying to generate arrow 4/16...
Trying to generate arrow 5/16...
Trying to generate arrow 6/16...
Trying to generate arrow 7/16...
Trying to generate arrow 8/16...
Could not find valid arrow 8. Stopping.
Successfully generated 7 arrows!
Kết quả vòng lặp: Successfully generated 7 arrows!
Giảm độ dài từ 10...
Độ dài vòng tiếp theo: 5

========================================
--- BẮT ĐẦU VÒNG LẶP (Length = 5) ---
Ô đã chiếm: 781 / Ô còn trống: 119
Đề xuất tạo 24 mũi tên cho vòng lặp này...
Generating level in painted area... (This will be slow)
Trying to generate arrow 1/24...
Trying to generate arrow 2/24...
Trying to generate arrow 3/24...
Trying to generate arrow 4/24...
Trying to generate arrow 5/24...
Trying to generate arrow 6/24...
Trying to generate arrow 7/24...
Trying to generate arrow 8/24...
Trying to generate arrow 9/24...
Trying to generate arrow 10/24...
Trying to generate arrow 11/24...
Trying to generate arrow 12/24...
Trying to generate arrow 13/24...
Trying to generate arrow 14/24...
Trying to generate arrow 15/24...
Trying to generate arrow 16/24...
Trying to generate arrow 17/24...
Trying to generate arrow 18/24...
Trying to generate arrow 19/24...
Trying to generate arrow 20/24...
Trying to generate arrow 21/24...
Trying to generate arrow 22/24...
Trying to generate arrow 23/24...
Trying to generate arrow 24/24...
Successfully generated 24 arrows!
Kết quả vòng lặp: Successfully generated 24 arrows!
Tiếp tục lặp lại ở độ dài tối thiểu (5)...

========================================
--- BẮT ĐẦU VÒNG LẶP (Length = 5) ---
Ô đã chiếm: 840 / Ô còn trống: 60
Đề xuất tạo 12 mũi tên cho vòng lặp này...
Generating level in painted area... (This will be slow)
Trying to generate arrow 1/12...
Trying to generate arrow 2/12...
Trying to generate arrow 3/12...
Trying to generate arrow 4/12...
Trying to generate arrow 5/12...
Trying to generate arrow 6/12...
Trying to generate arrow 7/12...
Trying to generate arrow 8/12...
Trying to generate arrow 9/12...
Trying to generate arrow 10/12...
Could not find valid arrow 10. Stopping.
Successfully generated 9 arrows!
Kết quả vòng lặp: Successfully generated 9 arrows!
Tiếp tục lặp lại ở độ dài tối thiểu (5)...

========================================
--- BẮT ĐẦU VÒNG LẶP (Length = 5) ---
Ô đã chiếm: 859 / Ô còn trống: 41
Đề xuất tạo 8 mũi tên cho vòng lặp này...
Generating level in painted area... (This will be slow)
Trying to generate arrow 1/8...
Could not find valid arrow 1. Stopping.
Kết quả vòng lặp: Generation complete, but 0 valid arrows found. Try again.
Không thể tạo thêm mũi tên ở độ dài này.
Đã đạt độ dài tối thiểu và không thể tạo thêm. Dừng.

========================================
--- ĐÃ HOÀN TẤT TẤT CẢ CÁC VÒNG LẶP ---
Tổng cộng đã tạo: 100 mũi tên.
Đã lấp đầy 859 / 900 ô (95.4%)
--- Đang lưu kết quả ra: level_set/level_set_3/2_result_test/37.json ---
Đã lưu thành công level 30x30 với 100 mũi tên.
--- Bản đồ kết quả (ASCII) ---
                                
 .<#<#<#####.##^^#######<####^# 
 ^######################.###### 
 #################<#^v####<#### 
 #.##v^.###^############v.##### 
 ########<#####^#############>. 
 ##v##########################> 
 ##.#############v####.#######^ 
 #######^.##v####.#<#######.^## 
 #<###########.^#####.<######## 
 #<#####^####.^########>##.#### 
 ###>#####>#################### 
 .##^##^####>.^##v###########>v 
 ^######################v.##### 
 #########################v#>## 
 ^##>#########################v 
 ###.##^##v#####^#>####vv#####. 
 #############>############v##> 
 <##.##^####v#.####.#v.v##.#### 
 ##########v####^#############v 
 ####.###>#############.v#>.##. 
 ###############>v############# 
 ############^####v###v######^# 
 ################v.########v### 
 ###^###############..v##v#.### 
 ####v.##.###############.##### 
 ############^################# 
 v###############v###v######<#. 
 .###v<######################## 
 ##v#########v############<#### 
 v.<####>######>#>####>vv#####. 
                                
--- Đang render: 37 (30x30) ---
✅ Đã lưu hình ảnh vào: level_set/level_set_3/3_render/37.png
17 circle.png 30
args: Args(level_set_path=PosixPath('level_set/level_set_3'), start_length=15, length_step=5, min_length=5, size=(30, 30), turn_probability=0.75, straight_weight=2, left_weight=0.5, right_weight=0.5, max_turns=30, generate_mode='basic', csv_path=PosixPath('level_set/level_set_3/[Data] levels - test dataframe.csv'), csv=    level_name    template_name  ...  size_y  is_icon
0           21     pentagon.png  ...      25      NaN
1           22         star.png  ...      25      NaN
2           23     pentagon.png  ...      35      NaN
3           24       square.png  ...      27      NaN
4           25  AIR BALLOON.png  ...      25        *
5           26         star.png  ...      25      NaN
6           27       circle.png  ...      35      NaN
7           28      hexagon.png  ...      27      NaN
8           29       square.png  ...      29      NaN
9           30         BODY.png  ...      26        *
10          31       circle.png  ...      35      NaN
11          32     pentagon.png  ...      28      NaN
12          33       square.png  ...      40      NaN
13          34       square.png  ...      30      NaN
14          35        CHESS.png  ...      28        *
15          36      hexagon.png  ...      28      NaN
16          37       square.png  ...      30      NaN
17          38       circle.png  ...      30      NaN
18          39       square.png  ...      45      NaN
19          40   CRUSTACEAN.png  ...      28        *

[20 rows x 8 columns], item_path='level_set/level_set_3/1_0_original_icons/circle.png', item_name='circle.png', alter_item_name='38')
Đang xử lý: 'level_set/level_set_3/1_0_original_icons/circle.png' (Kích thước gốc: (250, 250))
==> Đã lưu vào: 'level_set/level_set_3/1_1_icons/circle.png' (Kích thước mới: (30, 30))
Đã tải ảnh 'level_set/level_set_3/1_1_icons/circle.png' (Kích thước: 30x30)
Sử dụng ngưỡng Alpha: 128
Hoàn thành! Đã lưu board vào 'level_set/level_set_3/1_board_test/38'.
--- Đang tải board từ: level_set/level_set_3/1_board_test/38 ---
Đã tải thành công 716 ô 'editable'.
Tổng số ô có thể vẽ: 716

========================================
--- BẮT ĐẦU VÒNG LẶP (Length = 15) ---
Ô đã chiếm: 0 / Ô còn trống: 716
Đề xuất tạo 48 mũi tên cho vòng lặp này...
Generating level in painted area... (This will be slow)
Trying to generate arrow 1/48...
Trying to generate arrow 2/48...
Trying to generate arrow 3/48...
Trying to generate arrow 4/48...
Trying to generate arrow 5/48...
Trying to generate arrow 6/48...
Trying to generate arrow 7/48...
Trying to generate arrow 8/48...
Trying to generate arrow 9/48...
Trying to generate arrow 10/48...
Trying to generate arrow 11/48...
Trying to generate arrow 12/48...
Trying to generate arrow 13/48...
Trying to generate arrow 14/48...
Trying to generate arrow 15/48...
Trying to generate arrow 16/48...
Trying to generate arrow 17/48...
Trying to generate arrow 18/48...
Trying to generate arrow 19/48...
Trying to generate arrow 20/48...
Trying to generate arrow 21/48...
Trying to generate arrow 22/48...
Trying to generate arrow 23/48...
Trying to generate arrow 24/48...
Trying to generate arrow 25/48...
Trying to generate arrow 26/48...
Trying to generate arrow 27/48...
Trying to generate arrow 28/48...
Trying to generate arrow 29/48...
Trying to generate arrow 30/48...
Trying to generate arrow 31/48...
Trying to generate arrow 32/48...
Trying to generate arrow 33/48...
Trying to generate arrow 34/48...
Trying to generate arrow 35/48...
Trying to generate arrow 36/48...
Trying to generate arrow 37/48...
Trying to generate arrow 38/48...
Trying to generate arrow 39/48...
Trying to generate arrow 40/48...
Trying to generate arrow 41/48...
Trying to generate arrow 42/48...
Trying to generate arrow 43/48...
Trying to generate arrow 44/48...
Trying to generate arrow 45/48...
Trying to generate arrow 46/48...
Trying to generate arrow 47/48...
Trying to generate arrow 48/48...
Successfully generated 48 arrows!
Kết quả vòng lặp: Successfully generated 48 arrows!
Giảm độ dài từ 15...
Độ dài vòng tiếp theo: 10

========================================
--- BẮT ĐẦU VÒNG LẶP (Length = 10) ---
Ô đã chiếm: 589 / Ô còn trống: 127
Đề xuất tạo 13 mũi tên cho vòng lặp này...
Generating level in painted area... (This will be slow)
Trying to generate arrow 1/13...
Trying to generate arrow 2/13...
Trying to generate arrow 3/13...
Trying to generate arrow 4/13...
Trying to generate arrow 5/13...
Trying to generate arrow 6/13...
Trying to generate arrow 7/13...
Could not find valid arrow 7. Stopping.
Successfully generated 6 arrows!
Kết quả vòng lặp: Successfully generated 6 arrows!
Giảm độ dài từ 10...
Độ dài vòng tiếp theo: 5

========================================
--- BẮT ĐẦU VÒNG LẶP (Length = 5) ---
Ô đã chiếm: 628 / Ô còn trống: 88
Đề xuất tạo 18 mũi tên cho vòng lặp này...
Generating level in painted area... (This will be slow)
Trying to generate arrow 1/18...
Trying to generate arrow 2/18...
Trying to generate arrow 3/18...
Trying to generate arrow 4/18...
Trying to generate arrow 5/18...
Trying to generate arrow 6/18...
Trying to generate arrow 7/18...
Trying to generate arrow 8/18...
Trying to generate arrow 9/18...
Trying to generate arrow 10/18...
Trying to generate arrow 11/18...
Trying to generate arrow 12/18...
Trying to generate arrow 13/18...
Trying to generate arrow 14/18...
Trying to generate arrow 15/18...
Trying to generate arrow 16/18...
Trying to generate arrow 17/18...
Trying to generate arrow 18/18...
Successfully generated 18 arrows!
Kết quả vòng lặp: Successfully generated 18 arrows!
Tiếp tục lặp lại ở độ dài tối thiểu (5)...

========================================
--- BẮT ĐẦU VÒNG LẶP (Length = 5) ---
Ô đã chiếm: 668 / Ô còn trống: 48
Đề xuất tạo 10 mũi tên cho vòng lặp này...
Generating level in painted area... (This will be slow)
Trying to generate arrow 1/10...
Trying to generate arrow 2/10...
Trying to generate arrow 3/10...
Trying to generate arrow 4/10...
Trying to generate arrow 5/10...
Trying to generate arrow 6/10...
Trying to generate arrow 7/10...
Could not find valid arrow 7. Stopping.
Successfully generated 6 arrows!
Kết quả vòng lặp: Successfully generated 6 arrows!
Tiếp tục lặp lại ở độ dài tối thiểu (5)...

========================================
--- BẮT ĐẦU VÒNG LẶP (Length = 5) ---
Ô đã chiếm: 680 / Ô còn trống: 36
Đề xuất tạo 7 mũi tên cho vòng lặp này...
Generating level in painted area... (This will be slow)
Trying to generate arrow 1/7...
Could not find valid arrow 1. Stopping.
Kết quả vòng lặp: Generation complete, but 0 valid arrows found. Try again.
Không thể tạo thêm mũi tên ở độ dài này.
Đã đạt độ dài tối thiểu và không thể tạo thêm. Dừng.

========================================
--- ĐÃ HOÀN TẤT TẤT CẢ CÁC VÒNG LẶP ---
Tổng cộng đã tạo: 78 mũi tên.
Đã lấp đầy 680 / 716 ô (95.0%)
--- Đang lưu kết quả ra: level_set/level_set_3/2_result_test/38.json ---
Đã lưu thành công level 30x30 với 78 mũi tên.
--- Bản đồ kết quả (ASCII) ---
                                
            .<#<#<##            
         #>#>.#########         
        ###########^###.        
      ###.####^###########      
     ##v##################>     
    ##############>.#.#####>    
    ^###>########>###^#####.    
   #######.#######v<#########   
  ####^##########v..##########  
  ##########v.#############^##  
  ##v#################v###^##v  
 ############.##.##########^### 
 .#####.<##v###>#####v######### 
 <###v####################.<### 
 <#############.<##>.########## 
 ^####^########>####>v#.####### 
 ##############.#####.#>#.##.## 
 ^###########>###.############# 
 ##v##v###.v#######.########.<# 
  #######>############v####v##  
  #v########>#>##v##.######.##  
  ###v##.<############<####<##  
   ##########v####<#.#######>   
    ######<#################    
    ############<###v####.<#    
     v##.v#########v#>####>     
      .#>#################      
        .########<#####v        
         ##v###.v<#####         
            <#######            
                                
--- Đang render: 38 (30x30) ---
✅ Đã lưu hình ảnh vào: level_set/level_set_3/3_render/38.png
18 square.png 32
args: Args(level_set_path=PosixPath('level_set/level_set_3'), start_length=15, length_step=5, min_length=5, size=(32, 45), turn_probability=0.75, straight_weight=2, left_weight=0.5, right_weight=0.5, max_turns=30, generate_mode='basic', csv_path=PosixPath('level_set/level_set_3/[Data] levels - test dataframe.csv'), csv=    level_name    template_name  ...  size_y  is_icon
0           21     pentagon.png  ...      25      NaN
1           22         star.png  ...      25      NaN
2           23     pentagon.png  ...      35      NaN
3           24       square.png  ...      27      NaN
4           25  AIR BALLOON.png  ...      25        *
5           26         star.png  ...      25      NaN
6           27       circle.png  ...      35      NaN
7           28      hexagon.png  ...      27      NaN
8           29       square.png  ...      29      NaN
9           30         BODY.png  ...      26        *
10          31       circle.png  ...      35      NaN
11          32     pentagon.png  ...      28      NaN
12          33       square.png  ...      40      NaN
13          34       square.png  ...      30      NaN
14          35        CHESS.png  ...      28        *
15          36      hexagon.png  ...      28      NaN
16          37       square.png  ...      30      NaN
17          38       circle.png  ...      30      NaN
18          39       square.png  ...      45      NaN
19          40   CRUSTACEAN.png  ...      28        *

[20 rows x 8 columns], item_path='level_set/level_set_3/1_0_original_icons/square.png', item_name='square.png', alter_item_name='39')
Đang xử lý: 'level_set/level_set_3/1_0_original_icons/square.png' (Kích thước gốc: (250, 250))
==> Đã lưu vào: 'level_set/level_set_3/1_1_icons/square.png' (Kích thước mới: (32, 45))
Đã tải ảnh 'level_set/level_set_3/1_1_icons/square.png' (Kích thước: 32x45)
Sử dụng ngưỡng Alpha: 128
Hoàn thành! Đã lưu board vào 'level_set/level_set_3/1_board_test/39'.
--- Đang tải board từ: level_set/level_set_3/1_board_test/39 ---
Đã tải thành công 1440 ô 'editable'.
Tổng số ô có thể vẽ: 1440

========================================
--- BẮT ĐẦU VÒNG LẶP (Length = 15) ---
Ô đã chiếm: 0 / Ô còn trống: 1440
Đề xuất tạo 96 mũi tên cho vòng lặp này...
Generating level in painted area... (This will be slow)
Trying to generate arrow 1/96...
Trying to generate arrow 2/96...
Trying to generate arrow 3/96...
Trying to generate arrow 4/96...
Trying to generate arrow 5/96...
Trying to generate arrow 6/96...
Trying to generate arrow 7/96...
Trying to generate arrow 8/96...
Trying to generate arrow 9/96...
Trying to generate arrow 10/96...
Trying to generate arrow 11/96...
Trying to generate arrow 12/96...
Trying to generate arrow 13/96...
Trying to generate arrow 14/96...
Trying to generate arrow 15/96...
Trying to generate arrow 16/96...
Trying to generate arrow 17/96...
Trying to generate arrow 18/96...
Trying to generate arrow 19/96...
Trying to generate arrow 20/96...
Trying to generate arrow 21/96...
Trying to generate arrow 22/96...
Trying to generate arrow 23/96...
Trying to generate arrow 24/96...
Trying to generate arrow 25/96...
Trying to generate arrow 26/96...
Trying to generate arrow 27/96...
Trying to generate arrow 28/96...
Trying to generate arrow 29/96...
Trying to generate arrow 30/96...
Trying to generate arrow 31/96...
Trying to generate arrow 32/96...
Trying to generate arrow 33/96...
Trying to generate arrow 34/96...
Trying to generate arrow 35/96...
Trying to generate arrow 36/96...
Trying to generate arrow 37/96...
Trying to generate arrow 38/96...
Trying to generate arrow 39/96...
Trying to generate arrow 40/96...
Trying to generate arrow 41/96...
Trying to generate arrow 42/96...
Trying to generate arrow 43/96...
Trying to generate arrow 44/96...
Trying to generate arrow 45/96...
Trying to generate arrow 46/96...
Trying to generate arrow 47/96...
Trying to generate arrow 48/96...
Trying to generate arrow 49/96...
Trying to generate arrow 50/96...
Trying to generate arrow 51/96...
Trying to generate arrow 52/96...
Trying to generate arrow 53/96...
Trying to generate arrow 54/96...
Trying to generate arrow 55/96...
Trying to generate arrow 56/96...
Trying to generate arrow 57/96...
Trying to generate arrow 58/96...
Trying to generate arrow 59/96...
Trying to generate arrow 60/96...
Trying to generate arrow 61/96...
Trying to generate arrow 62/96...
Trying to generate arrow 63/96...
Trying to generate arrow 64/96...
Trying to generate arrow 65/96...
Trying to generate arrow 66/96...
Trying to generate arrow 67/96...
Trying to generate arrow 68/96...
Trying to generate arrow 69/96...
Trying to generate arrow 70/96...
Trying to generate arrow 71/96...
Trying to generate arrow 72/96...
Trying to generate arrow 73/96...
Trying to generate arrow 74/96...
Trying to generate arrow 75/96...
Trying to generate arrow 76/96...
Trying to generate arrow 77/96...
Trying to generate arrow 78/96...
Trying to generate arrow 79/96...
Trying to generate arrow 80/96...
Trying to generate arrow 81/96...
Trying to generate arrow 82/96...
Trying to generate arrow 83/96...
Trying to generate arrow 84/96...
Trying to generate arrow 85/96...
Trying to generate arrow 86/96...
Trying to generate arrow 87/96...
Trying to generate arrow 88/96...
Trying to generate arrow 89/96...
Trying to generate arrow 90/96...
Trying to generate arrow 91/96...
Trying to generate arrow 92/96...
Trying to generate arrow 93/96...
Trying to generate arrow 94/96...
Trying to generate arrow 95/96...
Trying to generate arrow 96/96...
Successfully generated 96 arrows!
Kết quả vòng lặp: Successfully generated 96 arrows!
Giảm độ dài từ 15...
Độ dài vòng tiếp theo: 10

========================================
--- BẮT ĐẦU VÒNG LẶP (Length = 10) ---
Ô đã chiếm: 1182 / Ô còn trống: 258
Đề xuất tạo 26 mũi tên cho vòng lặp này...
Generating level in painted area... (This will be slow)
Trying to generate arrow 1/26...
Trying to generate arrow 2/26...
Trying to generate arrow 3/26...
Trying to generate arrow 4/26...
Trying to generate arrow 5/26...
Trying to generate arrow 6/26...
Trying to generate arrow 7/26...
Trying to generate arrow 8/26...
Trying to generate arrow 9/26...
Trying to generate arrow 10/26...
Trying to generate arrow 11/26...
Could not find valid arrow 11. Stopping.
Successfully generated 10 arrows!
Kết quả vòng lặp: Successfully generated 10 arrows!
Giảm độ dài từ 10...
Độ dài vòng tiếp theo: 5

========================================
--- BẮT ĐẦU VÒNG LẶP (Length = 5) ---
Ô đã chiếm: 1248 / Ô còn trống: 192
Đề xuất tạo 38 mũi tên cho vòng lặp này...
Generating level in painted area... (This will be slow)
Trying to generate arrow 1/38...
Trying to generate arrow 2/38...
Trying to generate arrow 3/38...
Trying to generate arrow 4/38...
Trying to generate arrow 5/38...
Trying to generate arrow 6/38...
Trying to generate arrow 7/38...
Trying to generate arrow 8/38...
Trying to generate arrow 9/38...
Trying to generate arrow 10/38...
Trying to generate arrow 11/38...
Trying to generate arrow 12/38...
Trying to generate arrow 13/38...
Trying to generate arrow 14/38...
Trying to generate arrow 15/38...
Trying to generate arrow 16/38...
Trying to generate arrow 17/38...
Trying to generate arrow 18/38...
Trying to generate arrow 19/38...
Trying to generate arrow 20/38...
Trying to generate arrow 21/38...
Trying to generate arrow 22/38...
Trying to generate arrow 23/38...
Trying to generate arrow 24/38...
Trying to generate arrow 25/38...
Trying to generate arrow 26/38...
Trying to generate arrow 27/38...
Trying to generate arrow 28/38...
Trying to generate arrow 29/38...
Trying to generate arrow 30/38...
Trying to generate arrow 31/38...
Trying to generate arrow 32/38...
Trying to generate arrow 33/38...
Trying to generate arrow 34/38...
Trying to generate arrow 35/38...
Trying to generate arrow 36/38...
Trying to generate arrow 37/38...
Trying to generate arrow 38/38...
Successfully generated 38 arrows!
Kết quả vòng lặp: Successfully generated 38 arrows!
Tiếp tục lặp lại ở độ dài tối thiểu (5)...

========================================
--- BẮT ĐẦU VÒNG LẶP (Length = 5) ---
Ô đã chiếm: 1338 / Ô còn trống: 102
Đề xuất tạo 20 mũi tên cho vòng lặp này...
Generating level in painted area... (This will be slow)
Trying to generate arrow 1/20...
Trying to generate arrow 2/20...
Trying to generate arrow 3/20...
Trying to generate arrow 4/20...
Trying to generate arrow 5/20...
Trying to generate arrow 6/20...
Trying to generate arrow 7/20...
Trying to generate arrow 8/20...
Could not find valid arrow 8. Stopping.
Successfully generated 7 arrows!
Kết quả vòng lặp: Successfully generated 7 arrows!
Tiếp tục lặp lại ở độ dài tối thiểu (5)...

========================================
--- BẮT ĐẦU VÒNG LẶP (Length = 5) ---
Ô đã chiếm: 1355 / Ô còn trống: 85
Đề xuất tạo 17 mũi tên cho vòng lặp này...
Generating level in painted area... (This will be slow)
Trying to generate arrow 1/17...
Could not find valid arrow 1. Stopping.
Kết quả vòng lặp: Generation complete, but 0 valid arrows found. Try again.
Không thể tạo thêm mũi tên ở độ dài này.
Đã đạt độ dài tối thiểu và không thể tạo thêm. Dừng.

========================================
--- ĐÃ HOÀN TẤT TẤT CẢ CÁC VÒNG LẶP ---
Tổng cộng đã tạo: 151 mũi tên.
Đã lấp đầy 1355 / 1440 ô (94.1%)
--- Đang lưu kết quả ra: level_set/level_set_3/2_result_test/39.json ---
Đã lưu thành công level 32x45 với 151 mũi tên.
--- Bản đồ kết quả (ASCII) ---
                                  
 ###########.^.###<#<####.######. 
 ####.##^###^#^########v#^###v##^ 
 #<##########^###############.v## 
 #######>###>#############v#####^ 
 ######<##############v###.###### 
 ###<##.##########>###.#####v##v# 
 #.#####..##>##>#>##..########v.# 
 #<#####^^###########^########### 
 ###v##################..######## 
 <###########################.### 
 ##<#<#####.##>.#####^v#^######## 
 #^##<#########<######.####>##### 
 .###<#.#v.###v##############>#>. 
 ^#####^####>#############>#####> 
 #################>#############. 
 ###########v##.##..v###^#>#####> 
 ###############.##^.v#####>###>. 
 .^^#################.#########.^ 
 ##########.#>v####>#####^####### 
 ####.##.###########.##v########^ 
 #######^#######>########>####### 
 ##^############<#####.##.##>.### 
 v############.###v##########>#>^ 
 ###########>#################### 
 ######>####>#####.#############. 
 #########.####v#########>###.##^ 
 ####################.########>## 
 <###.#######v#vvv.##<########### 
 .#######v###########<######<#### 
 <#.##.#######.######.##.######## 
 <####.#<#<#.<###########.<#v#### 
 .<###<#.######.#########<######. 
 .<#########<#####.###<#^^#####<# 
 ######.###########v.######.##### 
 ####>####v###..################^ 
 ###.############v.v.############ 
 ###################>#>vv.####### 
 .##########>#################### 
 ####v#######>############>###>#> 
 #######################>######## 
 ################################ 
 ####>.####################v.#### 
 <##.<########<#v.######.####>### 
 #<####.^##.################.#### 
 v<######v#>#>.vv######>##>##>##. 
                                  
--- Đang render: 39 (32x45) ---
✅ Đã lưu hình ảnh vào: level_set/level_set_3/3_render/39.png
19 CRUSTACEAN.png 28
args: Args(level_set_path=PosixPath('level_set/level_set_3'), start_length=15, length_step=5, min_length=5, size=(28, 28), turn_probability=0.75, straight_weight=2, left_weight=0.5, right_weight=0.5, max_turns=30, generate_mode='basic', csv_path=PosixPath('level_set/level_set_3/[Data] levels - test dataframe.csv'), csv=    level_name    template_name  ...  size_y  is_icon
0           21     pentagon.png  ...      25      NaN
1           22         star.png  ...      25      NaN
2           23     pentagon.png  ...      35      NaN
3           24       square.png  ...      27      NaN
4           25  AIR BALLOON.png  ...      25        *
5           26         star.png  ...      25      NaN
6           27       circle.png  ...      35      NaN
7           28      hexagon.png  ...      27      NaN
8           29       square.png  ...      29      NaN
9           30         BODY.png  ...      26        *
10          31       circle.png  ...      35      NaN
11          32     pentagon.png  ...      28      NaN
12          33       square.png  ...      40      NaN
13          34       square.png  ...      30      NaN
14          35        CHESS.png  ...      28        *
15          36      hexagon.png  ...      28      NaN
16          37       square.png  ...      30      NaN
17          38       circle.png  ...      30      NaN
18          39       square.png  ...      45      NaN
19          40   CRUSTACEAN.png  ...      28        *

[20 rows x 8 columns], item_path='level_set/level_set_3/1_0_original_icons/CRUSTACEAN.png', item_name='CRUSTACEAN.png', alter_item_name='40')
Đang xử lý: 'level_set/level_set_3/1_0_original_icons/CRUSTACEAN.png' (Kích thước gốc: (246, 199))
==> Đã lưu vào: 'level_set/level_set_3/1_1_icons/CRUSTACEAN.png' (Kích thước mới: (28, 28))
Đã tải ảnh 'level_set/level_set_3/1_1_icons/CRUSTACEAN.png' (Kích thước: 28x28)
Sử dụng ngưỡng Alpha: 128
Hoàn thành! Đã lưu board vào 'level_set/level_set_3/1_board_test/40'.
--- Đang tải board từ: level_set/level_set_3/1_board_test/40 ---
Đã tải thành công 398 ô 'editable'.
Tổng số ô có thể vẽ: 398

========================================
--- BẮT ĐẦU VÒNG LẶP (Length = 15) ---
Ô đã chiếm: 0 / Ô còn trống: 398
Đề xuất tạo 27 mũi tên cho vòng lặp này...
Generating level in painted area... (This will be slow)
Trying to generate arrow 1/27...
Trying to generate arrow 2/27...
Trying to generate arrow 3/27...
Trying to generate arrow 4/27...
Trying to generate arrow 5/27...
Trying to generate arrow 6/27...
Trying to generate arrow 7/27...
Trying to generate arrow 8/27...
Trying to generate arrow 9/27...
Trying to generate arrow 10/27...
Trying to generate arrow 11/27...
Trying to generate arrow 12/27...
Trying to generate arrow 13/27...
Trying to generate arrow 14/27...
Trying to generate arrow 15/27...
Trying to generate arrow 16/27...
Trying to generate arrow 17/27...
Trying to generate arrow 18/27...
Trying to generate arrow 19/27...
Trying to generate arrow 20/27...
Trying to generate arrow 21/27...
Trying to generate arrow 22/27...
Trying to generate arrow 23/27...
Trying to generate arrow 24/27...
Trying to generate arrow 25/27...
Trying to generate arrow 26/27...
Trying to generate arrow 27/27...
Successfully generated 27 arrows!
Kết quả vòng lặp: Successfully generated 27 arrows!
Giảm độ dài từ 15...
Độ dài vòng tiếp theo: 10

========================================
--- BẮT ĐẦU VÒNG LẶP (Length = 10) ---
Ô đã chiếm: 295 / Ô còn trống: 103
Đề xuất tạo 10 mũi tên cho vòng lặp này...
Generating level in painted area... (This will be slow)
Trying to generate arrow 1/10...
Trying to generate arrow 2/10...
Trying to generate arrow 3/10...
Trying to generate arrow 4/10...
Trying to generate arrow 5/10...
Trying to generate arrow 6/10...
Trying to generate arrow 7/10...
Could not find valid arrow 7. Stopping.
Successfully generated 6 arrows!
Kết quả vòng lặp: Successfully generated 6 arrows!
Giảm độ dài từ 10...
Độ dài vòng tiếp theo: 5

========================================
--- BẮT ĐẦU VÒNG LẶP (Length = 5) ---
Ô đã chiếm: 327 / Ô còn trống: 71
Đề xuất tạo 14 mũi tên cho vòng lặp này...
Generating level in painted area... (This will be slow)
Trying to generate arrow 1/14...
Trying to generate arrow 2/14...
Trying to generate arrow 3/14...
Trying to generate arrow 4/14...
Trying to generate arrow 5/14...
Trying to generate arrow 6/14...
Trying to generate arrow 7/14...
Trying to generate arrow 8/14...
Trying to generate arrow 9/14...
Trying to generate arrow 10/14...
Trying to generate arrow 11/14...
Trying to generate arrow 12/14...
Trying to generate arrow 13/14...
Trying to generate arrow 14/14...
Successfully generated 14 arrows!
Kết quả vòng lặp: Successfully generated 14 arrows!
Tiếp tục lặp lại ở độ dài tối thiểu (5)...

========================================
--- BẮT ĐẦU VÒNG LẶP (Length = 5) ---
Ô đã chiếm: 359 / Ô còn trống: 39
Đề xuất tạo 8 mũi tên cho vòng lặp này...
Generating level in painted area... (This will be slow)
Trying to generate arrow 1/8...
Trying to generate arrow 2/8...
Trying to generate arrow 3/8...
Trying to generate arrow 4/8...
Trying to generate arrow 5/8...
Could not find valid arrow 5. Stopping.
Successfully generated 4 arrows!
Kết quả vòng lặp: Successfully generated 4 arrows!
Tiếp tục lặp lại ở độ dài tối thiểu (5)...

========================================
--- BẮT ĐẦU VÒNG LẶP (Length = 5) ---
Ô đã chiếm: 369 / Ô còn trống: 29
Đề xuất tạo 6 mũi tên cho vòng lặp này...
Generating level in painted area... (This will be slow)
Trying to generate arrow 1/6...
Could not find valid arrow 1. Stopping.
Kết quả vòng lặp: Generation complete, but 0 valid arrows found. Try again.
Không thể tạo thêm mũi tên ở độ dài này.
Đã đạt độ dài tối thiểu và không thể tạo thêm. Dừng.

========================================
--- ĐÃ HOÀN TẤT TẤT CẢ CÁC VÒNG LẶP ---
Tổng cộng đã tạo: 51 mũi tên.
Đã lấp đầy 369 / 398 ô (92.7%)
--- Đang lưu kết quả ra: level_set/level_set_3/2_result_test/40.json ---
Đã lưu thành công level 26x26 với 51 mũi tên.
--- Bản đồ kết quả (ASCII) ---
                            
  ###^                ###>  
  ####                ###>  
 #####                ##### 
 v#####<#          .^##v.## 
 ##.#^##>          ^#####.^ 
 v######^          ######## 
 ########          .##<###^ 
 ##.###>            ^###### 
  ##<#^.  .###^###  ######  
   ####  <#########  ###v   
    #   .^#######.v.   .    
    ## .##<########## #>    
     ####^.########>###     
     ###>###.####.##>##     
    .##<#####^##########    
   <#######.####>########   
  ^.  ################  ##  
  #   <###.###.##v##v#   v  
     ###<#############^.    
    ## ^.##.###.##### ###   
   ##  ######.<######  ##   
  ##  .###############  ##  
  #  .## <#########  v#  v  
     <#    <####>     #     
    <#                ##    
    .                  v    
                            
--- Đang render: 40 (26x26) ---
✅ Đã lưu hình ảnh vào: level_set/level_set_3/3_render/40.png
