[LOGGING] Bắt đầu ghi log vào logs/debug_2025-10-30_17-35-36.log

args: Args(level_set_path=PosixPath('level_set/level_set_3'), start_length=25, length_step=5, min_length=5, size=(15, 15), turn_probability=0.75, straight_weight=2, left_weight=0.5, right_weight=0.5, max_turns=30, generate_mode='basic', csv_path=PosixPath('level_set/level_set_3/[Data] levels - test dataframe.csv'), csv=    level_name    template_name  ...  difficulty  style
0           21     pentagon.png  ...      Normal    NaN
1           22         star.png  ...      Normal     AZ
2           23       square.png  ...        Hard    NaN
3           24     pentagon.png  ...      Normal    NaN
4           25  AIR BALLOON.png  ...      Normal    NaN
5           26       square.png  ...      Normal     AZ
6           27       circle.png  ...      Normal     AZ
7           28      hexagon.png  ...      Normal    NaN
8           29       square.png  ...        Hard     AZ
9           30         BODY.png  ...      Normal    NaN
10          31       circle.png  ...      Normal    NaN
11          32     pentagon.png  ...      Normal     AZ
12          33       square.png  ...        Hard    NaN
13          34         star.png  ...      Normal    NaN
14          35        CHESS.png  ...      Normal    NaN
15          36      hexagon.png  ...      Normal     AZ
16          37       square.png  ...      Normal     AZ
17          38       circle.png  ...      Normal    NaN
18          39       square.png  ...        Hard     AZ
19          40   CRUSTACEAN.png  ...      Normal    NaN
20          41     pentagon.png  ...      Normal    NaN
21          42         star.png  ...      Normal     AZ
22          43       square.png  ...        Hard    NaN
23          44     pentagon.png  ...      Normal    NaN
24          45  FLAT SHAPES.png  ...      Normal    NaN
25          46         star.png  ...      Normal     AZ
26          47       circle.png  ...      Normal     AZ
27          48      hexagon.png  ...      Normal    NaN
28          49       square.png  ...        Hard     AZ
29          50        HOUSE.png  ...      Normal    NaN
30          51       circle.png  ...      Normal    NaN
31          52     pentagon.png  ...      Normal     AZ
32          53       square.png  ...        Hard    NaN
33          54       square.png  ...      Normal    NaN
34          55        PLANE.png  ...      Normal    NaN
35          56      hexagon.png  ...      Normal     AZ
36          57       square.png  ...      Normal     AZ
37          58       circle.png  ...      Normal    NaN
38          59       square.png  ...        Hard     AZ
39          60       SPIDER.png  ...      Normal    NaN

[40 rows x 10 columns], item_name='pentagon.png', alter_item_name='21', item_path='level_set/level_set_3/1_0_original_icons/pentagon.png')
Đang xử lý: 'level_set/level_set_3/1_0_original_icons/pentagon.png' (Kích thước gốc: (250, 250))
==> Đã lưu vào: 'level_set/level_set_3/1_1_icons/pentagon.png' (Kích thước mới: (15, 15))
Đã tải ảnh 'level_set/level_set_3/1_1_icons/pentagon.png' (Kích thước: 15x15)
Sử dụng ngưỡng Alpha: 128
Hoàn thành! Đã lưu board vào 'level_set/level_set_3/1_board_test/21'.
--- Đang tải board từ: level_set/level_set_3/1_board_test/21 ---
Đã tải thành công 150 ô 'editable'.
Tổng số ô có thể vẽ: 150

========================================
--- BẮT ĐẦU VÒNG LẶP (Length = 25) ---
Ô đã chiếm: 0 / Ô còn trống: 150
Đề xuất tạo 6 mũi tên cho vòng lặp này...
Generating level in painted area... (This will be slow)
Trying to generate arrow 1/6...
Trying to generate arrow 2/6...
Trying to generate arrow 3/6...
Trying to generate arrow 4/6...
Trying to generate arrow 5/6...
Trying to generate arrow 6/6...
Successfully generated 6 arrows!
Kết quả vòng lặp: Successfully generated 6 arrows!
Giảm độ dài từ 25...
Độ dài vòng tiếp theo: 20

========================================
--- BẮT ĐẦU VÒNG LẶP (Length = 20) ---
Ô đã chiếm: 110 / Ô còn trống: 40
Đề xuất tạo 2 mũi tên cho vòng lặp này...
Generating level in painted area... (This will be slow)
Trying to generate arrow 1/2...
Could not find valid arrow 1. Stopping.
Kết quả vòng lặp: Generation complete, but 0 valid arrows found. Try again.
Không thể tạo thêm mũi tên ở độ dài này.
Giảm độ dài từ 20...
Độ dài vòng tiếp theo: 15

========================================
--- BẮT ĐẦU VÒNG LẶP (Length = 15) ---
Ô đã chiếm: 110 / Ô còn trống: 40
Đề xuất tạo 3 mũi tên cho vòng lặp này...
Generating level in painted area... (This will be slow)
Trying to generate arrow 1/3...
Trying to generate arrow 2/3...
Trying to generate arrow 3/3...
Could not find valid arrow 3. Stopping.
Successfully generated 2 arrows!
Kết quả vòng lặp: Successfully generated 2 arrows!
Giảm độ dài từ 15...
Độ dài vòng tiếp theo: 10

========================================
--- BẮT ĐẦU VÒNG LẶP (Length = 10) ---
Ô đã chiếm: 124 / Ô còn trống: 26
Đề xuất tạo 3 mũi tên cho vòng lặp này...
Generating level in painted area... (This will be slow)
Trying to generate arrow 1/3...
Trying to generate arrow 2/3...
Could not find valid arrow 2. Stopping.
Successfully generated 1 arrows!
Kết quả vòng lặp: Successfully generated 1 arrows!
Giảm độ dài từ 10...
Độ dài vòng tiếp theo: 5

========================================
--- BẮT ĐẦU VÒNG LẶP (Length = 5) ---
Ô đã chiếm: 129 / Ô còn trống: 21
Đề xuất tạo 4 mũi tên cho vòng lặp này...
Generating level in painted area... (This will be slow)
Trying to generate arrow 1/4...
Trying to generate arrow 2/4...
Trying to generate arrow 3/4...
Trying to generate arrow 4/4...
Successfully generated 4 arrows!
Kết quả vòng lặp: Successfully generated 4 arrows!
Tiếp tục lặp lại ở độ dài tối thiểu (5)...

========================================
--- BẮT ĐẦU VÒNG LẶP (Length = 5) ---
Ô đã chiếm: 138 / Ô còn trống: 12
Đề xuất tạo 2 mũi tên cho vòng lặp này...
Generating level in painted area... (This will be slow)
Trying to generate arrow 1/2...
Trying to generate arrow 2/2...
Successfully generated 2 arrows!
Kết quả vòng lặp: Successfully generated 2 arrows!
Tiếp tục lặp lại ở độ dài tối thiểu (5)...

========================================
--- BẮT ĐẦU VÒNG LẶP (Length = 5) ---
Ô đã chiếm: 143 / Ô còn trống: 7
Đề xuất tạo 1 mũi tên cho vòng lặp này...
Generating level in painted area... (This will be slow)
Trying to generate arrow 1/1...
Could not find valid arrow 1. Stopping.
Kết quả vòng lặp: Generation complete, but 0 valid arrows found. Try again.
Không thể tạo thêm mũi tên ở độ dài này.
Đã đạt độ dài tối thiểu và không thể tạo thêm. Dừng.

========================================
--- ĐÃ HOÀN TẤT TẤT CẢ CÁC VÒNG LẶP ---
Tổng cộng đã tạo: 15 mũi tên.
Đã lấp đầy 143 / 150 ô (95.3%)
--- Đang lưu kết quả ra: level_set/level_set_3/2_result_test/21.json ---
Đã lưu thành công level 15x14 với 15 mũi tên.
--- Bản đồ kết quả (ASCII) ---
                 
       ##>       
      ^####      
     #######     
   ^##^###>##>   
  ########>###.  
 ##^######.###<# 
 ######^######## 
  ####.####.###  
  ##.##########  
  ##########^##  
   ^##########   
   ###########   
   ###<####.^v   
    .########    
                 
--- Đang render: 21 (15x14) ---
✅ Đã lưu hình ảnh vào: level_set/level_set_3/3_render/21.png
args: Args(level_set_path=PosixPath('level_set/level_set_3'), start_length=25, length_step=5, min_length=5, size=(20, 20), turn_probability=0.75, straight_weight=2, left_weight=0.5, right_weight=0.5, max_turns=30, generate_mode='advance', csv_path=PosixPath('level_set/level_set_3/[Data] levels - test dataframe.csv'), csv=    level_name    template_name  ...  difficulty  style
0           21     pentagon.png  ...      Normal    NaN
1           22         star.png  ...      Normal     AZ
2           23       square.png  ...        Hard    NaN
3           24     pentagon.png  ...      Normal    NaN
4           25  AIR BALLOON.png  ...      Normal    NaN
5           26       square.png  ...      Normal     AZ
6           27       circle.png  ...      Normal     AZ
7           28      hexagon.png  ...      Normal    NaN
8           29       square.png  ...        Hard     AZ
9           30         BODY.png  ...      Normal    NaN
10          31       circle.png  ...      Normal    NaN
11          32     pentagon.png  ...      Normal     AZ
12          33       square.png  ...        Hard    NaN
13          34         star.png  ...      Normal    NaN
14          35        CHESS.png  ...      Normal    NaN
15          36      hexagon.png  ...      Normal     AZ
16          37       square.png  ...      Normal     AZ
17          38       circle.png  ...      Normal    NaN
18          39       square.png  ...        Hard     AZ
19          40   CRUSTACEAN.png  ...      Normal    NaN
20          41     pentagon.png  ...      Normal    NaN
21          42         star.png  ...      Normal     AZ
22          43       square.png  ...        Hard    NaN
23          44     pentagon.png  ...      Normal    NaN
24          45  FLAT SHAPES.png  ...      Normal    NaN
25          46         star.png  ...      Normal     AZ
26          47       circle.png  ...      Normal     AZ
27          48      hexagon.png  ...      Normal    NaN
28          49       square.png  ...        Hard     AZ
29          50        HOUSE.png  ...      Normal    NaN
30          51       circle.png  ...      Normal    NaN
31          52     pentagon.png  ...      Normal     AZ
32          53       square.png  ...        Hard    NaN
33          54       square.png  ...      Normal    NaN
34          55        PLANE.png  ...      Normal    NaN
35          56      hexagon.png  ...      Normal     AZ
36          57       square.png  ...      Normal     AZ
37          58       circle.png  ...      Normal    NaN
38          59       square.png  ...        Hard     AZ
39          60       SPIDER.png  ...      Normal    NaN

[40 rows x 10 columns], item_path='level_set/level_set_3/1_0_original_icons/star.png', item_name='star.png', alter_item_name='22')
Đang xử lý: 'level_set/level_set_3/1_0_original_icons/star.png' (Kích thước gốc: (250, 250))
==> Đã lưu vào: 'level_set/level_set_3/1_1_icons/star.png' (Kích thước mới: (20, 20))
Đã tải ảnh 'level_set/level_set_3/1_1_icons/star.png' (Kích thước: 20x20)
Sử dụng ngưỡng Alpha: 128
Hoàn thành! Đã lưu board vào 'level_set/level_set_3/1_board_test/22'.
--- Đang tải board từ: level_set/level_set_3/1_board_test/22 ---
Đã tải thành công 140 ô 'editable'.
Tổng số ô có thể vẽ: 140

========================================
--- BẮT ĐẦU VÒNG LẶP (Length = 25) ---
Ô đã chiếm: 0 / Ô còn trống: 140
Đề xuất tạo 6 mũi tên cho vòng lặp này...
Generating ADVANCED level in painted area... (This will be slow)
Trying to generate (adv) arrow 1/6...
Trying to generate (adv) arrow 2/6...
Trying to generate (adv) arrow 3/6...
Trying to generate (adv) arrow 4/6...
Trying to generate (adv) arrow 5/6...
Trying to generate (adv) arrow 6/6...
Successfully generated 6 arrows!
Kết quả vòng lặp: Successfully generated 6 arrows!
Giảm độ dài từ 25...
Độ dài vòng tiếp theo: 20

========================================
--- BẮT ĐẦU VÒNG LẶP (Length = 20) ---
Ô đã chiếm: 105 / Ô còn trống: 35
Đề xuất tạo 2 mũi tên cho vòng lặp này...
Generating ADVANCED level in painted area... (This will be slow)
Trying to generate (adv) arrow 1/2...
Trying to generate (adv) arrow 2/2...
Could not find valid arrow 2. Stopping.
Successfully generated 1 arrows!
Kết quả vòng lặp: Successfully generated 1 arrows!
Giảm độ dài từ 20...
Độ dài vòng tiếp theo: 15

========================================
--- BẮT ĐẦU VÒNG LẶP (Length = 15) ---
Ô đã chiếm: 115 / Ô còn trống: 25
Đề xuất tạo 2 mũi tên cho vòng lặp này...
Generating ADVANCED level in painted area... (This will be slow)
Trying to generate (adv) arrow 1/2...
Trying to generate (adv) arrow 2/2...
Could not find valid arrow 2. Stopping.
Successfully generated 1 arrows!
Kết quả vòng lặp: Successfully generated 1 arrows!
Giảm độ dài từ 15...
Độ dài vòng tiếp theo: 10

========================================
--- BẮT ĐẦU VÒNG LẶP (Length = 10) ---
Ô đã chiếm: 122 / Ô còn trống: 18
Đề xuất tạo 2 mũi tên cho vòng lặp này...
Generating ADVANCED level in painted area... (This will be slow)
Trying to generate (adv) arrow 1/2...
Could not find valid arrow 1. Stopping.
Kết quả vòng lặp: Generation complete, but 0 valid arrows found. Try again.
Không thể tạo thêm mũi tên ở độ dài này.
Giảm độ dài từ 10...
Độ dài vòng tiếp theo: 5

========================================
--- BẮT ĐẦU VÒNG LẶP (Length = 5) ---
Ô đã chiếm: 122 / Ô còn trống: 18
Đề xuất tạo 4 mũi tên cho vòng lặp này...
Generating ADVANCED level in painted area... (This will be slow)
Trying to generate (adv) arrow 1/4...
Trying to generate (adv) arrow 2/4...
Trying to generate (adv) arrow 3/4...
Trying to generate (adv) arrow 4/4...
Successfully generated 4 arrows!
Kết quả vòng lặp: Successfully generated 4 arrows!
Tiếp tục lặp lại ở độ dài tối thiểu (5)...

========================================
--- BẮT ĐẦU VÒNG LẶP (Length = 5) ---
Ô đã chiếm: 132 / Ô còn trống: 8
Đề xuất tạo 2 mũi tên cho vòng lặp này...
Generating ADVANCED level in painted area... (This will be slow)
Trying to generate (adv) arrow 1/2...
Trying to generate (adv) arrow 2/2...
Successfully generated 2 arrows!
Kết quả vòng lặp: Successfully generated 2 arrows!
Tiếp tục lặp lại ở độ dài tối thiểu (5)...

========================================
--- BẮT ĐẦU VÒNG LẶP (Length = 5) ---
Ô đã chiếm: 136 / Ô còn trống: 4
Đề xuất tạo 1 mũi tên cho vòng lặp này...
Generating ADVANCED level in painted area... (This will be slow)
Trying to generate (adv) arrow 1/1...
Could not find valid arrow 1. Stopping.
Kết quả vòng lặp: Generation complete, but 0 valid arrows found. Try again.
Không thể tạo thêm mũi tên ở độ dài này.
Đã đạt độ dài tối thiểu và không thể tạo thêm. Dừng.

========================================
--- ĐÃ HOÀN TẤT TẤT CẢ CÁC VÒNG LẶP ---
Tổng cộng đã tạo: 14 mũi tên.
Đã lấp đầy 136 / 140 ô (97.1%)
--- Đang lưu kết quả ra: level_set/level_set_3/2_result_test/22.json ---
Đã lưu thành công level 18x16 với 14 mũi tên.
--- Bản đồ kết quả (ASCII) ---
                    
         <#         
         ##         
        ####        
        ####        
       #>^##.       
     ##########     
 ###>########.####> 
  ####v<#####^##^.  
   ##############   
    .###########    
     ##########     
     ##########     
     v#########     
     #####v#<##     
     v###  ####     
     <#      ##     
                    
--- Đang render: 22 (18x16) ---
✅ Đã lưu hình ảnh vào: level_set/level_set_3/3_render/22.png
args: Args(level_set_path=PosixPath('level_set/level_set_3'), start_length=25, length_step=5, min_length=5, size=(15, 25), turn_probability=0.5, straight_weight=0.75, left_weight=0.25, right_weight=0.5, max_turns=6, generate_mode='basic', csv_path=PosixPath('level_set/level_set_3/[Data] levels - test dataframe.csv'), csv=    level_name    template_name  ...  difficulty  style
0           21     pentagon.png  ...      Normal    NaN
1           22         star.png  ...      Normal     AZ
2           23       square.png  ...        Hard    NaN
3           24     pentagon.png  ...      Normal    NaN
4           25  AIR BALLOON.png  ...      Normal    NaN
5           26       square.png  ...      Normal     AZ
6           27       circle.png  ...      Normal     AZ
7           28      hexagon.png  ...      Normal    NaN
8           29       square.png  ...        Hard     AZ
9           30         BODY.png  ...      Normal    NaN
10          31       circle.png  ...      Normal    NaN
11          32     pentagon.png  ...      Normal     AZ
12          33       square.png  ...        Hard    NaN
13          34         star.png  ...      Normal    NaN
14          35        CHESS.png  ...      Normal    NaN
15          36      hexagon.png  ...      Normal     AZ
16          37       square.png  ...      Normal     AZ
17          38       circle.png  ...      Normal    NaN
18          39       square.png  ...        Hard     AZ
19          40   CRUSTACEAN.png  ...      Normal    NaN
20          41     pentagon.png  ...      Normal    NaN
21          42         star.png  ...      Normal     AZ
22          43       square.png  ...        Hard    NaN
23          44     pentagon.png  ...      Normal    NaN
24          45  FLAT SHAPES.png  ...      Normal    NaN
25          46         star.png  ...      Normal     AZ
26          47       circle.png  ...      Normal     AZ
27          48      hexagon.png  ...      Normal    NaN
28          49       square.png  ...        Hard     AZ
29          50        HOUSE.png  ...      Normal    NaN
30          51       circle.png  ...      Normal    NaN
31          52     pentagon.png  ...      Normal     AZ
32          53       square.png  ...        Hard    NaN
33          54       square.png  ...      Normal    NaN
34          55        PLANE.png  ...      Normal    NaN
35          56      hexagon.png  ...      Normal     AZ
36          57       square.png  ...      Normal     AZ
37          58       circle.png  ...      Normal    NaN
38          59       square.png  ...        Hard     AZ
39          60       SPIDER.png  ...      Normal    NaN

[40 rows x 10 columns], item_path='level_set/level_set_3/1_0_original_icons/square.png', item_name='square.png', alter_item_name='23')
Đang xử lý: 'level_set/level_set_3/1_0_original_icons/square.png' (Kích thước gốc: (250, 250))
==> Đã lưu vào: 'level_set/level_set_3/1_1_icons/square.png' (Kích thước mới: (15, 25))
Đã tải ảnh 'level_set/level_set_3/1_1_icons/square.png' (Kích thước: 15x25)
Sử dụng ngưỡng Alpha: 128
Hoàn thành! Đã lưu board vào 'level_set/level_set_3/1_board_test/23'.
--- Đang tải board từ: level_set/level_set_3/1_board_test/23 ---
Đã tải thành công 375 ô 'editable'.
Tổng số ô có thể vẽ: 375

========================================
--- BẮT ĐẦU VÒNG LẶP (Length = 25) ---
Ô đã chiếm: 0 / Ô còn trống: 375
Đề xuất tạo 15 mũi tên cho vòng lặp này...
Generating level in painted area... (This will be slow)
Trying to generate arrow 1/15...
Trying to generate arrow 2/15...
Trying to generate arrow 3/15...
Trying to generate arrow 4/15...
Trying to generate arrow 5/15...
Trying to generate arrow 6/15...
Trying to generate arrow 7/15...
Trying to generate arrow 8/15...
Trying to generate arrow 9/15...
Trying to generate arrow 10/15...
Trying to generate arrow 11/15...
Trying to generate arrow 12/15...
Trying to generate arrow 13/15...
Trying to generate arrow 14/15...
Trying to generate arrow 15/15...
Successfully generated 15 arrows!
Kết quả vòng lặp: Successfully generated 15 arrows!
Giảm độ dài từ 25...
Độ dài vòng tiếp theo: 20

========================================
--- BẮT ĐẦU VÒNG LẶP (Length = 20) ---
Ô đã chiếm: 255 / Ô còn trống: 120
Đề xuất tạo 6 mũi tên cho vòng lặp này...
Generating level in painted area... (This will be slow)
Trying to generate arrow 1/6...
Trying to generate arrow 2/6...
Trying to generate arrow 3/6...
Trying to generate arrow 4/6...
Trying to generate arrow 5/6...
Could not find valid arrow 5. Stopping.
Successfully generated 4 arrows!
Kết quả vòng lặp: Successfully generated 4 arrows!
Giảm độ dài từ 20...
Độ dài vòng tiếp theo: 15

========================================
--- BẮT ĐẦU VÒNG LẶP (Length = 15) ---
Ô đã chiếm: 308 / Ô còn trống: 67
Đề xuất tạo 4 mũi tên cho vòng lặp này...
Generating level in painted area... (This will be slow)
Trying to generate arrow 1/4...
Trying to generate arrow 2/4...
Trying to generate arrow 3/4...
Could not find valid arrow 3. Stopping.
Successfully generated 2 arrows!
Kết quả vòng lặp: Successfully generated 2 arrows!
Giảm độ dài từ 15...
Độ dài vòng tiếp theo: 10

========================================
--- BẮT ĐẦU VÒNG LẶP (Length = 10) ---
Ô đã chiếm: 323 / Ô còn trống: 52
Đề xuất tạo 5 mũi tên cho vòng lặp này...
Generating level in painted area... (This will be slow)
Trying to generate arrow 1/5...
Trying to generate arrow 2/5...
Trying to generate arrow 3/5...
Could not find valid arrow 3. Stopping.
Successfully generated 2 arrows!
Kết quả vòng lặp: Successfully generated 2 arrows!
Giảm độ dài từ 10...
Độ dài vòng tiếp theo: 5

========================================
--- BẮT ĐẦU VÒNG LẶP (Length = 5) ---
Ô đã chiếm: 333 / Ô còn trống: 42
Đề xuất tạo 8 mũi tên cho vòng lặp này...
Generating level in painted area... (This will be slow)
Trying to generate arrow 1/8...
Trying to generate arrow 2/8...
Trying to generate arrow 3/8...
Trying to generate arrow 4/8...
Trying to generate arrow 5/8...
Trying to generate arrow 6/8...
Trying to generate arrow 7/8...
Trying to generate arrow 8/8...
Successfully generated 8 arrows!
Kết quả vòng lặp: Successfully generated 8 arrows!
Tiếp tục lặp lại ở độ dài tối thiểu (5)...

========================================
--- BẮT ĐẦU VÒNG LẶP (Length = 5) ---
Ô đã chiếm: 354 / Ô còn trống: 21
Đề xuất tạo 4 mũi tên cho vòng lặp này...
Generating level in painted area... (This will be slow)
Trying to generate arrow 1/4...
Could not find valid arrow 1. Stopping.
Kết quả vòng lặp: Generation complete, but 0 valid arrows found. Try again.
Không thể tạo thêm mũi tên ở độ dài này.
Đã đạt độ dài tối thiểu và không thể tạo thêm. Dừng.

========================================
--- ĐÃ HOÀN TẤT TẤT CẢ CÁC VÒNG LẶP ---
Tổng cộng đã tạo: 31 mũi tên.
Đã lấp đầy 354 / 375 ô (94.4%)
--- Đang lưu kết quả ra: level_set/level_set_3/2_result_test/23.json ---
Đã lưu thành công level 15x25 với 31 mũi tên.
--- Bản đồ kết quả (ASCII) ---
                 
 ############### 
 ####.####v####> 
 ####^######.##^ 
 #>#######>##### 
 ##v###.######## 
 ######<######## 
 ##.###<######## 
 ###########.### 
 ##########>#### 
 #.######>.##### 
 #####.####v<### 
 .######.v#<#### 
 #>########..### 
 ######.vv###### 
 #>####>#####.## 
 ######.#####^## 
 ###########v### 
 ############>## 
 ####>####.##.## 
 ##############. 
 ############.#> 
 <###.#######>## 
 #>############# 
 ############### 
 ##>v#v.######## 
                 
--- Đang render: 23 (15x25) ---
✅ Đã lưu hình ảnh vào: level_set/level_set_3/3_render/23.png
args: Args(level_set_path=PosixPath('level_set/level_set_3'), start_length=25, length_step=5, min_length=5, size=(15, 15), turn_probability=0.5, straight_weight=0.75, left_weight=0.25, right_weight=0.5, max_turns=6, generate_mode='basic', csv_path=PosixPath('level_set/level_set_3/[Data] levels - test dataframe.csv'), csv=    level_name    template_name  ...  difficulty  style
0           21     pentagon.png  ...      Normal    NaN
1           22         star.png  ...      Normal     AZ
2           23       square.png  ...        Hard    NaN
3           24     pentagon.png  ...      Normal    NaN
4           25  AIR BALLOON.png  ...      Normal    NaN
5           26       square.png  ...      Normal     AZ
6           27       circle.png  ...      Normal     AZ
7           28      hexagon.png  ...      Normal    NaN
8           29       square.png  ...        Hard     AZ
9           30         BODY.png  ...      Normal    NaN
10          31       circle.png  ...      Normal    NaN
11          32     pentagon.png  ...      Normal     AZ
12          33       square.png  ...        Hard    NaN
13          34         star.png  ...      Normal    NaN
14          35        CHESS.png  ...      Normal    NaN
15          36      hexagon.png  ...      Normal     AZ
16          37       square.png  ...      Normal     AZ
17          38       circle.png  ...      Normal    NaN
18          39       square.png  ...        Hard     AZ
19          40   CRUSTACEAN.png  ...      Normal    NaN
20          41     pentagon.png  ...      Normal    NaN
21          42         star.png  ...      Normal     AZ
22          43       square.png  ...        Hard    NaN
23          44     pentagon.png  ...      Normal    NaN
24          45  FLAT SHAPES.png  ...      Normal    NaN
25          46         star.png  ...      Normal     AZ
26          47       circle.png  ...      Normal     AZ
27          48      hexagon.png  ...      Normal    NaN
28          49       square.png  ...        Hard     AZ
29          50        HOUSE.png  ...      Normal    NaN
30          51       circle.png  ...      Normal    NaN
31          52     pentagon.png  ...      Normal     AZ
32          53       square.png  ...        Hard    NaN
33          54       square.png  ...      Normal    NaN
34          55        PLANE.png  ...      Normal    NaN
35          56      hexagon.png  ...      Normal     AZ
36          57       square.png  ...      Normal     AZ
37          58       circle.png  ...      Normal    NaN
38          59       square.png  ...        Hard     AZ
39          60       SPIDER.png  ...      Normal    NaN

[40 rows x 10 columns], item_path='level_set/level_set_3/1_0_original_icons/pentagon.png', item_name='pentagon.png', alter_item_name='24')
Đang xử lý: 'level_set/level_set_3/1_0_original_icons/pentagon.png' (Kích thước gốc: (250, 250))
==> Đã lưu vào: 'level_set/level_set_3/1_1_icons/pentagon.png' (Kích thước mới: (15, 15))
Đã tải ảnh 'level_set/level_set_3/1_1_icons/pentagon.png' (Kích thước: 15x15)
Sử dụng ngưỡng Alpha: 128
Hoàn thành! Đã lưu board vào 'level_set/level_set_3/1_board_test/24'.
--- Đang tải board từ: level_set/level_set_3/1_board_test/24 ---
Đã tải thành công 150 ô 'editable'.
Tổng số ô có thể vẽ: 150

========================================
--- BẮT ĐẦU VÒNG LẶP (Length = 25) ---
Ô đã chiếm: 0 / Ô còn trống: 150
Đề xuất tạo 6 mũi tên cho vòng lặp này...
Generating level in painted area... (This will be slow)
Trying to generate arrow 1/6...
Trying to generate arrow 2/6...
Trying to generate arrow 3/6...
Trying to generate arrow 4/6...
Trying to generate arrow 5/6...
Trying to generate arrow 6/6...
Successfully generated 6 arrows!
Kết quả vòng lặp: Successfully generated 6 arrows!
Giảm độ dài từ 25...
Độ dài vòng tiếp theo: 20

========================================
--- BẮT ĐẦU VÒNG LẶP (Length = 20) ---
Ô đã chiếm: 100 / Ô còn trống: 50
Đề xuất tạo 2 mũi tên cho vòng lặp này...
Generating level in painted area... (This will be slow)
Trying to generate arrow 1/2...
Trying to generate arrow 2/2...
Successfully generated 2 arrows!
Kết quả vòng lặp: Successfully generated 2 arrows!
Giảm độ dài từ 20...
Độ dài vòng tiếp theo: 15

========================================
--- BẮT ĐẦU VÒNG LẶP (Length = 15) ---
Ô đã chiếm: 123 / Ô còn trống: 27
Đề xuất tạo 2 mũi tên cho vòng lặp này...
Generating level in painted area... (This will be slow)
Trying to generate arrow 1/2...
Could not find valid arrow 1. Stopping.
Kết quả vòng lặp: Generation complete, but 0 valid arrows found. Try again.
Không thể tạo thêm mũi tên ở độ dài này.
Giảm độ dài từ 15...
Độ dài vòng tiếp theo: 10

========================================
--- BẮT ĐẦU VÒNG LẶP (Length = 10) ---
Ô đã chiếm: 123 / Ô còn trống: 27
Đề xuất tạo 3 mũi tên cho vòng lặp này...
Generating level in painted area... (This will be slow)
Trying to generate arrow 1/3...
Trying to generate arrow 2/3...
Trying to generate arrow 3/3...
Could not find valid arrow 3. Stopping.
Successfully generated 2 arrows!
Kết quả vòng lặp: Successfully generated 2 arrows!
Giảm độ dài từ 10...
Độ dài vòng tiếp theo: 5

========================================
--- BẮT ĐẦU VÒNG LẶP (Length = 5) ---
Ô đã chiếm: 133 / Ô còn trống: 17
Đề xuất tạo 3 mũi tên cho vòng lặp này...
Generating level in painted area... (This will be slow)
Trying to generate arrow 1/3...
Trying to generate arrow 2/3...
Trying to generate arrow 3/3...
Successfully generated 3 arrows!
Kết quả vòng lặp: Successfully generated 3 arrows!
Tiếp tục lặp lại ở độ dài tối thiểu (5)...

========================================
--- BẮT ĐẦU VÒNG LẶP (Length = 5) ---
Ô đã chiếm: 141 / Ô còn trống: 9
Đề xuất tạo 2 mũi tên cho vòng lặp này...
Generating level in painted area... (This will be slow)
Trying to generate arrow 1/2...
Could not find valid arrow 1. Stopping.
Kết quả vòng lặp: Generation complete, but 0 valid arrows found. Try again.
Không thể tạo thêm mũi tên ở độ dài này.
Đã đạt độ dài tối thiểu và không thể tạo thêm. Dừng.

========================================
--- ĐÃ HOÀN TẤT TẤT CẢ CÁC VÒNG LẶP ---
Tổng cộng đã tạo: 13 mũi tên.
Đã lấp đầy 141 / 150 ô (94.0%)
--- Đang lưu kết quả ra: level_set/level_set_3/2_result_test/24.json ---
Đã lưu thành công level 15x14 với 13 mũi tên.
--- Bản đồ kết quả (ASCII) ---
                 
       .##       
      ####.      
     .######     
   #>####.^##.   
  ##<#<#######>  
 ###^###^####>## 
 ############### 
  ############.  
  <#######^###^  
  .####<#######  
   ###########   
   ##.####>###   
   ###########   
    .########    
                 
--- Đang render: 24 (15x14) ---
✅ Đã lưu hình ảnh vào: level_set/level_set_3/3_render/24.png
args: Args(level_set_path=PosixPath('level_set/level_set_3'), start_length=25, length_step=5, min_length=5, size=(20, 20), turn_probability=0.5, straight_weight=0.75, left_weight=0.25, right_weight=0.5, max_turns=6, generate_mode='basic', csv_path=PosixPath('level_set/level_set_3/[Data] levels - test dataframe.csv'), csv=    level_name    template_name  ...  difficulty  style
0           21     pentagon.png  ...      Normal    NaN
1           22         star.png  ...      Normal     AZ
2           23       square.png  ...        Hard    NaN
3           24     pentagon.png  ...      Normal    NaN
4           25  AIR BALLOON.png  ...      Normal    NaN
5           26       square.png  ...      Normal     AZ
6           27       circle.png  ...      Normal     AZ
7           28      hexagon.png  ...      Normal    NaN
8           29       square.png  ...        Hard     AZ
9           30         BODY.png  ...      Normal    NaN
10          31       circle.png  ...      Normal    NaN
11          32     pentagon.png  ...      Normal     AZ
12          33       square.png  ...        Hard    NaN
13          34         star.png  ...      Normal    NaN
14          35        CHESS.png  ...      Normal    NaN
15          36      hexagon.png  ...      Normal     AZ
16          37       square.png  ...      Normal     AZ
17          38       circle.png  ...      Normal    NaN
18          39       square.png  ...        Hard     AZ
19          40   CRUSTACEAN.png  ...      Normal    NaN
20          41     pentagon.png  ...      Normal    NaN
21          42         star.png  ...      Normal     AZ
22          43       square.png  ...        Hard    NaN
23          44     pentagon.png  ...      Normal    NaN
24          45  FLAT SHAPES.png  ...      Normal    NaN
25          46         star.png  ...      Normal     AZ
26          47       circle.png  ...      Normal     AZ
27          48      hexagon.png  ...      Normal    NaN
28          49       square.png  ...        Hard     AZ
29          50        HOUSE.png  ...      Normal    NaN
30          51       circle.png  ...      Normal    NaN
31          52     pentagon.png  ...      Normal     AZ
32          53       square.png  ...        Hard    NaN
33          54       square.png  ...      Normal    NaN
34          55        PLANE.png  ...      Normal    NaN
35          56      hexagon.png  ...      Normal     AZ
36          57       square.png  ...      Normal     AZ
37          58       circle.png  ...      Normal    NaN
38          59       square.png  ...        Hard     AZ
39          60       SPIDER.png  ...      Normal    NaN

[40 rows x 10 columns], item_path='level_set/level_set_3/1_0_original_icons/AIR BALLOON.png', item_name='AIR BALLOON.png', alter_item_name='25')
Đang xử lý: 'level_set/level_set_3/1_0_original_icons/AIR BALLOON.png' (Kích thước gốc: (193, 256))
==> Đã lưu vào: 'level_set/level_set_3/1_1_icons/AIR BALLOON.png' (Kích thước mới: (20, 20))
Đã tải ảnh 'level_set/level_set_3/1_1_icons/AIR BALLOON.png' (Kích thước: 20x20)
Sử dụng ngưỡng Alpha: 128
Hoàn thành! Đã lưu board vào 'level_set/level_set_3/1_board_test/25'.
--- Đang tải board từ: level_set/level_set_3/1_board_test/25 ---
Đã tải thành công 224 ô 'editable'.
Tổng số ô có thể vẽ: 224

========================================
--- BẮT ĐẦU VÒNG LẶP (Length = 25) ---
Ô đã chiếm: 0 / Ô còn trống: 224
Đề xuất tạo 9 mũi tên cho vòng lặp này...
Generating level in painted area... (This will be slow)
Trying to generate arrow 1/9...
Trying to generate arrow 2/9...
Trying to generate arrow 3/9...
Trying to generate arrow 4/9...
Trying to generate arrow 5/9...
Trying to generate arrow 6/9...
Trying to generate arrow 7/9...
Trying to generate arrow 8/9...
Trying to generate arrow 9/9...
Successfully generated 9 arrows!
Kết quả vòng lặp: Successfully generated 9 arrows!
Giảm độ dài từ 25...
Độ dài vòng tiếp theo: 20

========================================
--- BẮT ĐẦU VÒNG LẶP (Length = 20) ---
Ô đã chiếm: 161 / Ô còn trống: 63
Đề xuất tạo 3 mũi tên cho vòng lặp này...
Generating level in painted area... (This will be slow)
Trying to generate arrow 1/3...
Trying to generate arrow 2/3...
Trying to generate arrow 3/3...
Successfully generated 3 arrows!
Kết quả vòng lặp: Successfully generated 3 arrows!
Giảm độ dài từ 20...
Độ dài vòng tiếp theo: 15

========================================
--- BẮT ĐẦU VÒNG LẶP (Length = 15) ---
Ô đã chiếm: 193 / Ô còn trống: 31
Đề xuất tạo 2 mũi tên cho vòng lặp này...
Generating level in painted area... (This will be slow)
Trying to generate arrow 1/2...
Could not find valid arrow 1. Stopping.
Kết quả vòng lặp: Generation complete, but 0 valid arrows found. Try again.
Không thể tạo thêm mũi tên ở độ dài này.
Giảm độ dài từ 15...
Độ dài vòng tiếp theo: 10

========================================
--- BẮT ĐẦU VÒNG LẶP (Length = 10) ---
Ô đã chiếm: 193 / Ô còn trống: 31
Đề xuất tạo 3 mũi tên cho vòng lặp này...
Generating level in painted area... (This will be slow)
Trying to generate arrow 1/3...
Trying to generate arrow 2/3...
Could not find valid arrow 2. Stopping.
Successfully generated 1 arrows!
Kết quả vòng lặp: Successfully generated 1 arrows!
Giảm độ dài từ 10...
Độ dài vòng tiếp theo: 5

========================================
--- BẮT ĐẦU VÒNG LẶP (Length = 5) ---
Ô đã chiếm: 198 / Ô còn trống: 26
Đề xuất tạo 5 mũi tên cho vòng lặp này...
Generating level in painted area... (This will be slow)
Trying to generate arrow 1/5...
Trying to generate arrow 2/5...
Trying to generate arrow 3/5...
Trying to generate arrow 4/5...
Trying to generate arrow 5/5...
Successfully generated 5 arrows!
Kết quả vòng lặp: Successfully generated 5 arrows!
Tiếp tục lặp lại ở độ dài tối thiểu (5)...

========================================
--- BẮT ĐẦU VÒNG LẶP (Length = 5) ---
Ô đã chiếm: 209 / Ô còn trống: 15
Đề xuất tạo 3 mũi tên cho vòng lặp này...
Generating level in painted area... (This will be slow)
Trying to generate arrow 1/3...
Could not find valid arrow 1. Stopping.
Kết quả vòng lặp: Generation complete, but 0 valid arrows found. Try again.
Không thể tạo thêm mũi tên ở độ dài này.
Đã đạt độ dài tối thiểu và không thể tạo thêm. Dừng.

========================================
--- ĐÃ HOÀN TẤT TẤT CẢ CÁC VÒNG LẶP ---
Tổng cộng đã tạo: 18 mũi tên.
Đã lấp đầy 209 / 224 ô (93.3%)
--- Đang lưu kết quả ra: level_set/level_set_3/2_result_test/25.json ---
Đã lưu thành công level 19x20 với 18 mũi tên.
--- Bản đồ kết quả (ASCII) ---
                     
        ####         
    ###.###v####     
   #############>.   
  .################  
 #####.############  
 ###.###.##>##^##### 
 ###########v####.## 
 ###>##.###v.v#####  
 ############>####v  
  v#####.<###.####   
   ###>##########.   
    .###########v    
     ###>#######     
      ##>######      
       #####>.       
       #             
            .        
        #  #>        
        ####         
        ####         
                     
--- Đang render: 25 (19x20) ---
✅ Đã lưu hình ảnh vào: level_set/level_set_3/3_render/25.png
args: Args(level_set_path=PosixPath('level_set/level_set_3'), start_length=20, length_step=5, min_length=5, size=(15, 15), turn_probability=0.5, straight_weight=0.75, left_weight=0.25, right_weight=0.5, max_turns=6, generate_mode='advance', csv_path=PosixPath('level_set/level_set_3/[Data] levels - test dataframe.csv'), csv=    level_name    template_name  ...  difficulty  style
0           21     pentagon.png  ...      Normal    NaN
1           22         star.png  ...      Normal     AZ
2           23       square.png  ...        Hard    NaN
3           24     pentagon.png  ...      Normal    NaN
4           25  AIR BALLOON.png  ...      Normal    NaN
5           26       square.png  ...      Normal     AZ
6           27       circle.png  ...      Normal     AZ
7           28      hexagon.png  ...      Normal    NaN
8           29       square.png  ...        Hard     AZ
9           30         BODY.png  ...      Normal    NaN
10          31       circle.png  ...      Normal    NaN
11          32     pentagon.png  ...      Normal     AZ
12          33       square.png  ...        Hard    NaN
13          34         star.png  ...      Normal    NaN
14          35        CHESS.png  ...      Normal    NaN
15          36      hexagon.png  ...      Normal     AZ
16          37       square.png  ...      Normal     AZ
17          38       circle.png  ...      Normal    NaN
18          39       square.png  ...        Hard     AZ
19          40   CRUSTACEAN.png  ...      Normal    NaN
20          41     pentagon.png  ...      Normal    NaN
21          42         star.png  ...      Normal     AZ
22          43       square.png  ...        Hard    NaN
23          44     pentagon.png  ...      Normal    NaN
24          45  FLAT SHAPES.png  ...      Normal    NaN
25          46         star.png  ...      Normal     AZ
26          47       circle.png  ...      Normal     AZ
27          48      hexagon.png  ...      Normal    NaN
28          49       square.png  ...        Hard     AZ
29          50        HOUSE.png  ...      Normal    NaN
30          51       circle.png  ...      Normal    NaN
31          52     pentagon.png  ...      Normal     AZ
32          53       square.png  ...        Hard    NaN
33          54       square.png  ...      Normal    NaN
34          55        PLANE.png  ...      Normal    NaN
35          56      hexagon.png  ...      Normal     AZ
36          57       square.png  ...      Normal     AZ
37          58       circle.png  ...      Normal    NaN
38          59       square.png  ...        Hard     AZ
39          60       SPIDER.png  ...      Normal    NaN

[40 rows x 10 columns], item_path='level_set/level_set_3/1_0_original_icons/square.png', item_name='square.png', alter_item_name='26')
Đang xử lý: 'level_set/level_set_3/1_0_original_icons/square.png' (Kích thước gốc: (250, 250))
==> Đã lưu vào: 'level_set/level_set_3/1_1_icons/square.png' (Kích thước mới: (15, 15))
Đã tải ảnh 'level_set/level_set_3/1_1_icons/square.png' (Kích thước: 15x15)
Sử dụng ngưỡng Alpha: 128
Hoàn thành! Đã lưu board vào 'level_set/level_set_3/1_board_test/26'.
--- Đang tải board từ: level_set/level_set_3/1_board_test/26 ---
Đã tải thành công 225 ô 'editable'.
Tổng số ô có thể vẽ: 225

========================================
--- BẮT ĐẦU VÒNG LẶP (Length = 20) ---
Ô đã chiếm: 0 / Ô còn trống: 225
Đề xuất tạo 11 mũi tên cho vòng lặp này...
Generating ADVANCED level in painted area... (This will be slow)
Trying to generate (adv) arrow 1/11...
Trying to generate (adv) arrow 2/11...
Trying to generate (adv) arrow 3/11...
Trying to generate (adv) arrow 4/11...
Trying to generate (adv) arrow 5/11...
Trying to generate (adv) arrow 6/11...
Trying to generate (adv) arrow 7/11...
Trying to generate (adv) arrow 8/11...
Trying to generate (adv) arrow 9/11...
Trying to generate (adv) arrow 10/11...
Trying to generate (adv) arrow 11/11...
Successfully generated 11 arrows!
Kết quả vòng lặp: Successfully generated 11 arrows!
Giảm độ dài từ 20...
Độ dài vòng tiếp theo: 15

========================================
--- BẮT ĐẦU VÒNG LẶP (Length = 15) ---
Ô đã chiếm: 160 / Ô còn trống: 65
Đề xuất tạo 4 mũi tên cho vòng lặp này...
Generating ADVANCED level in painted area... (This will be slow)
Trying to generate (adv) arrow 1/4...
Trying to generate (adv) arrow 2/4...
Trying to generate (adv) arrow 3/4...
Trying to generate (adv) arrow 4/4...
Successfully generated 4 arrows!
Kết quả vòng lặp: Successfully generated 4 arrows!
Giảm độ dài từ 15...
Độ dài vòng tiếp theo: 10

========================================
--- BẮT ĐẦU VÒNG LẶP (Length = 10) ---
Ô đã chiếm: 195 / Ô còn trống: 30
Đề xuất tạo 3 mũi tên cho vòng lặp này...
Generating ADVANCED level in painted area... (This will be slow)
Trying to generate (adv) arrow 1/3...
Trying to generate (adv) arrow 2/3...
Trying to generate (adv) arrow 3/3...
Could not find valid arrow 3. Stopping.
Successfully generated 2 arrows!
Kết quả vòng lặp: Successfully generated 2 arrows!
Giảm độ dài từ 10...
Độ dài vòng tiếp theo: 5

========================================
--- BẮT ĐẦU VÒNG LẶP (Length = 5) ---
Ô đã chiếm: 205 / Ô còn trống: 20
Đề xuất tạo 4 mũi tên cho vòng lặp này...
Generating ADVANCED level in painted area... (This will be slow)
Trying to generate (adv) arrow 1/4...
Trying to generate (adv) arrow 2/4...
Trying to generate (adv) arrow 3/4...
Trying to generate (adv) arrow 4/4...
Successfully generated 4 arrows!
Kết quả vòng lặp: Successfully generated 4 arrows!
Tiếp tục lặp lại ở độ dài tối thiểu (5)...

========================================
--- BẮT ĐẦU VÒNG LẶP (Length = 5) ---
Ô đã chiếm: 213 / Ô còn trống: 12
Đề xuất tạo 2 mũi tên cho vòng lặp này...
Generating ADVANCED level in painted area... (This will be slow)
Trying to generate (adv) arrow 1/2...
Trying to generate (adv) arrow 2/2...
Successfully generated 2 arrows!
Kết quả vòng lặp: Successfully generated 2 arrows!
Tiếp tục lặp lại ở độ dài tối thiểu (5)...

========================================
--- BẮT ĐẦU VÒNG LẶP (Length = 5) ---
Ô đã chiếm: 217 / Ô còn trống: 8
Đề xuất tạo 2 mũi tên cho vòng lặp này...
Generating ADVANCED level in painted area... (This will be slow)
Trying to generate (adv) arrow 1/2...
Trying to generate (adv) arrow 2/2...
Could not find valid arrow 2. Stopping.
Successfully generated 1 arrows!
Kết quả vòng lặp: Successfully generated 1 arrows!
Tiếp tục lặp lại ở độ dài tối thiểu (5)...

========================================
--- BẮT ĐẦU VÒNG LẶP (Length = 5) ---
Ô đã chiếm: 219 / Ô còn trống: 6
Đề xuất tạo 1 mũi tên cho vòng lặp này...
Generating ADVANCED level in painted area... (This will be slow)
Trying to generate (adv) arrow 1/1...
Could not find valid arrow 1. Stopping.
Kết quả vòng lặp: Generation complete, but 0 valid arrows found. Try again.
Không thể tạo thêm mũi tên ở độ dài này.
Đã đạt độ dài tối thiểu và không thể tạo thêm. Dừng.

========================================
--- ĐÃ HOÀN TẤT TẤT CẢ CÁC VÒNG LẶP ---
Tổng cộng đã tạo: 24 mũi tên.
Đã lấp đầy 219 / 225 ô (97.3%)
--- Đang lưu kết quả ra: level_set/level_set_3/2_result_test/26.json ---
Đã lưu thành công level 15x15 với 24 mũi tên.
--- Bản đồ kết quả (ASCII) ---
                 
 ###<#<######### 
 ##^#########>## 
 #v####>######## 
 #.######^##.### 
 v<###<######### 
 ##########^#### 
 ######.##^####> 
 ###.######<#### 
 ######>#v###### 
 ##>#######v#### 
 #############<# 
 #######>####### 
 #######.#####># 
 ############### 
 ##########>v#>. 
                 
--- Đang render: 26 (15x15) ---
✅ Đã lưu hình ảnh vào: level_set/level_set_3/3_render/26.png
args: Args(level_set_path=PosixPath('level_set/level_set_3'), start_length=30, length_step=5, min_length=5, size=(20, 20), turn_probability=0.5, straight_weight=0.75, left_weight=0.25, right_weight=0.5, max_turns=6, generate_mode='advance', csv_path=PosixPath('level_set/level_set_3/[Data] levels - test dataframe.csv'), csv=    level_name    template_name  ...  difficulty  style
0           21     pentagon.png  ...      Normal    NaN
1           22         star.png  ...      Normal     AZ
2           23       square.png  ...        Hard    NaN
3           24     pentagon.png  ...      Normal    NaN
4           25  AIR BALLOON.png  ...      Normal    NaN
5           26       square.png  ...      Normal     AZ
6           27       circle.png  ...      Normal     AZ
7           28      hexagon.png  ...      Normal    NaN
8           29       square.png  ...        Hard     AZ
9           30         BODY.png  ...      Normal    NaN
10          31       circle.png  ...      Normal    NaN
11          32     pentagon.png  ...      Normal     AZ
12          33       square.png  ...        Hard    NaN
13          34         star.png  ...      Normal    NaN
14          35        CHESS.png  ...      Normal    NaN
15          36      hexagon.png  ...      Normal     AZ
16          37       square.png  ...      Normal     AZ
17          38       circle.png  ...      Normal    NaN
18          39       square.png  ...        Hard     AZ
19          40   CRUSTACEAN.png  ...      Normal    NaN
20          41     pentagon.png  ...      Normal    NaN
21          42         star.png  ...      Normal     AZ
22          43       square.png  ...        Hard    NaN
23          44     pentagon.png  ...      Normal    NaN
24          45  FLAT SHAPES.png  ...      Normal    NaN
25          46         star.png  ...      Normal     AZ
26          47       circle.png  ...      Normal     AZ
27          48      hexagon.png  ...      Normal    NaN
28          49       square.png  ...        Hard     AZ
29          50        HOUSE.png  ...      Normal    NaN
30          51       circle.png  ...      Normal    NaN
31          52     pentagon.png  ...      Normal     AZ
32          53       square.png  ...        Hard    NaN
33          54       square.png  ...      Normal    NaN
34          55        PLANE.png  ...      Normal    NaN
35          56      hexagon.png  ...      Normal     AZ
36          57       square.png  ...      Normal     AZ
37          58       circle.png  ...      Normal    NaN
38          59       square.png  ...        Hard     AZ
39          60       SPIDER.png  ...      Normal    NaN

[40 rows x 10 columns], item_path='level_set/level_set_3/1_0_original_icons/circle.png', item_name='circle.png', alter_item_name='27')
Đang xử lý: 'level_set/level_set_3/1_0_original_icons/circle.png' (Kích thước gốc: (250, 250))
==> Đã lưu vào: 'level_set/level_set_3/1_1_icons/circle.png' (Kích thước mới: (20, 20))
Đã tải ảnh 'level_set/level_set_3/1_1_icons/circle.png' (Kích thước: 20x20)
Sử dụng ngưỡng Alpha: 128
Hoàn thành! Đã lưu board vào 'level_set/level_set_3/1_board_test/27'.
--- Đang tải board từ: level_set/level_set_3/1_board_test/27 ---
Đã tải thành công 316 ô 'editable'.
Tổng số ô có thể vẽ: 316

========================================
--- BẮT ĐẦU VÒNG LẶP (Length = 30) ---
Ô đã chiếm: 0 / Ô còn trống: 316
Đề xuất tạo 11 mũi tên cho vòng lặp này...
Generating ADVANCED level in painted area... (This will be slow)
Trying to generate (adv) arrow 1/11...
Trying to generate (adv) arrow 2/11...
Trying to generate (adv) arrow 3/11...
Trying to generate (adv) arrow 4/11...
Trying to generate (adv) arrow 5/11...
Trying to generate (adv) arrow 6/11...
Trying to generate (adv) arrow 7/11...
Trying to generate (adv) arrow 8/11...
Trying to generate (adv) arrow 9/11...
Trying to generate (adv) arrow 10/11...
Trying to generate (adv) arrow 11/11...
Successfully generated 11 arrows!
Kết quả vòng lặp: Successfully generated 11 arrows!
Giảm độ dài từ 30...
Độ dài vòng tiếp theo: 25

========================================
--- BẮT ĐẦU VÒNG LẶP (Length = 25) ---
Ô đã chiếm: 202 / Ô còn trống: 114
Đề xuất tạo 5 mũi tên cho vòng lặp này...
Generating ADVANCED level in painted area... (This will be slow)
Trying to generate (adv) arrow 1/5...
Trying to generate (adv) arrow 2/5...
Could not find valid arrow 2. Stopping.
Successfully generated 1 arrows!
Kết quả vòng lặp: Successfully generated 1 arrows!
Giảm độ dài từ 25...
Độ dài vòng tiếp theo: 20

========================================
--- BẮT ĐẦU VÒNG LẶP (Length = 20) ---
Ô đã chiếm: 214 / Ô còn trống: 102
Đề xuất tạo 5 mũi tên cho vòng lặp này...
Generating ADVANCED level in painted area... (This will be slow)
Trying to generate (adv) arrow 1/5...
Trying to generate (adv) arrow 2/5...
Trying to generate (adv) arrow 3/5...
Trying to generate (adv) arrow 4/5...
Trying to generate (adv) arrow 5/5...
Could not find valid arrow 5. Stopping.
Successfully generated 4 arrows!
Kết quả vòng lặp: Successfully generated 4 arrows!
Giảm độ dài từ 20...
Độ dài vòng tiếp theo: 15

========================================
--- BẮT ĐẦU VÒNG LẶP (Length = 15) ---
Ô đã chiếm: 255 / Ô còn trống: 61
Đề xuất tạo 4 mũi tên cho vòng lặp này...
Generating ADVANCED level in painted area... (This will be slow)
Trying to generate (adv) arrow 1/4...
Trying to generate (adv) arrow 2/4...
Trying to generate (adv) arrow 3/4...
Trying to generate (adv) arrow 4/4...
Successfully generated 4 arrows!
Kết quả vòng lặp: Successfully generated 4 arrows!
Giảm độ dài từ 15...
Độ dài vòng tiếp theo: 10

========================================
--- BẮT ĐẦU VÒNG LẶP (Length = 10) ---
Ô đã chiếm: 286 / Ô còn trống: 30
Đề xuất tạo 3 mũi tên cho vòng lặp này...
Generating ADVANCED level in painted area... (This will be slow)
Trying to generate (adv) arrow 1/3...
Trying to generate (adv) arrow 2/3...
Trying to generate (adv) arrow 3/3...
Could not find valid arrow 3. Stopping.
Successfully generated 2 arrows!
Kết quả vòng lặp: Successfully generated 2 arrows!
Giảm độ dài từ 10...
Độ dài vòng tiếp theo: 5

========================================
--- BẮT ĐẦU VÒNG LẶP (Length = 5) ---
Ô đã chiếm: 296 / Ô còn trống: 20
Đề xuất tạo 4 mũi tên cho vòng lặp này...
Generating ADVANCED level in painted area... (This will be slow)
Trying to generate (adv) arrow 1/4...
Trying to generate (adv) arrow 2/4...
Trying to generate (adv) arrow 3/4...
Trying to generate (adv) arrow 4/4...
Successfully generated 4 arrows!
Kết quả vòng lặp: Successfully generated 4 arrows!
Tiếp tục lặp lại ở độ dài tối thiểu (5)...

========================================
--- BẮT ĐẦU VÒNG LẶP (Length = 5) ---
Ô đã chiếm: 307 / Ô còn trống: 9
Đề xuất tạo 2 mũi tên cho vòng lặp này...
Generating ADVANCED level in painted area... (This will be slow)
Trying to generate (adv) arrow 1/2...
Could not find valid arrow 1. Stopping.
Kết quả vòng lặp: Generation complete, but 0 valid arrows found. Try again.
Không thể tạo thêm mũi tên ở độ dài này.
Đã đạt độ dài tối thiểu và không thể tạo thêm. Dừng.

========================================
--- ĐÃ HOÀN TẤT TẤT CẢ CÁC VÒNG LẶP ---
Tổng cộng đã tạo: 26 mũi tên.
Đã lấp đầy 307 / 316 ô (97.2%)
--- Đang lưu kết quả ra: level_set/level_set_3/2_result_test/27.json ---
Đã lưu thành công level 20x20 với 26 mũi tên.
--- Bản đồ kết quả (ASCII) ---
                      
        ######        
      ##########      
    #^#<####<#####    
   ^###############   
   ################   
  ############.<###.  
  ###############>#>  
 ######>###v######### 
 ###>.#>############v 
 #################### 
 v######^#v.######### 
 #################### 
 #######^#####.###### 
  ##>.#v############  
  #####.##v########v  
   ################   
   ######v##v#####.   
    #####.########    
      v#########      
        ##<#vv        
                      
--- Đang render: 27 (20x20) ---
✅ Đã lưu hình ảnh vào: level_set/level_set_3/3_render/27.png
args: Args(level_set_path=PosixPath('level_set/level_set_3'), start_length=20, length_step=5, min_length=5, size=(20, 20), turn_probability=0.5, straight_weight=0.75, left_weight=0.25, right_weight=0.5, max_turns=6, generate_mode='basic', csv_path=PosixPath('level_set/level_set_3/[Data] levels - test dataframe.csv'), csv=    level_name    template_name  ...  difficulty  style
0           21     pentagon.png  ...      Normal    NaN
1           22         star.png  ...      Normal     AZ
2           23       square.png  ...        Hard    NaN
3           24     pentagon.png  ...      Normal    NaN
4           25  AIR BALLOON.png  ...      Normal    NaN
5           26       square.png  ...      Normal     AZ
6           27       circle.png  ...      Normal     AZ
7           28      hexagon.png  ...      Normal    NaN
8           29       square.png  ...        Hard     AZ
9           30         BODY.png  ...      Normal    NaN
10          31       circle.png  ...      Normal    NaN
11          32     pentagon.png  ...      Normal     AZ
12          33       square.png  ...        Hard    NaN
13          34         star.png  ...      Normal    NaN
14          35        CHESS.png  ...      Normal    NaN
15          36      hexagon.png  ...      Normal     AZ
16          37       square.png  ...      Normal     AZ
17          38       circle.png  ...      Normal    NaN
18          39       square.png  ...        Hard     AZ
19          40   CRUSTACEAN.png  ...      Normal    NaN
20          41     pentagon.png  ...      Normal    NaN
21          42         star.png  ...      Normal     AZ
22          43       square.png  ...        Hard    NaN
23          44     pentagon.png  ...      Normal    NaN
24          45  FLAT SHAPES.png  ...      Normal    NaN
25          46         star.png  ...      Normal     AZ
26          47       circle.png  ...      Normal     AZ
27          48      hexagon.png  ...      Normal    NaN
28          49       square.png  ...        Hard     AZ
29          50        HOUSE.png  ...      Normal    NaN
30          51       circle.png  ...      Normal    NaN
31          52     pentagon.png  ...      Normal     AZ
32          53       square.png  ...        Hard    NaN
33          54       square.png  ...      Normal    NaN
34          55        PLANE.png  ...      Normal    NaN
35          56      hexagon.png  ...      Normal     AZ
36          57       square.png  ...      Normal     AZ
37          58       circle.png  ...      Normal    NaN
38          59       square.png  ...        Hard     AZ
39          60       SPIDER.png  ...      Normal    NaN

[40 rows x 10 columns], item_path='level_set/level_set_3/1_0_original_icons/hexagon.png', item_name='hexagon.png', alter_item_name='28')
Đang xử lý: 'level_set/level_set_3/1_0_original_icons/hexagon.png' (Kích thước gốc: (250, 250))
==> Đã lưu vào: 'level_set/level_set_3/1_1_icons/hexagon.png' (Kích thước mới: (20, 20))
Đã tải ảnh 'level_set/level_set_3/1_1_icons/hexagon.png' (Kích thước: 20x20)
Sử dụng ngưỡng Alpha: 128
Hoàn thành! Đã lưu board vào 'level_set/level_set_3/1_board_test/28'.
--- Đang tải board từ: level_set/level_set_3/1_board_test/28 ---
Đã tải thành công 268 ô 'editable'.
Tổng số ô có thể vẽ: 268

========================================
--- BẮT ĐẦU VÒNG LẶP (Length = 20) ---
Ô đã chiếm: 0 / Ô còn trống: 268
Đề xuất tạo 13 mũi tên cho vòng lặp này...
Generating level in painted area... (This will be slow)
Trying to generate arrow 1/13...
Trying to generate arrow 2/13...
Trying to generate arrow 3/13...
Trying to generate arrow 4/13...
Trying to generate arrow 5/13...
Trying to generate arrow 6/13...
Trying to generate arrow 7/13...
Trying to generate arrow 8/13...
Trying to generate arrow 9/13...
Trying to generate arrow 10/13...
Trying to generate arrow 11/13...
Trying to generate arrow 12/13...
Trying to generate arrow 13/13...
Successfully generated 13 arrows!
Kết quả vòng lặp: Successfully generated 13 arrows!
Giảm độ dài từ 20...
Độ dài vòng tiếp theo: 15

========================================
--- BẮT ĐẦU VÒNG LẶP (Length = 15) ---
Ô đã chiếm: 201 / Ô còn trống: 67
Đề xuất tạo 4 mũi tên cho vòng lặp này...
Generating level in painted area... (This will be slow)
Trying to generate arrow 1/4...
Trying to generate arrow 2/4...
Trying to generate arrow 3/4...
Trying to generate arrow 4/4...
Successfully generated 4 arrows!
Kết quả vòng lặp: Successfully generated 4 arrows!
Giảm độ dài từ 15...
Độ dài vòng tiếp theo: 10

========================================
--- BẮT ĐẦU VÒNG LẶP (Length = 10) ---
Ô đã chiếm: 232 / Ô còn trống: 36
Đề xuất tạo 4 mũi tên cho vòng lặp này...
Generating level in painted area... (This will be slow)
Trying to generate arrow 1/4...
Trying to generate arrow 2/4...
Could not find valid arrow 2. Stopping.
Successfully generated 1 arrows!
Kết quả vòng lặp: Successfully generated 1 arrows!
Giảm độ dài từ 10...
Độ dài vòng tiếp theo: 5

========================================
--- BẮT ĐẦU VÒNG LẶP (Length = 5) ---
Ô đã chiếm: 237 / Ô còn trống: 31
Đề xuất tạo 6 mũi tên cho vòng lặp này...
Generating level in painted area... (This will be slow)
Trying to generate arrow 1/6...
Trying to generate arrow 2/6...
Trying to generate arrow 3/6...
Trying to generate arrow 4/6...
Trying to generate arrow 5/6...
Trying to generate arrow 6/6...
Successfully generated 6 arrows!
Kết quả vòng lặp: Successfully generated 6 arrows!
Tiếp tục lặp lại ở độ dài tối thiểu (5)...

========================================
--- BẮT ĐẦU VÒNG LẶP (Length = 5) ---
Ô đã chiếm: 250 / Ô còn trống: 18
Đề xuất tạo 4 mũi tên cho vòng lặp này...
Generating level in painted area... (This will be slow)
Trying to generate arrow 1/4...
Trying to generate arrow 2/4...
Trying to generate arrow 3/4...
Trying to generate arrow 4/4...
Could not find valid arrow 4. Stopping.
Successfully generated 3 arrows!
Kết quả vòng lặp: Successfully generated 3 arrows!
Tiếp tục lặp lại ở độ dài tối thiểu (5)...

========================================
--- BẮT ĐẦU VÒNG LẶP (Length = 5) ---
Ô đã chiếm: 258 / Ô còn trống: 10
Đề xuất tạo 2 mũi tên cho vòng lặp này...
Generating level in painted area... (This will be slow)
Trying to generate arrow 1/2...
Could not find valid arrow 1. Stopping.
Kết quả vòng lặp: Generation complete, but 0 valid arrows found. Try again.
Không thể tạo thêm mũi tên ở độ dài này.
Đã đạt độ dài tối thiểu và không thể tạo thêm. Dừng.

========================================
--- ĐÃ HOÀN TẤT TẤT CẢ CÁC VÒNG LẶP ---
Tổng cộng đã tạo: 27 mũi tên.
Đã lấp đầy 258 / 268 ô (96.3%)
--- Đang lưu kết quả ra: level_set/level_set_3/2_result_test/28.json ---
Đã lưu thành công level 20x18 với 27 mũi tên.
--- Bản đồ kết quả (ASCII) ---
                      
      <#<######>      
     ############     
     ####.<######     
    ##^##>####>###    
    ####.#########    
   ############>#>#   
  ^v^##.#<#<########  
  #########<########  
 #################### 
 v########>###^#####v 
  ##############.<##  
  #<###############.  
   .######<########   
    ######<#######    
    ##<##########v    
     ##.#########     
     ##########>.     
      .#>######.      
                      
--- Đang render: 28 (20x18) ---
✅ Đã lưu hình ảnh vào: level_set/level_set_3/3_render/28.png
args: Args(level_set_path=PosixPath('level_set/level_set_3'), start_length=20, length_step=5, min_length=5, size=(15, 25), turn_probability=0.5, straight_weight=0.75, left_weight=0.25, right_weight=0.5, max_turns=6, generate_mode='advance', csv_path=PosixPath('level_set/level_set_3/[Data] levels - test dataframe.csv'), csv=    level_name    template_name  ...  difficulty  style
0           21     pentagon.png  ...      Normal    NaN
1           22         star.png  ...      Normal     AZ
2           23       square.png  ...        Hard    NaN
3           24     pentagon.png  ...      Normal    NaN
4           25  AIR BALLOON.png  ...      Normal    NaN
5           26       square.png  ...      Normal     AZ
6           27       circle.png  ...      Normal     AZ
7           28      hexagon.png  ...      Normal    NaN
8           29       square.png  ...        Hard     AZ
9           30         BODY.png  ...      Normal    NaN
10          31       circle.png  ...      Normal    NaN
11          32     pentagon.png  ...      Normal     AZ
12          33       square.png  ...        Hard    NaN
13          34         star.png  ...      Normal    NaN
14          35        CHESS.png  ...      Normal    NaN
15          36      hexagon.png  ...      Normal     AZ
16          37       square.png  ...      Normal     AZ
17          38       circle.png  ...      Normal    NaN
18          39       square.png  ...        Hard     AZ
19          40   CRUSTACEAN.png  ...      Normal    NaN
20          41     pentagon.png  ...      Normal    NaN
21          42         star.png  ...      Normal     AZ
22          43       square.png  ...        Hard    NaN
23          44     pentagon.png  ...      Normal    NaN
24          45  FLAT SHAPES.png  ...      Normal    NaN
25          46         star.png  ...      Normal     AZ
26          47       circle.png  ...      Normal     AZ
27          48      hexagon.png  ...      Normal    NaN
28          49       square.png  ...        Hard     AZ
29          50        HOUSE.png  ...      Normal    NaN
30          51       circle.png  ...      Normal    NaN
31          52     pentagon.png  ...      Normal     AZ
32          53       square.png  ...        Hard    NaN
33          54       square.png  ...      Normal    NaN
34          55        PLANE.png  ...      Normal    NaN
35          56      hexagon.png  ...      Normal     AZ
36          57       square.png  ...      Normal     AZ
37          58       circle.png  ...      Normal    NaN
38          59       square.png  ...        Hard     AZ
39          60       SPIDER.png  ...      Normal    NaN

[40 rows x 10 columns], item_path='level_set/level_set_3/1_0_original_icons/square.png', item_name='square.png', alter_item_name='29')
Đang xử lý: 'level_set/level_set_3/1_0_original_icons/square.png' (Kích thước gốc: (250, 250))
==> Đã lưu vào: 'level_set/level_set_3/1_1_icons/square.png' (Kích thước mới: (15, 25))
Đã tải ảnh 'level_set/level_set_3/1_1_icons/square.png' (Kích thước: 15x25)
Sử dụng ngưỡng Alpha: 128
Hoàn thành! Đã lưu board vào 'level_set/level_set_3/1_board_test/29'.
--- Đang tải board từ: level_set/level_set_3/1_board_test/29 ---
Đã tải thành công 375 ô 'editable'.
Tổng số ô có thể vẽ: 375

========================================
--- BẮT ĐẦU VÒNG LẶP (Length = 20) ---
Ô đã chiếm: 0 / Ô còn trống: 375
Đề xuất tạo 19 mũi tên cho vòng lặp này...
Generating ADVANCED level in painted area... (This will be slow)
Trying to generate (adv) arrow 1/19...
Trying to generate (adv) arrow 2/19...
Trying to generate (adv) arrow 3/19...
Trying to generate (adv) arrow 4/19...
Trying to generate (adv) arrow 5/19...
Trying to generate (adv) arrow 6/19...
Trying to generate (adv) arrow 7/19...
Trying to generate (adv) arrow 8/19...
Trying to generate (adv) arrow 9/19...
Trying to generate (adv) arrow 10/19...
Trying to generate (adv) arrow 11/19...
Trying to generate (adv) arrow 12/19...
Trying to generate (adv) arrow 13/19...
Trying to generate (adv) arrow 14/19...
Trying to generate (adv) arrow 15/19...
Trying to generate (adv) arrow 16/19...
Trying to generate (adv) arrow 17/19...
Trying to generate (adv) arrow 18/19...
Trying to generate (adv) arrow 19/19...
Successfully generated 19 arrows!
Kết quả vòng lặp: Successfully generated 19 arrows!
Giảm độ dài từ 20...
Độ dài vòng tiếp theo: 15

========================================
--- BẮT ĐẦU VÒNG LẶP (Length = 15) ---
Ô đã chiếm: 280 / Ô còn trống: 95
Đề xuất tạo 6 mũi tên cho vòng lặp này...
Generating ADVANCED level in painted area... (This will be slow)
Trying to generate (adv) arrow 1/6...
Trying to generate (adv) arrow 2/6...
Trying to generate (adv) arrow 3/6...
Trying to generate (adv) arrow 4/6...
Trying to generate (adv) arrow 5/6...
Could not find valid arrow 5. Stopping.
Successfully generated 4 arrows!
Kết quả vòng lặp: Successfully generated 4 arrows!
Giảm độ dài từ 15...
Độ dài vòng tiếp theo: 10

========================================
--- BẮT ĐẦU VÒNG LẶP (Length = 10) ---
Ô đã chiếm: 312 / Ô còn trống: 63
Đề xuất tạo 6 mũi tên cho vòng lặp này...
Generating ADVANCED level in painted area... (This will be slow)
Trying to generate (adv) arrow 1/6...
Trying to generate (adv) arrow 2/6...
Trying to generate (adv) arrow 3/6...
Trying to generate (adv) arrow 4/6...
Trying to generate (adv) arrow 5/6...
Trying to generate (adv) arrow 6/6...
Could not find valid arrow 6. Stopping.
Successfully generated 5 arrows!
Kết quả vòng lặp: Successfully generated 5 arrows!
Giảm độ dài từ 10...
Độ dài vòng tiếp theo: 5

========================================
--- BẮT ĐẦU VÒNG LẶP (Length = 5) ---
Ô đã chiếm: 338 / Ô còn trống: 37
Đề xuất tạo 7 mũi tên cho vòng lặp này...
Generating ADVANCED level in painted area... (This will be slow)
Trying to generate (adv) arrow 1/7...
Trying to generate (adv) arrow 2/7...
Trying to generate (adv) arrow 3/7...
Trying to generate (adv) arrow 4/7...
Trying to generate (adv) arrow 5/7...
Trying to generate (adv) arrow 6/7...
Trying to generate (adv) arrow 7/7...
Successfully generated 7 arrows!
Kết quả vòng lặp: Successfully generated 7 arrows!
Tiếp tục lặp lại ở độ dài tối thiểu (5)...

========================================
--- BẮT ĐẦU VÒNG LẶP (Length = 5) ---
Ô đã chiếm: 356 / Ô còn trống: 19
Đề xuất tạo 4 mũi tên cho vòng lặp này...
Generating ADVANCED level in painted area... (This will be slow)
Trying to generate (adv) arrow 1/4...
Trying to generate (adv) arrow 2/4...
Trying to generate (adv) arrow 3/4...
Trying to generate (adv) arrow 4/4...
Successfully generated 4 arrows!
Kết quả vòng lặp: Successfully generated 4 arrows!
Tiếp tục lặp lại ở độ dài tối thiểu (5)...

========================================
--- BẮT ĐẦU VÒNG LẶP (Length = 5) ---
Ô đã chiếm: 364 / Ô còn trống: 11
Đề xuất tạo 2 mũi tên cho vòng lặp này...
Generating ADVANCED level in painted area... (This will be slow)
Trying to generate (adv) arrow 1/2...
Trying to generate (adv) arrow 2/2...
Could not find valid arrow 2. Stopping.
Successfully generated 1 arrows!
Kết quả vòng lặp: Successfully generated 1 arrows!
Tiếp tục lặp lại ở độ dài tối thiểu (5)...

========================================
--- BẮT ĐẦU VÒNG LẶP (Length = 5) ---
Ô đã chiếm: 366 / Ô còn trống: 9
Đề xuất tạo 2 mũi tên cho vòng lặp này...
Generating ADVANCED level in painted area... (This will be slow)
Trying to generate (adv) arrow 1/2...
Could not find valid arrow 1. Stopping.
Kết quả vòng lặp: Generation complete, but 0 valid arrows found. Try again.
Không thể tạo thêm mũi tên ở độ dài này.
Đã đạt độ dài tối thiểu và không thể tạo thêm. Dừng.

========================================
--- ĐÃ HOÀN TẤT TẤT CẢ CÁC VÒNG LẶP ---
Tổng cộng đã tạo: 40 mũi tên.
Đã lấp đầy 366 / 375 ô (97.6%)
--- Đang lưu kết quả ra: level_set/level_set_3/2_result_test/29.json ---
Đã lưu thành công level 15x25 với 40 mũi tên.
--- Bản đồ kết quả (ASCII) ---
                 
 ####>#########. 
 ####^#^#####^#^ 
 #^############# 
 ############### 
 #^#####v####^#^ 
 ############### 
 #####v#v.###### 
 #####>##>^###v# 
 #####>##.##.### 
 #####>##^###### 
 v###########.## 
 ############### 
 #^##########>## 
 ############>## 
 #############v# 
 ####v####^#.### 
 ############### 
 ############### 
 v####>^#####>## 
 .###########>## 
 .<#######>##.## 
 #>############v 
 #####v######### 
 ############v## 
 ############>vv 
                 
--- Đang render: 29 (15x25) ---
✅ Đã lưu hình ảnh vào: level_set/level_set_3/3_render/29.png
args: Args(level_set_path=PosixPath('level_set/level_set_3'), start_length=20, length_step=5, min_length=5, size=(20, 20), turn_probability=0.5, straight_weight=0.75, left_weight=0.25, right_weight=0.5, max_turns=6, generate_mode='basic', csv_path=PosixPath('level_set/level_set_3/[Data] levels - test dataframe.csv'), csv=    level_name    template_name  ...  difficulty  style
0           21     pentagon.png  ...      Normal    NaN
1           22         star.png  ...      Normal     AZ
2           23       square.png  ...        Hard    NaN
3           24     pentagon.png  ...      Normal    NaN
4           25  AIR BALLOON.png  ...      Normal    NaN
5           26       square.png  ...      Normal     AZ
6           27       circle.png  ...      Normal     AZ
7           28      hexagon.png  ...      Normal    NaN
8           29       square.png  ...        Hard     AZ
9           30         BODY.png  ...      Normal    NaN
10          31       circle.png  ...      Normal    NaN
11          32     pentagon.png  ...      Normal     AZ
12          33       square.png  ...        Hard    NaN
13          34         star.png  ...      Normal    NaN
14          35        CHESS.png  ...      Normal    NaN
15          36      hexagon.png  ...      Normal     AZ
16          37       square.png  ...      Normal     AZ
17          38       circle.png  ...      Normal    NaN
18          39       square.png  ...        Hard     AZ
19          40   CRUSTACEAN.png  ...      Normal    NaN
20          41     pentagon.png  ...      Normal    NaN
21          42         star.png  ...      Normal     AZ
22          43       square.png  ...        Hard    NaN
23          44     pentagon.png  ...      Normal    NaN
24          45  FLAT SHAPES.png  ...      Normal    NaN
25          46         star.png  ...      Normal     AZ
26          47       circle.png  ...      Normal     AZ
27          48      hexagon.png  ...      Normal    NaN
28          49       square.png  ...        Hard     AZ
29          50        HOUSE.png  ...      Normal    NaN
30          51       circle.png  ...      Normal    NaN
31          52     pentagon.png  ...      Normal     AZ
32          53       square.png  ...        Hard    NaN
33          54       square.png  ...      Normal    NaN
34          55        PLANE.png  ...      Normal    NaN
35          56      hexagon.png  ...      Normal     AZ
36          57       square.png  ...      Normal     AZ
37          58       circle.png  ...      Normal    NaN
38          59       square.png  ...        Hard     AZ
39          60       SPIDER.png  ...      Normal    NaN

[40 rows x 10 columns], item_path='level_set/level_set_3/1_0_original_icons/BODY.png', item_name='BODY.png', alter_item_name='30')
Đang xử lý: 'level_set/level_set_3/1_0_original_icons/BODY.png' (Kích thước gốc: (117, 222))
==> Đã lưu vào: 'level_set/level_set_3/1_1_icons/BODY.png' (Kích thước mới: (20, 20))
Đã tải ảnh 'level_set/level_set_3/1_1_icons/BODY.png' (Kích thước: 20x20)
Sử dụng ngưỡng Alpha: 128
Hoàn thành! Đã lưu board vào 'level_set/level_set_3/1_board_test/30'.
--- Đang tải board từ: level_set/level_set_3/1_board_test/30 ---
Đã tải thành công 144 ô 'editable'.
Tổng số ô có thể vẽ: 144

========================================
--- BẮT ĐẦU VÒNG LẶP (Length = 20) ---
Ô đã chiếm: 0 / Ô còn trống: 144
Đề xuất tạo 7 mũi tên cho vòng lặp này...
Generating level in painted area... (This will be slow)
Trying to generate arrow 1/7...
Trying to generate arrow 2/7...
Trying to generate arrow 3/7...
Trying to generate arrow 4/7...
Trying to generate arrow 5/7...
Trying to generate arrow 6/7...
Trying to generate arrow 7/7...
Successfully generated 7 arrows!
Kết quả vòng lặp: Successfully generated 7 arrows!
Giảm độ dài từ 20...
Độ dài vòng tiếp theo: 15

========================================
--- BẮT ĐẦU VÒNG LẶP (Length = 15) ---
Ô đã chiếm: 98 / Ô còn trống: 46
Đề xuất tạo 3 mũi tên cho vòng lặp này...
Generating level in painted area... (This will be slow)
Trying to generate arrow 1/3...
Trying to generate arrow 2/3...
Could not find valid arrow 2. Stopping.
Successfully generated 1 arrows!
Kết quả vòng lặp: Successfully generated 1 arrows!
Giảm độ dài từ 15...
Độ dài vòng tiếp theo: 10

========================================
--- BẮT ĐẦU VÒNG LẶP (Length = 10) ---
Ô đã chiếm: 106 / Ô còn trống: 38
Đề xuất tạo 4 mũi tên cho vòng lặp này...
Generating level in painted area... (This will be slow)
Trying to generate arrow 1/4...
Trying to generate arrow 2/4...
Trying to generate arrow 3/4...
Trying to generate arrow 4/4...
Successfully generated 4 arrows!
Kết quả vòng lặp: Successfully generated 4 arrows!
Giảm độ dài từ 10...
Độ dài vòng tiếp theo: 5

========================================
--- BẮT ĐẦU VÒNG LẶP (Length = 5) ---
Ô đã chiếm: 126 / Ô còn trống: 18
Đề xuất tạo 4 mũi tên cho vòng lặp này...
Generating level in painted area... (This will be slow)
Trying to generate arrow 1/4...
Trying to generate arrow 2/4...
Trying to generate arrow 3/4...
Trying to generate arrow 4/4...
Successfully generated 4 arrows!
Kết quả vòng lặp: Successfully generated 4 arrows!
Tiếp tục lặp lại ở độ dài tối thiểu (5)...

========================================
--- BẮT ĐẦU VÒNG LẶP (Length = 5) ---
Ô đã chiếm: 137 / Ô còn trống: 7
Đề xuất tạo 1 mũi tên cho vòng lặp này...
Generating level in painted area... (This will be slow)
Trying to generate arrow 1/1...
Successfully generated 1 arrows!
Kết quả vòng lặp: Successfully generated 1 arrows!
Tiếp tục lặp lại ở độ dài tối thiểu (5)...

========================================
--- BẮT ĐẦU VÒNG LẶP (Length = 5) ---
Ô đã chiếm: 139 / Ô còn trống: 5
Đề xuất tạo 1 mũi tên cho vòng lặp này...
Generating level in painted area... (This will be slow)
Trying to generate arrow 1/1...
Could not find valid arrow 1. Stopping.
Kết quả vòng lặp: Generation complete, but 0 valid arrows found. Try again.
Không thể tạo thêm mũi tên ở độ dài này.
Đã đạt độ dài tối thiểu và không thể tạo thêm. Dừng.

========================================
--- ĐÃ HOÀN TẤT TẤT CẢ CÁC VÒNG LẶP ---
Tổng cộng đã tạo: 17 mũi tên.
Đã lấp đầy 139 / 144 ô (96.5%)
--- Đang lưu kết quả ra: level_set/level_set_3/2_result_test/30.json ---
Đã lưu thành công level 16x19 với 17 mũi tên.
--- Bản đồ kết quả (ASCII) ---
                    
         ##         
       ^#####       
       ######       
                    
                    
     ##>##^####     
    ##.########.    
   ^############>   
   ##v##########^#  
  ### ###########v  
 .##  <######>  #>. 
      ^#####<#      
      ###  ###      
      ###  <##      
      v##  ###      
      ###  ###      
      ###  .v#      
      <##  ###      
      ###  ###      
                    
--- Đang render: 30 (16x19) ---
✅ Đã lưu hình ảnh vào: level_set/level_set_3/3_render/30.png
args: Args(level_set_path=PosixPath('level_set/level_set_3'), start_length=25, length_step=5, min_length=5, size=(20, 20), turn_probability=0.5, straight_weight=0.75, left_weight=0.25, right_weight=0.5, max_turns=6, generate_mode='basic', csv_path=PosixPath('level_set/level_set_3/[Data] levels - test dataframe.csv'), csv=    level_name    template_name  ...  difficulty  style
0           21     pentagon.png  ...      Normal    NaN
1           22         star.png  ...      Normal     AZ
2           23       square.png  ...        Hard    NaN
3           24     pentagon.png  ...      Normal    NaN
4           25  AIR BALLOON.png  ...      Normal    NaN
5           26       square.png  ...      Normal     AZ
6           27       circle.png  ...      Normal     AZ
7           28      hexagon.png  ...      Normal    NaN
8           29       square.png  ...        Hard     AZ
9           30         BODY.png  ...      Normal    NaN
10          31       circle.png  ...      Normal    NaN
11          32     pentagon.png  ...      Normal     AZ
12          33       square.png  ...        Hard    NaN
13          34         star.png  ...      Normal    NaN
14          35        CHESS.png  ...      Normal    NaN
15          36      hexagon.png  ...      Normal     AZ
16          37       square.png  ...      Normal     AZ
17          38       circle.png  ...      Normal    NaN
18          39       square.png  ...        Hard     AZ
19          40   CRUSTACEAN.png  ...      Normal    NaN
20          41     pentagon.png  ...      Normal    NaN
21          42         star.png  ...      Normal     AZ
22          43       square.png  ...        Hard    NaN
23          44     pentagon.png  ...      Normal    NaN
24          45  FLAT SHAPES.png  ...      Normal    NaN
25          46         star.png  ...      Normal     AZ
26          47       circle.png  ...      Normal     AZ
27          48      hexagon.png  ...      Normal    NaN
28          49       square.png  ...        Hard     AZ
29          50        HOUSE.png  ...      Normal    NaN
30          51       circle.png  ...      Normal    NaN
31          52     pentagon.png  ...      Normal     AZ
32          53       square.png  ...        Hard    NaN
33          54       square.png  ...      Normal    NaN
34          55        PLANE.png  ...      Normal    NaN
35          56      hexagon.png  ...      Normal     AZ
36          57       square.png  ...      Normal     AZ
37          58       circle.png  ...      Normal    NaN
38          59       square.png  ...        Hard     AZ
39          60       SPIDER.png  ...      Normal    NaN

[40 rows x 10 columns], item_path='level_set/level_set_3/1_0_original_icons/circle.png', item_name='circle.png', alter_item_name='31')
Đang xử lý: 'level_set/level_set_3/1_0_original_icons/circle.png' (Kích thước gốc: (250, 250))
==> Đã lưu vào: 'level_set/level_set_3/1_1_icons/circle.png' (Kích thước mới: (20, 20))
Đã tải ảnh 'level_set/level_set_3/1_1_icons/circle.png' (Kích thước: 20x20)
Sử dụng ngưỡng Alpha: 128
Hoàn thành! Đã lưu board vào 'level_set/level_set_3/1_board_test/31'.
--- Đang tải board từ: level_set/level_set_3/1_board_test/31 ---
Đã tải thành công 316 ô 'editable'.
Tổng số ô có thể vẽ: 316

========================================
--- BẮT ĐẦU VÒNG LẶP (Length = 25) ---
Ô đã chiếm: 0 / Ô còn trống: 316
Đề xuất tạo 13 mũi tên cho vòng lặp này...
Generating level in painted area... (This will be slow)
Trying to generate arrow 1/13...
Trying to generate arrow 2/13...
Trying to generate arrow 3/13...
Trying to generate arrow 4/13...
Trying to generate arrow 5/13...
Trying to generate arrow 6/13...
Trying to generate arrow 7/13...
Trying to generate arrow 8/13...
Trying to generate arrow 9/13...
Trying to generate arrow 10/13...
Trying to generate arrow 11/13...
Trying to generate arrow 12/13...
Trying to generate arrow 13/13...
Successfully generated 13 arrows!
Kết quả vòng lặp: Successfully generated 13 arrows!
Giảm độ dài từ 25...
Độ dài vòng tiếp theo: 20

========================================
--- BẮT ĐẦU VÒNG LẶP (Length = 20) ---
Ô đã chiếm: 251 / Ô còn trống: 65
Đề xuất tạo 3 mũi tên cho vòng lặp này...
Generating level in painted area... (This will be slow)
Trying to generate arrow 1/3...
Could not find valid arrow 1. Stopping.
Kết quả vòng lặp: Generation complete, but 0 valid arrows found. Try again.
Không thể tạo thêm mũi tên ở độ dài này.
Giảm độ dài từ 20...
Độ dài vòng tiếp theo: 15

========================================
--- BẮT ĐẦU VÒNG LẶP (Length = 15) ---
Ô đã chiếm: 251 / Ô còn trống: 65
Đề xuất tạo 4 mũi tên cho vòng lặp này...
Generating level in painted area... (This will be slow)
Trying to generate arrow 1/4...
Trying to generate arrow 2/4...
Trying to generate arrow 3/4...
Trying to generate arrow 4/4...
Could not find valid arrow 4. Stopping.
Successfully generated 3 arrows!
Kết quả vòng lặp: Successfully generated 3 arrows!
Giảm độ dài từ 15...
Độ dài vòng tiếp theo: 10

========================================
--- BẮT ĐẦU VÒNG LẶP (Length = 10) ---
Ô đã chiếm: 272 / Ô còn trống: 44
Đề xuất tạo 4 mũi tên cho vòng lặp này...
Generating level in painted area... (This will be slow)
Trying to generate arrow 1/4...
Trying to generate arrow 2/4...
Trying to generate arrow 3/4...
Could not find valid arrow 3. Stopping.
Successfully generated 2 arrows!
Kết quả vòng lặp: Successfully generated 2 arrows!
Giảm độ dài từ 10...
Độ dài vòng tiếp theo: 5

========================================
--- BẮT ĐẦU VÒNG LẶP (Length = 5) ---
Ô đã chiếm: 282 / Ô còn trống: 34
Đề xuất tạo 7 mũi tên cho vòng lặp này...
Generating level in painted area... (This will be slow)
Trying to generate arrow 1/7...
Trying to generate arrow 2/7...
Trying to generate arrow 3/7...
Trying to generate arrow 4/7...
Trying to generate arrow 5/7...
Trying to generate arrow 6/7...
Trying to generate arrow 7/7...
Successfully generated 7 arrows!
Kết quả vòng lặp: Successfully generated 7 arrows!
Tiếp tục lặp lại ở độ dài tối thiểu (5)...

========================================
--- BẮT ĐẦU VÒNG LẶP (Length = 5) ---
Ô đã chiếm: 297 / Ô còn trống: 19
Đề xuất tạo 4 mũi tên cho vòng lặp này...
Generating level in painted area... (This will be slow)
Trying to generate arrow 1/4...
Trying to generate arrow 2/4...
Could not find valid arrow 2. Stopping.
Successfully generated 1 arrows!
Kết quả vòng lặp: Successfully generated 1 arrows!
Tiếp tục lặp lại ở độ dài tối thiểu (5)...

========================================
--- BẮT ĐẦU VÒNG LẶP (Length = 5) ---
Ô đã chiếm: 299 / Ô còn trống: 17
Đề xuất tạo 3 mũi tên cho vòng lặp này...
Generating level in painted area... (This will be slow)
Trying to generate arrow 1/3...
Could not find valid arrow 1. Stopping.
Kết quả vòng lặp: Generation complete, but 0 valid arrows found. Try again.
Không thể tạo thêm mũi tên ở độ dài này.
Đã đạt độ dài tối thiểu và không thể tạo thêm. Dừng.

========================================
--- ĐÃ HOÀN TẤT TẤT CẢ CÁC VÒNG LẶP ---
Tổng cộng đã tạo: 26 mũi tên.
Đã lấp đầy 299 / 316 ô (94.6%)
--- Đang lưu kết quả ra: level_set/level_set_3/2_result_test/31.json ---
Đã lưu thành công level 20x20 với 26 mũi tên.
--- Bản đồ kết quả (ASCII) ---
                      
        <###<#        
      #########.      
    <##########^#>    
   ^##.#######.####   
   #####.##########   
  ######^###########  
  ########v####^####  
 #>########.########. 
 ##################.^ 
 #.##############.### 
 ######v#######.^<### 
 ^#############^##### 
 ##.#####v########### 
  #########v##^.###>  
  v################.  
   ##v########<####   
   ################   
    .####.##v#####    
      v########.      
        ##v.##        
                      
--- Đang render: 31 (20x20) ---
✅ Đã lưu hình ảnh vào: level_set/level_set_3/3_render/31.png
args: Args(level_set_path=PosixPath('level_set/level_set_3'), start_length=35, length_step=5, min_length=5, size=(20, 20), turn_probability=0.5, straight_weight=0.75, left_weight=0.25, right_weight=0.5, max_turns=6, generate_mode='advance', csv_path=PosixPath('level_set/level_set_3/[Data] levels - test dataframe.csv'), csv=    level_name    template_name  ...  difficulty  style
0           21     pentagon.png  ...      Normal    NaN
1           22         star.png  ...      Normal     AZ
2           23       square.png  ...        Hard    NaN
3           24     pentagon.png  ...      Normal    NaN
4           25  AIR BALLOON.png  ...      Normal    NaN
5           26       square.png  ...      Normal     AZ
6           27       circle.png  ...      Normal     AZ
7           28      hexagon.png  ...      Normal    NaN
8           29       square.png  ...        Hard     AZ
9           30         BODY.png  ...      Normal    NaN
10          31       circle.png  ...      Normal    NaN
11          32     pentagon.png  ...      Normal     AZ
12          33       square.png  ...        Hard    NaN
13          34         star.png  ...      Normal    NaN
14          35        CHESS.png  ...      Normal    NaN
15          36      hexagon.png  ...      Normal     AZ
16          37       square.png  ...      Normal     AZ
17          38       circle.png  ...      Normal    NaN
18          39       square.png  ...        Hard     AZ
19          40   CRUSTACEAN.png  ...      Normal    NaN
20          41     pentagon.png  ...      Normal    NaN
21          42         star.png  ...      Normal     AZ
22          43       square.png  ...        Hard    NaN
23          44     pentagon.png  ...      Normal    NaN
24          45  FLAT SHAPES.png  ...      Normal    NaN
25          46         star.png  ...      Normal     AZ
26          47       circle.png  ...      Normal     AZ
27          48      hexagon.png  ...      Normal    NaN
28          49       square.png  ...        Hard     AZ
29          50        HOUSE.png  ...      Normal    NaN
30          51       circle.png  ...      Normal    NaN
31          52     pentagon.png  ...      Normal     AZ
32          53       square.png  ...        Hard    NaN
33          54       square.png  ...      Normal    NaN
34          55        PLANE.png  ...      Normal    NaN
35          56      hexagon.png  ...      Normal     AZ
36          57       square.png  ...      Normal     AZ
37          58       circle.png  ...      Normal    NaN
38          59       square.png  ...        Hard     AZ
39          60       SPIDER.png  ...      Normal    NaN

[40 rows x 10 columns], item_path='level_set/level_set_3/1_0_original_icons/pentagon.png', item_name='pentagon.png', alter_item_name='32')
Đang xử lý: 'level_set/level_set_3/1_0_original_icons/pentagon.png' (Kích thước gốc: (250, 250))
==> Đã lưu vào: 'level_set/level_set_3/1_1_icons/pentagon.png' (Kích thước mới: (20, 20))
Đã tải ảnh 'level_set/level_set_3/1_1_icons/pentagon.png' (Kích thước: 20x20)
Sử dụng ngưỡng Alpha: 128
Hoàn thành! Đã lưu board vào 'level_set/level_set_3/1_board_test/32'.
--- Đang tải board từ: level_set/level_set_3/1_board_test/32 ---
Đã tải thành công 264 ô 'editable'.
Tổng số ô có thể vẽ: 264

========================================
--- BẮT ĐẦU VÒNG LẶP (Length = 35) ---
Ô đã chiếm: 0 / Ô còn trống: 264
Đề xuất tạo 8 mũi tên cho vòng lặp này...
Generating ADVANCED level in painted area... (This will be slow)
Trying to generate (adv) arrow 1/8...
Trying to generate (adv) arrow 2/8...
Trying to generate (adv) arrow 3/8...
Trying to generate (adv) arrow 4/8...
Trying to generate (adv) arrow 5/8...
Trying to generate (adv) arrow 6/8...
Trying to generate (adv) arrow 7/8...
Trying to generate (adv) arrow 8/8...
Successfully generated 8 arrows!
Kết quả vòng lặp: Successfully generated 8 arrows!
Giảm độ dài từ 35...
Độ dài vòng tiếp theo: 30

========================================
--- BẮT ĐẦU VÒNG LẶP (Length = 30) ---
Ô đã chiếm: 154 / Ô còn trống: 110
Đề xuất tạo 4 mũi tên cho vòng lặp này...
Generating ADVANCED level in painted area... (This will be slow)
Trying to generate (adv) arrow 1/4...
Trying to generate (adv) arrow 2/4...
Trying to generate (adv) arrow 3/4...
Could not find valid arrow 3. Stopping.
Successfully generated 2 arrows!
Kết quả vòng lặp: Successfully generated 2 arrows!
Giảm độ dài từ 30...
Độ dài vòng tiếp theo: 25

========================================
--- BẮT ĐẦU VÒNG LẶP (Length = 25) ---
Ô đã chiếm: 188 / Ô còn trống: 76
Đề xuất tạo 3 mũi tên cho vòng lặp này...
Generating ADVANCED level in painted area... (This will be slow)
Trying to generate (adv) arrow 1/3...
Could not find valid arrow 1. Stopping.
Kết quả vòng lặp: Generation complete, but 0 valid arrows found. Try again.
Không thể tạo thêm mũi tên ở độ dài này.
Giảm độ dài từ 25...
Độ dài vòng tiếp theo: 20

========================================
--- BẮT ĐẦU VÒNG LẶP (Length = 20) ---
Ô đã chiếm: 188 / Ô còn trống: 76
Đề xuất tạo 4 mũi tên cho vòng lặp này...
Generating ADVANCED level in painted area... (This will be slow)
Trying to generate (adv) arrow 1/4...
Could not find valid arrow 1. Stopping.
Kết quả vòng lặp: Generation complete, but 0 valid arrows found. Try again.
Không thể tạo thêm mũi tên ở độ dài này.
Giảm độ dài từ 20...
Độ dài vòng tiếp theo: 15

========================================
--- BẮT ĐẦU VÒNG LẶP (Length = 15) ---
Ô đã chiếm: 188 / Ô còn trống: 76
Đề xuất tạo 5 mũi tên cho vòng lặp này...
Generating ADVANCED level in painted area... (This will be slow)
Trying to generate (adv) arrow 1/5...
Trying to generate (adv) arrow 2/5...
Trying to generate (adv) arrow 3/5...
Trying to generate (adv) arrow 4/5...
Trying to generate (adv) arrow 5/5...
Could not find valid arrow 5. Stopping.
Successfully generated 4 arrows!
Kết quả vòng lặp: Successfully generated 4 arrows!
Giảm độ dài từ 15...
Độ dài vòng tiếp theo: 10

========================================
--- BẮT ĐẦU VÒNG LẶP (Length = 10) ---
Ô đã chiếm: 216 / Ô còn trống: 48
Đề xuất tạo 5 mũi tên cho vòng lặp này...
Generating ADVANCED level in painted area... (This will be slow)
Trying to generate (adv) arrow 1/5...
Could not find valid arrow 1. Stopping.
Kết quả vòng lặp: Generation complete, but 0 valid arrows found. Try again.
Không thể tạo thêm mũi tên ở độ dài này.
Giảm độ dài từ 10...
Độ dài vòng tiếp theo: 5

========================================
--- BẮT ĐẦU VÒNG LẶP (Length = 5) ---
Ô đã chiếm: 216 / Ô còn trống: 48
Đề xuất tạo 10 mũi tên cho vòng lặp này...
Generating ADVANCED level in painted area... (This will be slow)
Trying to generate (adv) arrow 1/10...
Trying to generate (adv) arrow 2/10...
Trying to generate (adv) arrow 3/10...
Trying to generate (adv) arrow 4/10...
Trying to generate (adv) arrow 5/10...
Trying to generate (adv) arrow 6/10...
Trying to generate (adv) arrow 7/10...
Trying to generate (adv) arrow 8/10...
Trying to generate (adv) arrow 9/10...
Trying to generate (adv) arrow 10/10...
Successfully generated 10 arrows!
Kết quả vòng lặp: Successfully generated 10 arrows!
Tiếp tục lặp lại ở độ dài tối thiểu (5)...

========================================
--- BẮT ĐẦU VÒNG LẶP (Length = 5) ---
Ô đã chiếm: 240 / Ô còn trống: 24
Đề xuất tạo 5 mũi tên cho vòng lặp này...
Generating ADVANCED level in painted area... (This will be slow)
Trying to generate (adv) arrow 1/5...
Trying to generate (adv) arrow 2/5...
Trying to generate (adv) arrow 3/5...
Trying to generate (adv) arrow 4/5...
Trying to generate (adv) arrow 5/5...
Successfully generated 5 arrows!
Kết quả vòng lặp: Successfully generated 5 arrows!
Tiếp tục lặp lại ở độ dài tối thiểu (5)...

========================================
--- BẮT ĐẦU VÒNG LẶP (Length = 5) ---
Ô đã chiếm: 250 / Ô còn trống: 14
Đề xuất tạo 3 mũi tên cho vòng lặp này...
Generating ADVANCED level in painted area... (This will be slow)
Trying to generate (adv) arrow 1/3...
Trying to generate (adv) arrow 2/3...
Could not find valid arrow 2. Stopping.
Successfully generated 1 arrows!
Kết quả vòng lặp: Successfully generated 1 arrows!
Tiếp tục lặp lại ở độ dài tối thiểu (5)...

========================================
--- BẮT ĐẦU VÒNG LẶP (Length = 5) ---
Ô đã chiếm: 252 / Ô còn trống: 12
Đề xuất tạo 2 mũi tên cho vòng lặp này...
Generating ADVANCED level in painted area... (This will be slow)
Trying to generate (adv) arrow 1/2...
Could not find valid arrow 1. Stopping.
Kết quả vòng lặp: Generation complete, but 0 valid arrows found. Try again.
Không thể tạo thêm mũi tên ở độ dài này.
Đã đạt độ dài tối thiểu và không thể tạo thêm. Dừng.

========================================
--- ĐÃ HOÀN TẤT TẤT CẢ CÁC VÒNG LẶP ---
Tổng cộng đã tạo: 30 mũi tên.
Đã lấp đầy 252 / 264 ô (95.5%)
--- Đang lưu kết quả ra: level_set/level_set_3/2_result_test/32.json ---
Đã lưu thành công level 20x19 với 30 mũi tên.
--- Bản đồ kết quả (ASCII) ---
                      
          #.          
         .###         
        <#####        
      ####>###>.      
     .#^#####^#>.     
   ##^#########^###   
  ###############.#.  
 #########>#>####>### 
 #<###########^###### 
  ######<########.##  
  v########<##^#####  
  .########>########  
   ##>##########v##   
   ########>##^#.##   
   #>#>####^#.##.#v   
    #########^####    
    ###>###^#####^    
    ##############    
     ############     
                      
--- Đang render: 32 (20x19) ---
✅ Đã lưu hình ảnh vào: level_set/level_set_3/3_render/32.png
args: Args(level_set_path=PosixPath('level_set/level_set_3'), start_length=25, length_step=5, min_length=5, size=(15, 25), turn_probability=0.5, straight_weight=0.75, left_weight=0.25, right_weight=0.5, max_turns=6, generate_mode='basic', csv_path=PosixPath('level_set/level_set_3/[Data] levels - test dataframe.csv'), csv=    level_name    template_name  ...  difficulty  style
0           21     pentagon.png  ...      Normal    NaN
1           22         star.png  ...      Normal     AZ
2           23       square.png  ...        Hard    NaN
3           24     pentagon.png  ...      Normal    NaN
4           25  AIR BALLOON.png  ...      Normal    NaN
5           26       square.png  ...      Normal     AZ
6           27       circle.png  ...      Normal     AZ
7           28      hexagon.png  ...      Normal    NaN
8           29       square.png  ...        Hard     AZ
9           30         BODY.png  ...      Normal    NaN
10          31       circle.png  ...      Normal    NaN
11          32     pentagon.png  ...      Normal     AZ
12          33       square.png  ...        Hard    NaN
13          34         star.png  ...      Normal    NaN
14          35        CHESS.png  ...      Normal    NaN
15          36      hexagon.png  ...      Normal     AZ
16          37       square.png  ...      Normal     AZ
17          38       circle.png  ...      Normal    NaN
18          39       square.png  ...        Hard     AZ
19          40   CRUSTACEAN.png  ...      Normal    NaN
20          41     pentagon.png  ...      Normal    NaN
21          42         star.png  ...      Normal     AZ
22          43       square.png  ...        Hard    NaN
23          44     pentagon.png  ...      Normal    NaN
24          45  FLAT SHAPES.png  ...      Normal    NaN
25          46         star.png  ...      Normal     AZ
26          47       circle.png  ...      Normal     AZ
27          48      hexagon.png  ...      Normal    NaN
28          49       square.png  ...        Hard     AZ
29          50        HOUSE.png  ...      Normal    NaN
30          51       circle.png  ...      Normal    NaN
31          52     pentagon.png  ...      Normal     AZ
32          53       square.png  ...        Hard    NaN
33          54       square.png  ...      Normal    NaN
34          55        PLANE.png  ...      Normal    NaN
35          56      hexagon.png  ...      Normal     AZ
36          57       square.png  ...      Normal     AZ
37          58       circle.png  ...      Normal    NaN
38          59       square.png  ...        Hard     AZ
39          60       SPIDER.png  ...      Normal    NaN

[40 rows x 10 columns], item_path='level_set/level_set_3/1_0_original_icons/square.png', item_name='square.png', alter_item_name='33')
Đang xử lý: 'level_set/level_set_3/1_0_original_icons/square.png' (Kích thước gốc: (250, 250))
==> Đã lưu vào: 'level_set/level_set_3/1_1_icons/square.png' (Kích thước mới: (15, 25))
Đã tải ảnh 'level_set/level_set_3/1_1_icons/square.png' (Kích thước: 15x25)
Sử dụng ngưỡng Alpha: 128
Hoàn thành! Đã lưu board vào 'level_set/level_set_3/1_board_test/33'.
--- Đang tải board từ: level_set/level_set_3/1_board_test/33 ---
Đã tải thành công 375 ô 'editable'.
Tổng số ô có thể vẽ: 375

========================================
--- BẮT ĐẦU VÒNG LẶP (Length = 25) ---
Ô đã chiếm: 0 / Ô còn trống: 375
Đề xuất tạo 15 mũi tên cho vòng lặp này...
Generating level in painted area... (This will be slow)
Trying to generate arrow 1/15...
Trying to generate arrow 2/15...
Trying to generate arrow 3/15...
Trying to generate arrow 4/15...
Trying to generate arrow 5/15...
Trying to generate arrow 6/15...
Trying to generate arrow 7/15...
Trying to generate arrow 8/15...
Trying to generate arrow 9/15...
Trying to generate arrow 10/15...
Trying to generate arrow 11/15...
Trying to generate arrow 12/15...
Trying to generate arrow 13/15...
Trying to generate arrow 14/15...
Trying to generate arrow 15/15...
Successfully generated 15 arrows!
Kết quả vòng lặp: Successfully generated 15 arrows!
Giảm độ dài từ 25...
Độ dài vòng tiếp theo: 20

========================================
--- BẮT ĐẦU VÒNG LẶP (Length = 20) ---
Ô đã chiếm: 281 / Ô còn trống: 94
Đề xuất tạo 5 mũi tên cho vòng lặp này...
Generating level in painted area... (This will be slow)
Trying to generate arrow 1/5...
Trying to generate arrow 2/5...
Trying to generate arrow 3/5...
Trying to generate arrow 4/5...
Trying to generate arrow 5/5...
Could not find valid arrow 5. Stopping.
Successfully generated 4 arrows!
Kết quả vòng lặp: Successfully generated 4 arrows!
Giảm độ dài từ 20...
Độ dài vòng tiếp theo: 15

========================================
--- BẮT ĐẦU VÒNG LẶP (Length = 15) ---
Ô đã chiếm: 327 / Ô còn trống: 48
Đề xuất tạo 3 mũi tên cho vòng lặp này...
Generating level in painted area... (This will be slow)
Trying to generate arrow 1/3...
Trying to generate arrow 2/3...
Trying to generate arrow 3/3...
Could not find valid arrow 3. Stopping.
Successfully generated 2 arrows!
Kết quả vòng lặp: Successfully generated 2 arrows!
Giảm độ dài từ 15...
Độ dài vòng tiếp theo: 10

========================================
--- BẮT ĐẦU VÒNG LẶP (Length = 10) ---
Ô đã chiếm: 341 / Ô còn trống: 34
Đề xuất tạo 3 mũi tên cho vòng lặp này...
Generating level in painted area... (This will be slow)
Trying to generate arrow 1/3...
Could not find valid arrow 1. Stopping.
Kết quả vòng lặp: Generation complete, but 0 valid arrows found. Try again.
Không thể tạo thêm mũi tên ở độ dài này.
Giảm độ dài từ 10...
Độ dài vòng tiếp theo: 5

========================================
--- BẮT ĐẦU VÒNG LẶP (Length = 5) ---
Ô đã chiếm: 341 / Ô còn trống: 34
Đề xuất tạo 7 mũi tên cho vòng lặp này...
Generating level in painted area... (This will be slow)
Trying to generate arrow 1/7...
Trying to generate arrow 2/7...
Trying to generate arrow 3/7...
Trying to generate arrow 4/7...
Trying to generate arrow 5/7...
Trying to generate arrow 6/7...
Trying to generate arrow 7/7...
Successfully generated 7 arrows!
Kết quả vòng lặp: Successfully generated 7 arrows!
Tiếp tục lặp lại ở độ dài tối thiểu (5)...

========================================
--- BẮT ĐẦU VÒNG LẶP (Length = 5) ---
Ô đã chiếm: 356 / Ô còn trống: 19
Đề xuất tạo 4 mũi tên cho vòng lặp này...
Generating level in painted area... (This will be slow)
Trying to generate arrow 1/4...
Could not find valid arrow 1. Stopping.
Kết quả vòng lặp: Generation complete, but 0 valid arrows found. Try again.
Không thể tạo thêm mũi tên ở độ dài này.
Đã đạt độ dài tối thiểu và không thể tạo thêm. Dừng.

========================================
--- ĐÃ HOÀN TẤT TẤT CẢ CÁC VÒNG LẶP ---
Tổng cộng đã tạo: 28 mũi tên.
Đã lấp đầy 356 / 375 ô (94.9%)
--- Đang lưu kết quả ra: level_set/level_set_3/2_result_test/33.json ---
Đã lưu thành công level 15x25 với 28 mũi tên.
--- Bản đồ kết quả (ASCII) ---
                 
 <###########>## 
 ^############## 
 ##########.#### 
 #^##<##^####### 
 ############### 
 #<#####<####### 
 ##^#<###.###### 
 ##############. 
 #######^####.## 
 .^.############ 
 ^###########<#v 
 ############.## 
 .#######.###### 
 ######^######## 
 #>############# 
 #######^.##.##v 
 ###<####^###### 
 <############## 
 ##.######.##### 
 #.<####^####### 
 ############### 
 ##.###.##<##### 
 ############### 
 ####v##.####### 
 ####.#######>.v 
                 
--- Đang render: 33 (15x25) ---
✅ Đã lưu hình ảnh vào: level_set/level_set_3/3_render/33.png
args: Args(level_set_path=PosixPath('level_set/level_set_3'), start_length=25, length_step=5, min_length=5, size=(25, 25), turn_probability=0.5, straight_weight=0.75, left_weight=0.25, right_weight=0.5, max_turns=6, generate_mode='basic', csv_path=PosixPath('level_set/level_set_3/[Data] levels - test dataframe.csv'), csv=    level_name    template_name  ...  difficulty  style
0           21     pentagon.png  ...      Normal    NaN
1           22         star.png  ...      Normal     AZ
2           23       square.png  ...        Hard    NaN
3           24     pentagon.png  ...      Normal    NaN
4           25  AIR BALLOON.png  ...      Normal    NaN
5           26       square.png  ...      Normal     AZ
6           27       circle.png  ...      Normal     AZ
7           28      hexagon.png  ...      Normal    NaN
8           29       square.png  ...        Hard     AZ
9           30         BODY.png  ...      Normal    NaN
10          31       circle.png  ...      Normal    NaN
11          32     pentagon.png  ...      Normal     AZ
12          33       square.png  ...        Hard    NaN
13          34         star.png  ...      Normal    NaN
14          35        CHESS.png  ...      Normal    NaN
15          36      hexagon.png  ...      Normal     AZ
16          37       square.png  ...      Normal     AZ
17          38       circle.png  ...      Normal    NaN
18          39       square.png  ...        Hard     AZ
19          40   CRUSTACEAN.png  ...      Normal    NaN
20          41     pentagon.png  ...      Normal    NaN
21          42         star.png  ...      Normal     AZ
22          43       square.png  ...        Hard    NaN
23          44     pentagon.png  ...      Normal    NaN
24          45  FLAT SHAPES.png  ...      Normal    NaN
25          46         star.png  ...      Normal     AZ
26          47       circle.png  ...      Normal     AZ
27          48      hexagon.png  ...      Normal    NaN
28          49       square.png  ...        Hard     AZ
29          50        HOUSE.png  ...      Normal    NaN
30          51       circle.png  ...      Normal    NaN
31          52     pentagon.png  ...      Normal     AZ
32          53       square.png  ...        Hard    NaN
33          54       square.png  ...      Normal    NaN
34          55        PLANE.png  ...      Normal    NaN
35          56      hexagon.png  ...      Normal     AZ
36          57       square.png  ...      Normal     AZ
37          58       circle.png  ...      Normal    NaN
38          59       square.png  ...        Hard     AZ
39          60       SPIDER.png  ...      Normal    NaN

[40 rows x 10 columns], item_path='level_set/level_set_3/1_0_original_icons/star.png', item_name='star.png', alter_item_name='34')
Đang xử lý: 'level_set/level_set_3/1_0_original_icons/star.png' (Kích thước gốc: (250, 250))
==> Đã lưu vào: 'level_set/level_set_3/1_1_icons/star.png' (Kích thước mới: (25, 25))
Đã tải ảnh 'level_set/level_set_3/1_1_icons/star.png' (Kích thước: 25x25)
Sử dụng ngưỡng Alpha: 128
Hoàn thành! Đã lưu board vào 'level_set/level_set_3/1_board_test/34'.
--- Đang tải board từ: level_set/level_set_3/1_board_test/34 ---
Đã tải thành công 208 ô 'editable'.
Tổng số ô có thể vẽ: 208

========================================
--- BẮT ĐẦU VÒNG LẶP (Length = 25) ---
Ô đã chiếm: 0 / Ô còn trống: 208
Đề xuất tạo 8 mũi tên cho vòng lặp này...
Generating level in painted area... (This will be slow)
Trying to generate arrow 1/8...
Trying to generate arrow 2/8...
Trying to generate arrow 3/8...
Trying to generate arrow 4/8...
Trying to generate arrow 5/8...
Trying to generate arrow 6/8...
Trying to generate arrow 7/8...
Trying to generate arrow 8/8...
Successfully generated 8 arrows!
Kết quả vòng lặp: Successfully generated 8 arrows!
Giảm độ dài từ 25...
Độ dài vòng tiếp theo: 20

========================================
--- BẮT ĐẦU VÒNG LẶP (Length = 20) ---
Ô đã chiếm: 154 / Ô còn trống: 54
Đề xuất tạo 3 mũi tên cho vòng lặp này...
Generating level in painted area... (This will be slow)
Trying to generate arrow 1/3...
Could not find valid arrow 1. Stopping.
Kết quả vòng lặp: Generation complete, but 0 valid arrows found. Try again.
Không thể tạo thêm mũi tên ở độ dài này.
Giảm độ dài từ 20...
Độ dài vòng tiếp theo: 15

========================================
--- BẮT ĐẦU VÒNG LẶP (Length = 15) ---
Ô đã chiếm: 154 / Ô còn trống: 54
Đề xuất tạo 4 mũi tên cho vòng lặp này...
Generating level in painted area... (This will be slow)
Trying to generate arrow 1/4...
Trying to generate arrow 2/4...
Trying to generate arrow 3/4...
Could not find valid arrow 3. Stopping.
Successfully generated 2 arrows!
Kết quả vòng lặp: Successfully generated 2 arrows!
Giảm độ dài từ 15...
Độ dài vòng tiếp theo: 10

========================================
--- BẮT ĐẦU VÒNG LẶP (Length = 10) ---
Ô đã chiếm: 168 / Ô còn trống: 40
Đề xuất tạo 4 mũi tên cho vòng lặp này...
Generating level in painted area... (This will be slow)
Trying to generate arrow 1/4...
Trying to generate arrow 2/4...
Could not find valid arrow 2. Stopping.
Successfully generated 1 arrows!
Kết quả vòng lặp: Successfully generated 1 arrows!
Giảm độ dài từ 10...
Độ dài vòng tiếp theo: 5

========================================
--- BẮT ĐẦU VÒNG LẶP (Length = 5) ---
Ô đã chiếm: 173 / Ô còn trống: 35
Đề xuất tạo 7 mũi tên cho vòng lặp này...
Generating level in painted area... (This will be slow)
Trying to generate arrow 1/7...
Trying to generate arrow 2/7...
Trying to generate arrow 3/7...
Trying to generate arrow 4/7...
Trying to generate arrow 5/7...
Trying to generate arrow 6/7...
Trying to generate arrow 7/7...
Successfully generated 7 arrows!
Kết quả vòng lặp: Successfully generated 7 arrows!
Tiếp tục lặp lại ở độ dài tối thiểu (5)...

========================================
--- BẮT ĐẦU VÒNG LẶP (Length = 5) ---
Ô đã chiếm: 188 / Ô còn trống: 20
Đề xuất tạo 4 mũi tên cho vòng lặp này...
Generating level in painted area... (This will be slow)
Trying to generate arrow 1/4...
Trying to generate arrow 2/4...
Trying to generate arrow 3/4...
Could not find valid arrow 3. Stopping.
Successfully generated 2 arrows!
Kết quả vòng lặp: Successfully generated 2 arrows!
Tiếp tục lặp lại ở độ dài tối thiểu (5)...

========================================
--- BẮT ĐẦU VÒNG LẶP (Length = 5) ---
Ô đã chiếm: 194 / Ô còn trống: 14
Đề xuất tạo 3 mũi tên cho vòng lặp này...
Generating level in painted area... (This will be slow)
Trying to generate arrow 1/3...
Could not find valid arrow 1. Stopping.
Kết quả vòng lặp: Generation complete, but 0 valid arrows found. Try again.
Không thể tạo thêm mũi tên ở độ dài này.
Đã đạt độ dài tối thiểu và không thể tạo thêm. Dừng.

========================================
--- ĐÃ HOÀN TẤT TẤT CẢ CÁC VÒNG LẶP ---
Tổng cộng đã tạo: 20 mũi tên.
Đã lấp đầy 194 / 208 ô (93.3%)
--- Đang lưu kết quả ra: level_set/level_set_3/2_result_test/34.json ---
Đã lưu thành công level 19x21 với 20 mũi tên.
--- Bản đồ kết quả (ASCII) ---
                       
           ^           
           #           
          #>.          
          ###          
         #####         
         v####         
        #######        
  .<#^#######^####<##  
 .######<##.#########. 
  ###################  
   .#########>######   
    ####.#>##.##v#>    
     #>###.#######     
      ######.####      
      #^#########      
     ####<###.####     
     ###v#########     
     ###########v#     
     ####>   .#>##     
     ###       .#>     
     #           .     
                       
--- Đang render: 34 (19x21) ---
✅ Đã lưu hình ảnh vào: level_set/level_set_3/3_render/34.png
args: Args(level_set_path=PosixPath('level_set/level_set_3'), start_length=25, length_step=5, min_length=5, size=(25, 25), turn_probability=0.5, straight_weight=0.75, left_weight=0.25, right_weight=0.5, max_turns=6, generate_mode='basic', csv_path=PosixPath('level_set/level_set_3/[Data] levels - test dataframe.csv'), csv=    level_name    template_name  ...  difficulty  style
0           21     pentagon.png  ...      Normal    NaN
1           22         star.png  ...      Normal     AZ
2           23       square.png  ...        Hard    NaN
3           24     pentagon.png  ...      Normal    NaN
4           25  AIR BALLOON.png  ...      Normal    NaN
5           26       square.png  ...      Normal     AZ
6           27       circle.png  ...      Normal     AZ
7           28      hexagon.png  ...      Normal    NaN
8           29       square.png  ...        Hard     AZ
9           30         BODY.png  ...      Normal    NaN
10          31       circle.png  ...      Normal    NaN
11          32     pentagon.png  ...      Normal     AZ
12          33       square.png  ...        Hard    NaN
13          34         star.png  ...      Normal    NaN
14          35        CHESS.png  ...      Normal    NaN
15          36      hexagon.png  ...      Normal     AZ
16          37       square.png  ...      Normal     AZ
17          38       circle.png  ...      Normal    NaN
18          39       square.png  ...        Hard     AZ
19          40   CRUSTACEAN.png  ...      Normal    NaN
20          41     pentagon.png  ...      Normal    NaN
21          42         star.png  ...      Normal     AZ
22          43       square.png  ...        Hard    NaN
23          44     pentagon.png  ...      Normal    NaN
24          45  FLAT SHAPES.png  ...      Normal    NaN
25          46         star.png  ...      Normal     AZ
26          47       circle.png  ...      Normal     AZ
27          48      hexagon.png  ...      Normal    NaN
28          49       square.png  ...        Hard     AZ
29          50        HOUSE.png  ...      Normal    NaN
30          51       circle.png  ...      Normal    NaN
31          52     pentagon.png  ...      Normal     AZ
32          53       square.png  ...        Hard    NaN
33          54       square.png  ...      Normal    NaN
34          55        PLANE.png  ...      Normal    NaN
35          56      hexagon.png  ...      Normal     AZ
36          57       square.png  ...      Normal     AZ
37          58       circle.png  ...      Normal    NaN
38          59       square.png  ...        Hard     AZ
39          60       SPIDER.png  ...      Normal    NaN

[40 rows x 10 columns], item_path='level_set/level_set_3/1_0_original_icons/CHESS.png', item_name='CHESS.png', alter_item_name='35')
Đang xử lý: 'level_set/level_set_3/1_0_original_icons/CHESS.png' (Kích thước gốc: (165, 232))
==> Đã lưu vào: 'level_set/level_set_3/1_1_icons/CHESS.png' (Kích thước mới: (25, 25))
Đã tải ảnh 'level_set/level_set_3/1_1_icons/CHESS.png' (Kích thước: 25x25)
Sử dụng ngưỡng Alpha: 128
Hoàn thành! Đã lưu board vào 'level_set/level_set_3/1_board_test/35'.
--- Đang tải board từ: level_set/level_set_3/1_board_test/35 ---
Đã tải thành công 213 ô 'editable'.
Tổng số ô có thể vẽ: 213

========================================
--- BẮT ĐẦU VÒNG LẶP (Length = 25) ---
Ô đã chiếm: 0 / Ô còn trống: 213
Đề xuất tạo 9 mũi tên cho vòng lặp này...
Generating level in painted area... (This will be slow)
Trying to generate arrow 1/9...
Trying to generate arrow 2/9...
Trying to generate arrow 3/9...
Trying to generate arrow 4/9...
Trying to generate arrow 5/9...
Trying to generate arrow 6/9...
Trying to generate arrow 7/9...
Trying to generate arrow 8/9...
Trying to generate arrow 9/9...
Successfully generated 9 arrows!
Kết quả vòng lặp: Successfully generated 9 arrows!
Giảm độ dài từ 25...
Độ dài vòng tiếp theo: 20

========================================
--- BẮT ĐẦU VÒNG LẶP (Length = 20) ---
Ô đã chiếm: 153 / Ô còn trống: 60
Đề xuất tạo 3 mũi tên cho vòng lặp này...
Generating level in painted area... (This will be slow)
Trying to generate arrow 1/3...
Trying to generate arrow 2/3...
Could not find valid arrow 2. Stopping.
Successfully generated 1 arrows!
Kết quả vòng lặp: Successfully generated 1 arrows!
Giảm độ dài từ 20...
Độ dài vòng tiếp theo: 15

========================================
--- BẮT ĐẦU VÒNG LẶP (Length = 15) ---
Ô đã chiếm: 164 / Ô còn trống: 49
Đề xuất tạo 3 mũi tên cho vòng lặp này...
Generating level in painted area... (This will be slow)
Trying to generate arrow 1/3...
Trying to generate arrow 2/3...
Could not find valid arrow 2. Stopping.
Successfully generated 1 arrows!
Kết quả vòng lặp: Successfully generated 1 arrows!
Giảm độ dài từ 15...
Độ dài vòng tiếp theo: 10

========================================
--- BẮT ĐẦU VÒNG LẶP (Length = 10) ---
Ô đã chiếm: 171 / Ô còn trống: 42
Đề xuất tạo 4 mũi tên cho vòng lặp này...
Generating level in painted area... (This will be slow)
Trying to generate arrow 1/4...
Trying to generate arrow 2/4...
Could not find valid arrow 2. Stopping.
Successfully generated 1 arrows!
Kết quả vòng lặp: Successfully generated 1 arrows!
Giảm độ dài từ 10...
Độ dài vòng tiếp theo: 5

========================================
--- BẮT ĐẦU VÒNG LẶP (Length = 5) ---
Ô đã chiếm: 176 / Ô còn trống: 37
Đề xuất tạo 7 mũi tên cho vòng lặp này...
Generating level in painted area... (This will be slow)
Trying to generate arrow 1/7...
Trying to generate arrow 2/7...
Trying to generate arrow 3/7...
Trying to generate arrow 4/7...
Trying to generate arrow 5/7...
Trying to generate arrow 6/7...
Trying to generate arrow 7/7...
Successfully generated 7 arrows!
Kết quả vòng lặp: Successfully generated 7 arrows!
Tiếp tục lặp lại ở độ dài tối thiểu (5)...

========================================
--- BẮT ĐẦU VÒNG LẶP (Length = 5) ---
Ô đã chiếm: 190 / Ô còn trống: 23
Đề xuất tạo 5 mũi tên cho vòng lặp này...
Generating level in painted area... (This will be slow)
Trying to generate arrow 1/5...
Trying to generate arrow 2/5...
Trying to generate arrow 3/5...
Trying to generate arrow 4/5...
Could not find valid arrow 4. Stopping.
Successfully generated 3 arrows!
Kết quả vòng lặp: Successfully generated 3 arrows!
Tiếp tục lặp lại ở độ dài tối thiểu (5)...

========================================
--- BẮT ĐẦU VÒNG LẶP (Length = 5) ---
Ô đã chiếm: 196 / Ô còn trống: 17
Đề xuất tạo 3 mũi tên cho vòng lặp này...
Generating level in painted area... (This will be slow)
Trying to generate arrow 1/3...
Could not find valid arrow 1. Stopping.
Kết quả vòng lặp: Generation complete, but 0 valid arrows found. Try again.
Không thể tạo thêm mũi tên ở độ dài này.
Đã đạt độ dài tối thiểu và không thể tạo thêm. Dừng.

========================================
--- ĐÃ HOÀN TẤT TẤT CẢ CÁC VÒNG LẶP ---
Tổng cộng đã tạo: 22 mũi tên.
Đã lấp đầy 196 / 213 ô (92.0%)
--- Đang lưu kết quả ra: level_set/level_set_3/2_result_test/35.json ---
Đã lưu thành công level 24x23 với 22 mũi tên.
--- Bản đồ kết quả (ASCII) ---
                          
            .             
         #^#>##.          
        #########         
       ^##<#######        
       #^#######.v        
        #########         
         v##.####         
                          
                          
      #>#####.#####       
       <###v#######       
                          
                          
         .####>.          
        #######<#         
        #########         
       <###<#####.        
      #######.#####       
     .###>.##.######      
                          
                          
  <#<##>.##########.###   
 ########v##^.#########.  
 ##########v#######>.#### 
                          
--- Đang render: 35 (24x23) ---
✅ Đã lưu hình ảnh vào: level_set/level_set_3/3_render/35.png
args: Args(level_set_path=PosixPath('level_set/level_set_3'), start_length=20, length_step=5, min_length=5, size=(15, 15), turn_probability=0.5, straight_weight=0.75, left_weight=0.25, right_weight=0.5, max_turns=6, generate_mode='advance', csv_path=PosixPath('level_set/level_set_3/[Data] levels - test dataframe.csv'), csv=    level_name    template_name  ...  difficulty  style
0           21     pentagon.png  ...      Normal    NaN
1           22         star.png  ...      Normal     AZ
2           23       square.png  ...        Hard    NaN
3           24     pentagon.png  ...      Normal    NaN
4           25  AIR BALLOON.png  ...      Normal    NaN
5           26       square.png  ...      Normal     AZ
6           27       circle.png  ...      Normal     AZ
7           28      hexagon.png  ...      Normal    NaN
8           29       square.png  ...        Hard     AZ
9           30         BODY.png  ...      Normal    NaN
10          31       circle.png  ...      Normal    NaN
11          32     pentagon.png  ...      Normal     AZ
12          33       square.png  ...        Hard    NaN
13          34         star.png  ...      Normal    NaN
14          35        CHESS.png  ...      Normal    NaN
15          36      hexagon.png  ...      Normal     AZ
16          37       square.png  ...      Normal     AZ
17          38       circle.png  ...      Normal    NaN
18          39       square.png  ...        Hard     AZ
19          40   CRUSTACEAN.png  ...      Normal    NaN
20          41     pentagon.png  ...      Normal    NaN
21          42         star.png  ...      Normal     AZ
22          43       square.png  ...        Hard    NaN
23          44     pentagon.png  ...      Normal    NaN
24          45  FLAT SHAPES.png  ...      Normal    NaN
25          46         star.png  ...      Normal     AZ
26          47       circle.png  ...      Normal     AZ
27          48      hexagon.png  ...      Normal    NaN
28          49       square.png  ...        Hard     AZ
29          50        HOUSE.png  ...      Normal    NaN
30          51       circle.png  ...      Normal    NaN
31          52     pentagon.png  ...      Normal     AZ
32          53       square.png  ...        Hard    NaN
33          54       square.png  ...      Normal    NaN
34          55        PLANE.png  ...      Normal    NaN
35          56      hexagon.png  ...      Normal     AZ
36          57       square.png  ...      Normal     AZ
37          58       circle.png  ...      Normal    NaN
38          59       square.png  ...        Hard     AZ
39          60       SPIDER.png  ...      Normal    NaN

[40 rows x 10 columns], item_path='level_set/level_set_3/1_0_original_icons/hexagon.png', item_name='hexagon.png', alter_item_name='36')
Đang xử lý: 'level_set/level_set_3/1_0_original_icons/hexagon.png' (Kích thước gốc: (250, 250))
==> Đã lưu vào: 'level_set/level_set_3/1_1_icons/hexagon.png' (Kích thước mới: (15, 15))
Đã tải ảnh 'level_set/level_set_3/1_1_icons/hexagon.png' (Kích thước: 15x15)
Sử dụng ngưỡng Alpha: 128
Hoàn thành! Đã lưu board vào 'level_set/level_set_3/1_board_test/36'.
--- Đang tải board từ: level_set/level_set_3/1_board_test/36 ---
Đã tải thành công 147 ô 'editable'.
Tổng số ô có thể vẽ: 147

========================================
--- BẮT ĐẦU VÒNG LẶP (Length = 20) ---
Ô đã chiếm: 0 / Ô còn trống: 147
Đề xuất tạo 7 mũi tên cho vòng lặp này...
Generating ADVANCED level in painted area... (This will be slow)
Trying to generate (adv) arrow 1/7...
Trying to generate (adv) arrow 2/7...
Trying to generate (adv) arrow 3/7...
Trying to generate (adv) arrow 4/7...
Trying to generate (adv) arrow 5/7...
Trying to generate (adv) arrow 6/7...
Trying to generate (adv) arrow 7/7...
Successfully generated 7 arrows!
Kết quả vòng lặp: Successfully generated 7 arrows!
Giảm độ dài từ 20...
Độ dài vòng tiếp theo: 15

========================================
--- BẮT ĐẦU VÒNG LẶP (Length = 15) ---
Ô đã chiếm: 98 / Ô còn trống: 49
Đề xuất tạo 3 mũi tên cho vòng lặp này...
Generating ADVANCED level in painted area... (This will be slow)
Trying to generate (adv) arrow 1/3...
Trying to generate (adv) arrow 2/3...
Trying to generate (adv) arrow 3/3...
Successfully generated 3 arrows!
Kết quả vòng lặp: Successfully generated 3 arrows!
Giảm độ dài từ 15...
Độ dài vòng tiếp theo: 10

========================================
--- BẮT ĐẦU VÒNG LẶP (Length = 10) ---
Ô đã chiếm: 131 / Ô còn trống: 16
Đề xuất tạo 2 mũi tên cho vòng lặp này...
Generating ADVANCED level in painted area... (This will be slow)
Trying to generate (adv) arrow 1/2...
Could not find valid arrow 1. Stopping.
Kết quả vòng lặp: Generation complete, but 0 valid arrows found. Try again.
Không thể tạo thêm mũi tên ở độ dài này.
Giảm độ dài từ 10...
Độ dài vòng tiếp theo: 5

========================================
--- BẮT ĐẦU VÒNG LẶP (Length = 5) ---
Ô đã chiếm: 131 / Ô còn trống: 16
Đề xuất tạo 3 mũi tên cho vòng lặp này...
Generating ADVANCED level in painted area... (This will be slow)
Trying to generate (adv) arrow 1/3...
Trying to generate (adv) arrow 2/3...
Trying to generate (adv) arrow 3/3...
Successfully generated 3 arrows!
Kết quả vòng lặp: Successfully generated 3 arrows!
Tiếp tục lặp lại ở độ dài tối thiểu (5)...

========================================
--- BẮT ĐẦU VÒNG LẶP (Length = 5) ---
Ô đã chiếm: 139 / Ô còn trống: 8
Đề xuất tạo 2 mũi tên cho vòng lặp này...
Generating ADVANCED level in painted area... (This will be slow)
Trying to generate (adv) arrow 1/2...
Trying to generate (adv) arrow 2/2...
Successfully generated 2 arrows!
Kết quả vòng lặp: Successfully generated 2 arrows!
Tiếp tục lặp lại ở độ dài tối thiểu (5)...

========================================
--- BẮT ĐẦU VÒNG LẶP (Length = 5) ---
Ô đã chiếm: 143 / Ô còn trống: 4
Đề xuất tạo 1 mũi tên cho vòng lặp này...
Generating ADVANCED level in painted area... (This will be slow)
Trying to generate (adv) arrow 1/1...
Could not find valid arrow 1. Stopping.
Kết quả vòng lặp: Generation complete, but 0 valid arrows found. Try again.
Không thể tạo thêm mũi tên ở độ dài này.
Đã đạt độ dài tối thiểu và không thể tạo thêm. Dừng.

========================================
--- ĐÃ HOÀN TẤT TẤT CẢ CÁC VÒNG LẶP ---
Tổng cộng đã tạo: 15 mũi tên.
Đã lấp đầy 143 / 147 ô (97.3%)
--- Đang lưu kết quả ra: level_set/level_set_3/2_result_test/36.json ---
Đã lưu thành công level 13x13 với 15 mũi tên.
--- Bản đồ kết quả (ASCII) ---
                 
    #########    
    ####^^###    
   ^#######^##   
   ##^########   
  ^<##v#######^  
  #############  
 .####v########. 
  #############  
  ##<##########  
   #####^##<##   
   ###########   
    ^.<######    
    ########.    
                 
--- Đang render: 36 (13x13) ---
✅ Đã lưu hình ảnh vào: level_set/level_set_3/3_render/36.png
args: Args(level_set_path=PosixPath('level_set/level_set_3'), start_length=35, length_step=5, min_length=5, size=(20, 20), turn_probability=0.5, straight_weight=0.75, left_weight=0.25, right_weight=0.5, max_turns=6, generate_mode='advance', csv_path=PosixPath('level_set/level_set_3/[Data] levels - test dataframe.csv'), csv=    level_name    template_name  ...  difficulty  style
0           21     pentagon.png  ...      Normal    NaN
1           22         star.png  ...      Normal     AZ
2           23       square.png  ...        Hard    NaN
3           24     pentagon.png  ...      Normal    NaN
4           25  AIR BALLOON.png  ...      Normal    NaN
5           26       square.png  ...      Normal     AZ
6           27       circle.png  ...      Normal     AZ
7           28      hexagon.png  ...      Normal    NaN
8           29       square.png  ...        Hard     AZ
9           30         BODY.png  ...      Normal    NaN
10          31       circle.png  ...      Normal    NaN
11          32     pentagon.png  ...      Normal     AZ
12          33       square.png  ...        Hard    NaN
13          34         star.png  ...      Normal    NaN
14          35        CHESS.png  ...      Normal    NaN
15          36      hexagon.png  ...      Normal     AZ
16          37       square.png  ...      Normal     AZ
17          38       circle.png  ...      Normal    NaN
18          39       square.png  ...        Hard     AZ
19          40   CRUSTACEAN.png  ...      Normal    NaN
20          41     pentagon.png  ...      Normal    NaN
21          42         star.png  ...      Normal     AZ
22          43       square.png  ...        Hard    NaN
23          44     pentagon.png  ...      Normal    NaN
24          45  FLAT SHAPES.png  ...      Normal    NaN
25          46         star.png  ...      Normal     AZ
26          47       circle.png  ...      Normal     AZ
27          48      hexagon.png  ...      Normal    NaN
28          49       square.png  ...        Hard     AZ
29          50        HOUSE.png  ...      Normal    NaN
30          51       circle.png  ...      Normal    NaN
31          52     pentagon.png  ...      Normal     AZ
32          53       square.png  ...        Hard    NaN
33          54       square.png  ...      Normal    NaN
34          55        PLANE.png  ...      Normal    NaN
35          56      hexagon.png  ...      Normal     AZ
36          57       square.png  ...      Normal     AZ
37          58       circle.png  ...      Normal    NaN
38          59       square.png  ...        Hard     AZ
39          60       SPIDER.png  ...      Normal    NaN

[40 rows x 10 columns], item_path='level_set/level_set_3/1_0_original_icons/square.png', item_name='square.png', alter_item_name='37')
Đang xử lý: 'level_set/level_set_3/1_0_original_icons/square.png' (Kích thước gốc: (250, 250))
==> Đã lưu vào: 'level_set/level_set_3/1_1_icons/square.png' (Kích thước mới: (20, 20))
Đã tải ảnh 'level_set/level_set_3/1_1_icons/square.png' (Kích thước: 20x20)
Sử dụng ngưỡng Alpha: 128
Hoàn thành! Đã lưu board vào 'level_set/level_set_3/1_board_test/37'.
--- Đang tải board từ: level_set/level_set_3/1_board_test/37 ---
Đã tải thành công 400 ô 'editable'.
Tổng số ô có thể vẽ: 400

========================================
--- BẮT ĐẦU VÒNG LẶP (Length = 35) ---
Ô đã chiếm: 0 / Ô còn trống: 400
Đề xuất tạo 11 mũi tên cho vòng lặp này...
Generating ADVANCED level in painted area... (This will be slow)
Trying to generate (adv) arrow 1/11...
Trying to generate (adv) arrow 2/11...
Trying to generate (adv) arrow 3/11...
Trying to generate (adv) arrow 4/11...
Trying to generate (adv) arrow 5/11...
Trying to generate (adv) arrow 6/11...
Trying to generate (adv) arrow 7/11...
Trying to generate (adv) arrow 8/11...
Trying to generate (adv) arrow 9/11...
Trying to generate (adv) arrow 10/11...
Trying to generate (adv) arrow 11/11...
Successfully generated 11 arrows!
Kết quả vòng lặp: Successfully generated 11 arrows!
Giảm độ dài từ 35...
Độ dài vòng tiếp theo: 30

========================================
--- BẮT ĐẦU VÒNG LẶP (Length = 30) ---
Ô đã chiếm: 234 / Ô còn trống: 166
Đề xuất tạo 6 mũi tên cho vòng lặp này...
Generating ADVANCED level in painted area... (This will be slow)
Trying to generate (adv) arrow 1/6...
Trying to generate (adv) arrow 2/6...
Trying to generate (adv) arrow 3/6...
Trying to generate (adv) arrow 4/6...
Could not find valid arrow 4. Stopping.
Successfully generated 3 arrows!
Kết quả vòng lặp: Successfully generated 3 arrows!
Giảm độ dài từ 30...
Độ dài vòng tiếp theo: 25

========================================
--- BẮT ĐẦU VÒNG LẶP (Length = 25) ---
Ô đã chiếm: 301 / Ô còn trống: 99
Đề xuất tạo 4 mũi tên cho vòng lặp này...
Generating ADVANCED level in painted area... (This will be slow)
Trying to generate (adv) arrow 1/4...
Could not find valid arrow 1. Stopping.
Kết quả vòng lặp: Generation complete, but 0 valid arrows found. Try again.
Không thể tạo thêm mũi tên ở độ dài này.
Giảm độ dài từ 25...
Độ dài vòng tiếp theo: 20

========================================
--- BẮT ĐẦU VÒNG LẶP (Length = 20) ---
Ô đã chiếm: 301 / Ô còn trống: 99
Đề xuất tạo 5 mũi tên cho vòng lặp này...
Generating ADVANCED level in painted area... (This will be slow)
Trying to generate (adv) arrow 1/5...
Trying to generate (adv) arrow 2/5...
Trying to generate (adv) arrow 3/5...
Could not find valid arrow 3. Stopping.
Successfully generated 2 arrows!
Kết quả vòng lặp: Successfully generated 2 arrows!
Giảm độ dài từ 20...
Độ dài vòng tiếp theo: 15

========================================
--- BẮT ĐẦU VÒNG LẶP (Length = 15) ---
Ô đã chiếm: 322 / Ô còn trống: 78
Đề xuất tạo 5 mũi tên cho vòng lặp này...
Generating ADVANCED level in painted area... (This will be slow)
Trying to generate (adv) arrow 1/5...
Trying to generate (adv) arrow 2/5...
Trying to generate (adv) arrow 3/5...
Trying to generate (adv) arrow 4/5...
Trying to generate (adv) arrow 5/5...
Successfully generated 5 arrows!
Kết quả vòng lặp: Successfully generated 5 arrows!
Giảm độ dài từ 15...
Độ dài vòng tiếp theo: 10

========================================
--- BẮT ĐẦU VÒNG LẶP (Length = 10) ---
Ô đã chiếm: 359 / Ô còn trống: 41
Đề xuất tạo 4 mũi tên cho vòng lặp này...
Generating ADVANCED level in painted area... (This will be slow)
Trying to generate (adv) arrow 1/4...
Trying to generate (adv) arrow 2/4...
Could not find valid arrow 2. Stopping.
Successfully generated 1 arrows!
Kết quả vòng lặp: Successfully generated 1 arrows!
Giảm độ dài từ 10...
Độ dài vòng tiếp theo: 5

========================================
--- BẮT ĐẦU VÒNG LẶP (Length = 5) ---
Ô đã chiếm: 365 / Ô còn trống: 35
Đề xuất tạo 7 mũi tên cho vòng lặp này...
Generating ADVANCED level in painted area... (This will be slow)
Trying to generate (adv) arrow 1/7...
Trying to generate (adv) arrow 2/7...
Trying to generate (adv) arrow 3/7...
Trying to generate (adv) arrow 4/7...
Trying to generate (adv) arrow 5/7...
Trying to generate (adv) arrow 6/7...
Trying to generate (adv) arrow 7/7...
Successfully generated 7 arrows!
Kết quả vòng lặp: Successfully generated 7 arrows!
Tiếp tục lặp lại ở độ dài tối thiểu (5)...

========================================
--- BẮT ĐẦU VÒNG LẶP (Length = 5) ---
Ô đã chiếm: 381 / Ô còn trống: 19
Đề xuất tạo 4 mũi tên cho vòng lặp này...
Generating ADVANCED level in painted area... (This will be slow)
Trying to generate (adv) arrow 1/4...
Trying to generate (adv) arrow 2/4...
Trying to generate (adv) arrow 3/4...
Trying to generate (adv) arrow 4/4...
Successfully generated 4 arrows!
Kết quả vòng lặp: Successfully generated 4 arrows!
Tiếp tục lặp lại ở độ dài tối thiểu (5)...

========================================
--- BẮT ĐẦU VÒNG LẶP (Length = 5) ---
Ô đã chiếm: 390 / Ô còn trống: 10
Đề xuất tạo 2 mũi tên cho vòng lặp này...
Generating ADVANCED level in painted area... (This will be slow)
Trying to generate (adv) arrow 1/2...
Could not find valid arrow 1. Stopping.
Kết quả vòng lặp: Generation complete, but 0 valid arrows found. Try again.
Không thể tạo thêm mũi tên ở độ dài này.
Đã đạt độ dài tối thiểu và không thể tạo thêm. Dừng.

========================================
--- ĐÃ HOÀN TẤT TẤT CẢ CÁC VÒNG LẶP ---
Tổng cộng đã tạo: 33 mũi tên.
Đã lấp đầy 390 / 400 ô (97.5%)
--- Đang lưu kết quả ra: level_set/level_set_3/2_result_test/37.json ---
Đã lưu thành công level 20x20 với 33 mũi tên.
--- Bản đồ kết quả (ASCII) ---
                      
 ^################^#> 
 ##############^####. 
 ##<##############>## 
 #################>^# 
 ##########v######>## 
 ^#v##v##>########^## 
 #############<###### 
 ######.############# 
 #################### 
 ###.##>#v########### 
 #################### 
 #################### 
 ######>###########v# 
 ##.####v#####v###### 
 #######.############ 
 #.#<#########v#v#### 
 #.####.<###########. 
 ######<##<#########^ 
 #####v<############# 
 ###############>.v## 
                      
--- Đang render: 37 (20x20) ---
✅ Đã lưu hình ảnh vào: level_set/level_set_3/3_render/37.png
args: Args(level_set_path=PosixPath('level_set/level_set_3'), start_length=20, length_step=5, min_length=5, size=(20, 20), turn_probability=0.5, straight_weight=0.75, left_weight=0.25, right_weight=0.5, max_turns=6, generate_mode='basic', csv_path=PosixPath('level_set/level_set_3/[Data] levels - test dataframe.csv'), csv=    level_name    template_name  ...  difficulty  style
0           21     pentagon.png  ...      Normal    NaN
1           22         star.png  ...      Normal     AZ
2           23       square.png  ...        Hard    NaN
3           24     pentagon.png  ...      Normal    NaN
4           25  AIR BALLOON.png  ...      Normal    NaN
5           26       square.png  ...      Normal     AZ
6           27       circle.png  ...      Normal     AZ
7           28      hexagon.png  ...      Normal    NaN
8           29       square.png  ...        Hard     AZ
9           30         BODY.png  ...      Normal    NaN
10          31       circle.png  ...      Normal    NaN
11          32     pentagon.png  ...      Normal     AZ
12          33       square.png  ...        Hard    NaN
13          34         star.png  ...      Normal    NaN
14          35        CHESS.png  ...      Normal    NaN
15          36      hexagon.png  ...      Normal     AZ
16          37       square.png  ...      Normal     AZ
17          38       circle.png  ...      Normal    NaN
18          39       square.png  ...        Hard     AZ
19          40   CRUSTACEAN.png  ...      Normal    NaN
20          41     pentagon.png  ...      Normal    NaN
21          42         star.png  ...      Normal     AZ
22          43       square.png  ...        Hard    NaN
23          44     pentagon.png  ...      Normal    NaN
24          45  FLAT SHAPES.png  ...      Normal    NaN
25          46         star.png  ...      Normal     AZ
26          47       circle.png  ...      Normal     AZ
27          48      hexagon.png  ...      Normal    NaN
28          49       square.png  ...        Hard     AZ
29          50        HOUSE.png  ...      Normal    NaN
30          51       circle.png  ...      Normal    NaN
31          52     pentagon.png  ...      Normal     AZ
32          53       square.png  ...        Hard    NaN
33          54       square.png  ...      Normal    NaN
34          55        PLANE.png  ...      Normal    NaN
35          56      hexagon.png  ...      Normal     AZ
36          57       square.png  ...      Normal     AZ
37          58       circle.png  ...      Normal    NaN
38          59       square.png  ...        Hard     AZ
39          60       SPIDER.png  ...      Normal    NaN

[40 rows x 10 columns], item_path='level_set/level_set_3/1_0_original_icons/circle.png', item_name='circle.png', alter_item_name='38')
Đang xử lý: 'level_set/level_set_3/1_0_original_icons/circle.png' (Kích thước gốc: (250, 250))
==> Đã lưu vào: 'level_set/level_set_3/1_1_icons/circle.png' (Kích thước mới: (20, 20))
Đã tải ảnh 'level_set/level_set_3/1_1_icons/circle.png' (Kích thước: 20x20)
Sử dụng ngưỡng Alpha: 128
Hoàn thành! Đã lưu board vào 'level_set/level_set_3/1_board_test/38'.
--- Đang tải board từ: level_set/level_set_3/1_board_test/38 ---
Đã tải thành công 316 ô 'editable'.
Tổng số ô có thể vẽ: 316

========================================
--- BẮT ĐẦU VÒNG LẶP (Length = 20) ---
Ô đã chiếm: 0 / Ô còn trống: 316
Đề xuất tạo 16 mũi tên cho vòng lặp này...
Generating level in painted area... (This will be slow)
Trying to generate arrow 1/16...
Trying to generate arrow 2/16...
Trying to generate arrow 3/16...
Trying to generate arrow 4/16...
Trying to generate arrow 5/16...
Trying to generate arrow 6/16...
Trying to generate arrow 7/16...
Trying to generate arrow 8/16...
Trying to generate arrow 9/16...
Trying to generate arrow 10/16...
Trying to generate arrow 11/16...
Trying to generate arrow 12/16...
Trying to generate arrow 13/16...
Trying to generate arrow 14/16...
Trying to generate arrow 15/16...
Trying to generate arrow 16/16...
Successfully generated 16 arrows!
Kết quả vòng lặp: Successfully generated 16 arrows!
Giảm độ dài từ 20...
Độ dài vòng tiếp theo: 15

========================================
--- BẮT ĐẦU VÒNG LẶP (Length = 15) ---
Ô đã chiếm: 260 / Ô còn trống: 56
Đề xuất tạo 4 mũi tên cho vòng lặp này...
Generating level in painted area... (This will be slow)
Trying to generate arrow 1/4...
Trying to generate arrow 2/4...
Trying to generate arrow 3/4...
Could not find valid arrow 3. Stopping.
Successfully generated 2 arrows!
Kết quả vòng lặp: Successfully generated 2 arrows!
Giảm độ dài từ 15...
Độ dài vòng tiếp theo: 10

========================================
--- BẮT ĐẦU VÒNG LẶP (Length = 10) ---
Ô đã chiếm: 275 / Ô còn trống: 41
Đề xuất tạo 4 mũi tên cho vòng lặp này...
Generating level in painted area... (This will be slow)
Trying to generate arrow 1/4...
Could not find valid arrow 1. Stopping.
Kết quả vòng lặp: Generation complete, but 0 valid arrows found. Try again.
Không thể tạo thêm mũi tên ở độ dài này.
Giảm độ dài từ 10...
Độ dài vòng tiếp theo: 5

========================================
--- BẮT ĐẦU VÒNG LẶP (Length = 5) ---
Ô đã chiếm: 275 / Ô còn trống: 41
Đề xuất tạo 8 mũi tên cho vòng lặp này...
Generating level in painted area... (This will be slow)
Trying to generate arrow 1/8...
Trying to generate arrow 2/8...
Trying to generate arrow 3/8...
Trying to generate arrow 4/8...
Trying to generate arrow 5/8...
Trying to generate arrow 6/8...
Trying to generate arrow 7/8...
Trying to generate arrow 8/8...
Successfully generated 8 arrows!
Kết quả vòng lặp: Successfully generated 8 arrows!
Tiếp tục lặp lại ở độ dài tối thiểu (5)...

========================================
--- BẮT ĐẦU VÒNG LẶP (Length = 5) ---
Ô đã chiếm: 293 / Ô còn trống: 23
Đề xuất tạo 5 mũi tên cho vòng lặp này...
Generating level in painted area... (This will be slow)
Trying to generate arrow 1/5...
Trying to generate arrow 2/5...
Trying to generate arrow 3/5...
Trying to generate arrow 4/5...
Trying to generate arrow 5/5...
Could not find valid arrow 5. Stopping.
Successfully generated 4 arrows!
Kết quả vòng lặp: Successfully generated 4 arrows!
Tiếp tục lặp lại ở độ dài tối thiểu (5)...

========================================
--- BẮT ĐẦU VÒNG LẶP (Length = 5) ---
Ô đã chiếm: 302 / Ô còn trống: 14
Đề xuất tạo 3 mũi tên cho vòng lặp này...
Generating level in painted area... (This will be slow)
Trying to generate arrow 1/3...
Could not find valid arrow 1. Stopping.
Kết quả vòng lặp: Generation complete, but 0 valid arrows found. Try again.
Không thể tạo thêm mũi tên ở độ dài này.
Đã đạt độ dài tối thiểu và không thể tạo thêm. Dừng.

========================================
--- ĐÃ HOÀN TẤT TẤT CẢ CÁC VÒNG LẶP ---
Tổng cộng đã tạo: 30 mũi tên.
Đã lấp đầy 302 / 316 ô (95.6%)
--- Đang lưu kết quả ra: level_set/level_set_3/2_result_test/38.json ---
Đã lưu thành công level 20x20 với 30 mũi tên.
--- Bản đồ kết quả (ASCII) ---
                      
        ######        
      ##########      
    ###<###.#####>    
   <#########^#####   
   ###>###########^   
  ####.^#########>##  
  #######>#>######>#  
 ^######.############ 
 #####.#######.^#.### 
 #######<####.####### 
 #####>############## 
 #v#######>.######### 
 #####>####.######### 
  <#v###^.########.#  
  <#################  
   ##########.##v##   
   ######^#>###.###   
    <############.    
      <##<####<#      
        #####v        
                      
--- Đang render: 38 (20x20) ---
✅ Đã lưu hình ảnh vào: level_set/level_set_3/3_render/38.png
args: Args(level_set_path=PosixPath('level_set/level_set_3'), start_length=20, length_step=5, min_length=5, size=(15, 30), turn_probability=0.5, straight_weight=0.75, left_weight=0.25, right_weight=0.5, max_turns=6, generate_mode='advance', csv_path=PosixPath('level_set/level_set_3/[Data] levels - test dataframe.csv'), csv=    level_name    template_name  ...  difficulty  style
0           21     pentagon.png  ...      Normal    NaN
1           22         star.png  ...      Normal     AZ
2           23       square.png  ...        Hard    NaN
3           24     pentagon.png  ...      Normal    NaN
4           25  AIR BALLOON.png  ...      Normal    NaN
5           26       square.png  ...      Normal     AZ
6           27       circle.png  ...      Normal     AZ
7           28      hexagon.png  ...      Normal    NaN
8           29       square.png  ...        Hard     AZ
9           30         BODY.png  ...      Normal    NaN
10          31       circle.png  ...      Normal    NaN
11          32     pentagon.png  ...      Normal     AZ
12          33       square.png  ...        Hard    NaN
13          34         star.png  ...      Normal    NaN
14          35        CHESS.png  ...      Normal    NaN
15          36      hexagon.png  ...      Normal     AZ
16          37       square.png  ...      Normal     AZ
17          38       circle.png  ...      Normal    NaN
18          39       square.png  ...        Hard     AZ
19          40   CRUSTACEAN.png  ...      Normal    NaN
20          41     pentagon.png  ...      Normal    NaN
21          42         star.png  ...      Normal     AZ
22          43       square.png  ...        Hard    NaN
23          44     pentagon.png  ...      Normal    NaN
24          45  FLAT SHAPES.png  ...      Normal    NaN
25          46         star.png  ...      Normal     AZ
26          47       circle.png  ...      Normal     AZ
27          48      hexagon.png  ...      Normal    NaN
28          49       square.png  ...        Hard     AZ
29          50        HOUSE.png  ...      Normal    NaN
30          51       circle.png  ...      Normal    NaN
31          52     pentagon.png  ...      Normal     AZ
32          53       square.png  ...        Hard    NaN
33          54       square.png  ...      Normal    NaN
34          55        PLANE.png  ...      Normal    NaN
35          56      hexagon.png  ...      Normal     AZ
36          57       square.png  ...      Normal     AZ
37          58       circle.png  ...      Normal    NaN
38          59       square.png  ...        Hard     AZ
39          60       SPIDER.png  ...      Normal    NaN

[40 rows x 10 columns], item_path='level_set/level_set_3/1_0_original_icons/square.png', item_name='square.png', alter_item_name='39')
Đang xử lý: 'level_set/level_set_3/1_0_original_icons/square.png' (Kích thước gốc: (250, 250))
==> Đã lưu vào: 'level_set/level_set_3/1_1_icons/square.png' (Kích thước mới: (15, 30))
Đã tải ảnh 'level_set/level_set_3/1_1_icons/square.png' (Kích thước: 15x30)
Sử dụng ngưỡng Alpha: 128
Hoàn thành! Đã lưu board vào 'level_set/level_set_3/1_board_test/39'.
--- Đang tải board từ: level_set/level_set_3/1_board_test/39 ---
Đã tải thành công 450 ô 'editable'.
Tổng số ô có thể vẽ: 450

========================================
--- BẮT ĐẦU VÒNG LẶP (Length = 20) ---
Ô đã chiếm: 0 / Ô còn trống: 450
Đề xuất tạo 22 mũi tên cho vòng lặp này...
Generating ADVANCED level in painted area... (This will be slow)
Trying to generate (adv) arrow 1/22...
Trying to generate (adv) arrow 2/22...
Trying to generate (adv) arrow 3/22...
Trying to generate (adv) arrow 4/22...
Trying to generate (adv) arrow 5/22...
Trying to generate (adv) arrow 6/22...
Trying to generate (adv) arrow 7/22...
Trying to generate (adv) arrow 8/22...
Trying to generate (adv) arrow 9/22...
Trying to generate (adv) arrow 10/22...
Trying to generate (adv) arrow 11/22...
Trying to generate (adv) arrow 12/22...
Trying to generate (adv) arrow 13/22...
Trying to generate (adv) arrow 14/22...
Trying to generate (adv) arrow 15/22...
Trying to generate (adv) arrow 16/22...
Trying to generate (adv) arrow 17/22...
Trying to generate (adv) arrow 18/22...
Trying to generate (adv) arrow 19/22...
Trying to generate (adv) arrow 20/22...
Trying to generate (adv) arrow 21/22...
Trying to generate (adv) arrow 22/22...
Successfully generated 22 arrows!
Kết quả vòng lặp: Successfully generated 22 arrows!
Giảm độ dài từ 20...
Độ dài vòng tiếp theo: 15

========================================
--- BẮT ĐẦU VÒNG LẶP (Length = 15) ---
Ô đã chiếm: 314 / Ô còn trống: 136
Đề xuất tạo 9 mũi tên cho vòng lặp này...
Generating ADVANCED level in painted area... (This will be slow)
Trying to generate (adv) arrow 1/9...
Trying to generate (adv) arrow 2/9...
Trying to generate (adv) arrow 3/9...
Trying to generate (adv) arrow 4/9...
Trying to generate (adv) arrow 5/9...
Trying to generate (adv) arrow 6/9...
Trying to generate (adv) arrow 7/9...
Trying to generate (adv) arrow 8/9...
Trying to generate (adv) arrow 9/9...
Successfully generated 9 arrows!
Kết quả vòng lặp: Successfully generated 9 arrows!
Giảm độ dài từ 15...
Độ dài vòng tiếp theo: 10

========================================
--- BẮT ĐẦU VÒNG LẶP (Length = 10) ---
Ô đã chiếm: 401 / Ô còn trống: 49
Đề xuất tạo 5 mũi tên cho vòng lặp này...
Generating ADVANCED level in painted area... (This will be slow)
Trying to generate (adv) arrow 1/5...
Trying to generate (adv) arrow 2/5...
Trying to generate (adv) arrow 3/5...
Trying to generate (adv) arrow 4/5...
Trying to generate (adv) arrow 5/5...
Could not find valid arrow 5. Stopping.
Successfully generated 4 arrows!
Kết quả vòng lặp: Successfully generated 4 arrows!
Giảm độ dài từ 10...
Độ dài vòng tiếp theo: 5

========================================
--- BẮT ĐẦU VÒNG LẶP (Length = 5) ---
Ô đã chiếm: 422 / Ô còn trống: 28
Đề xuất tạo 6 mũi tên cho vòng lặp này...
Generating ADVANCED level in painted area... (This will be slow)
Trying to generate (adv) arrow 1/6...
Trying to generate (adv) arrow 2/6...
Trying to generate (adv) arrow 3/6...
Trying to generate (adv) arrow 4/6...
Trying to generate (adv) arrow 5/6...
Trying to generate (adv) arrow 6/6...
Successfully generated 6 arrows!
Kết quả vòng lặp: Successfully generated 6 arrows!
Tiếp tục lặp lại ở độ dài tối thiểu (5)...

========================================
--- BẮT ĐẦU VÒNG LẶP (Length = 5) ---
Ô đã chiếm: 434 / Ô còn trống: 16
Đề xuất tạo 3 mũi tên cho vòng lặp này...
Generating ADVANCED level in painted area... (This will be slow)
Trying to generate (adv) arrow 1/3...
Trying to generate (adv) arrow 2/3...
Trying to generate (adv) arrow 3/3...
Successfully generated 3 arrows!
Kết quả vòng lặp: Successfully generated 3 arrows!
Tiếp tục lặp lại ở độ dài tối thiểu (5)...

========================================
--- BẮT ĐẦU VÒNG LẶP (Length = 5) ---
Ô đã chiếm: 440 / Ô còn trống: 10
Đề xuất tạo 2 mũi tên cho vòng lặp này...
Generating ADVANCED level in painted area... (This will be slow)
Trying to generate (adv) arrow 1/2...
Trying to generate (adv) arrow 2/2...
Could not find valid arrow 2. Stopping.
Successfully generated 1 arrows!
Kết quả vòng lặp: Successfully generated 1 arrows!
Tiếp tục lặp lại ở độ dài tối thiểu (5)...

========================================
--- BẮT ĐẦU VÒNG LẶP (Length = 5) ---
Ô đã chiếm: 442 / Ô còn trống: 8
Đề xuất tạo 2 mũi tên cho vòng lặp này...
Generating ADVANCED level in painted area... (This will be slow)
Trying to generate (adv) arrow 1/2...
Could not find valid arrow 1. Stopping.
Kết quả vòng lặp: Generation complete, but 0 valid arrows found. Try again.
Không thể tạo thêm mũi tên ở độ dài này.
Đã đạt độ dài tối thiểu và không thể tạo thêm. Dừng.

========================================
--- ĐÃ HOÀN TẤT TẤT CẢ CÁC VÒNG LẶP ---
Tổng cộng đã tạo: 45 mũi tên.
Đã lấp đầy 442 / 450 ô (98.2%)
--- Đang lưu kết quả ra: level_set/level_set_3/2_result_test/39.json ---
Đã lưu thành công level 15x30 với 45 mũi tên.
--- Bản đồ kết quả (ASCII) ---
                 
 ####<#<######## 
 ############### 
 <############## 
 ^############## 
 #######<#####<# 
 ^<########>###> 
 ############### 
 <#####<#<###### 
 ###########^### 
 #^############# 
 #######v####### 
 #####v#<####### 
 <############## 
 #############v# 
 #######>####v## 
 ############### 
 v###########v.# 
 .#.<#vvv####<## 
 .#########.#### 
 ############### 
 #######<######v 
 ############### 
 #####v###<##### 
 ##<############ 
 ##.##v<####<### 
 ############### 
 ###.###>#>##### 
 #^#^########### 
 ##v##v###v##### 
 #####.###>##### 
                 
--- Đang render: 39 (15x30) ---
✅ Đã lưu hình ảnh vào: level_set/level_set_3/3_render/39.png
args: Args(level_set_path=PosixPath('level_set/level_set_3'), start_length=20, length_step=5, min_length=5, size=(25, 25), turn_probability=0.5, straight_weight=0.75, left_weight=0.25, right_weight=0.5, max_turns=6, generate_mode='basic', csv_path=PosixPath('level_set/level_set_3/[Data] levels - test dataframe.csv'), csv=    level_name    template_name  ...  difficulty  style
0           21     pentagon.png  ...      Normal    NaN
1           22         star.png  ...      Normal     AZ
2           23       square.png  ...        Hard    NaN
3           24     pentagon.png  ...      Normal    NaN
4           25  AIR BALLOON.png  ...      Normal    NaN
5           26       square.png  ...      Normal     AZ
6           27       circle.png  ...      Normal     AZ
7           28      hexagon.png  ...      Normal    NaN
8           29       square.png  ...        Hard     AZ
9           30         BODY.png  ...      Normal    NaN
10          31       circle.png  ...      Normal    NaN
11          32     pentagon.png  ...      Normal     AZ
12          33       square.png  ...        Hard    NaN
13          34         star.png  ...      Normal    NaN
14          35        CHESS.png  ...      Normal    NaN
15          36      hexagon.png  ...      Normal     AZ
16          37       square.png  ...      Normal     AZ
17          38       circle.png  ...      Normal    NaN
18          39       square.png  ...        Hard     AZ
19          40   CRUSTACEAN.png  ...      Normal    NaN
20          41     pentagon.png  ...      Normal    NaN
21          42         star.png  ...      Normal     AZ
22          43       square.png  ...        Hard    NaN
23          44     pentagon.png  ...      Normal    NaN
24          45  FLAT SHAPES.png  ...      Normal    NaN
25          46         star.png  ...      Normal     AZ
26          47       circle.png  ...      Normal     AZ
27          48      hexagon.png  ...      Normal    NaN
28          49       square.png  ...        Hard     AZ
29          50        HOUSE.png  ...      Normal    NaN
30          51       circle.png  ...      Normal    NaN
31          52     pentagon.png  ...      Normal     AZ
32          53       square.png  ...        Hard    NaN
33          54       square.png  ...      Normal    NaN
34          55        PLANE.png  ...      Normal    NaN
35          56      hexagon.png  ...      Normal     AZ
36          57       square.png  ...      Normal     AZ
37          58       circle.png  ...      Normal    NaN
38          59       square.png  ...        Hard     AZ
39          60       SPIDER.png  ...      Normal    NaN

[40 rows x 10 columns], item_path='level_set/level_set_3/1_0_original_icons/CRUSTACEAN.png', item_name='CRUSTACEAN.png', alter_item_name='40')
Đang xử lý: 'level_set/level_set_3/1_0_original_icons/CRUSTACEAN.png' (Kích thước gốc: (246, 199))
==> Đã lưu vào: 'level_set/level_set_3/1_1_icons/CRUSTACEAN.png' (Kích thước mới: (25, 25))
Đã tải ảnh 'level_set/level_set_3/1_1_icons/CRUSTACEAN.png' (Kích thước: 25x25)
Sử dụng ngưỡng Alpha: 128
Hoàn thành! Đã lưu board vào 'level_set/level_set_3/1_board_test/40'.
--- Đang tải board từ: level_set/level_set_3/1_board_test/40 ---
Đã tải thành công 309 ô 'editable'.
Tổng số ô có thể vẽ: 309

========================================
--- BẮT ĐẦU VÒNG LẶP (Length = 20) ---
Ô đã chiếm: 0 / Ô còn trống: 309
Đề xuất tạo 15 mũi tên cho vòng lặp này...
Generating level in painted area... (This will be slow)
Trying to generate arrow 1/15...
Trying to generate arrow 2/15...
Trying to generate arrow 3/15...
Trying to generate arrow 4/15...
Trying to generate arrow 5/15...
Trying to generate arrow 6/15...
Trying to generate arrow 7/15...
Trying to generate arrow 8/15...
Trying to generate arrow 9/15...
Trying to generate arrow 10/15...
Trying to generate arrow 11/15...
Trying to generate arrow 12/15...
Trying to generate arrow 13/15...
Trying to generate arrow 14/15...
Trying to generate arrow 15/15...
Successfully generated 15 arrows!
Kết quả vòng lặp: Successfully generated 15 arrows!
Giảm độ dài từ 20...
Độ dài vòng tiếp theo: 15

========================================
--- BẮT ĐẦU VÒNG LẶP (Length = 15) ---
Ô đã chiếm: 216 / Ô còn trống: 93
Đề xuất tạo 6 mũi tên cho vòng lặp này...
Generating level in painted area... (This will be slow)
Trying to generate arrow 1/6...
Trying to generate arrow 2/6...
Trying to generate arrow 3/6...
Trying to generate arrow 4/6...
Could not find valid arrow 4. Stopping.
Successfully generated 3 arrows!
Kết quả vòng lặp: Successfully generated 3 arrows!
Giảm độ dài từ 15...
Độ dài vòng tiếp theo: 10

========================================
--- BẮT ĐẦU VÒNG LẶP (Length = 10) ---
Ô đã chiếm: 245 / Ô còn trống: 64
Đề xuất tạo 6 mũi tên cho vòng lặp này...
Generating level in painted area... (This will be slow)
Trying to generate arrow 1/6...
Trying to generate arrow 2/6...
Trying to generate arrow 3/6...
Trying to generate arrow 4/6...
Trying to generate arrow 5/6...
Trying to generate arrow 6/6...
Successfully generated 6 arrows!
Kết quả vòng lặp: Successfully generated 6 arrows!
Giảm độ dài từ 10...
Độ dài vòng tiếp theo: 5

========================================
--- BẮT ĐẦU VÒNG LẶP (Length = 5) ---
Ô đã chiếm: 276 / Ô còn trống: 33
Đề xuất tạo 7 mũi tên cho vòng lặp này...
Generating level in painted area... (This will be slow)
Trying to generate arrow 1/7...
Trying to generate arrow 2/7...
Trying to generate arrow 3/7...
Trying to generate arrow 4/7...
Trying to generate arrow 5/7...
Trying to generate arrow 6/7...
Could not find valid arrow 6. Stopping.
Successfully generated 5 arrows!
Kết quả vòng lặp: Successfully generated 5 arrows!
Tiếp tục lặp lại ở độ dài tối thiểu (5)...

========================================
--- BẮT ĐẦU VÒNG LẶP (Length = 5) ---
Ô đã chiếm: 291 / Ô còn trống: 18
Đề xuất tạo 4 mũi tên cho vòng lặp này...
Generating level in painted area... (This will be slow)
Trying to generate arrow 1/4...
Could not find valid arrow 1. Stopping.
Kết quả vòng lặp: Generation complete, but 0 valid arrows found. Try again.
Không thể tạo thêm mũi tên ở độ dài này.
Đã đạt độ dài tối thiểu và không thể tạo thêm. Dừng.

========================================
--- ĐÃ HOÀN TẤT TẤT CẢ CÁC VÒNG LẶP ---
Tổng cộng đã tạo: 29 mũi tên.
Đã lấp đầy 291 / 309 ô (94.2%)
--- Đang lưu kết quả ra: level_set/level_set_3/2_result_test/40.json ---
Đã lưu thành công level 23x23 với 29 mũi tên.
--- Bản đồ kết quả (ASCII) ---
                          
  .<#               ###   
 ##.#               v.##  
 ##>##             #####  
 #######         #######  
 #######         ####>#>. 
 ##.##^.         #######  
 .##<##           ###v##  
  .####  ####>#>  #>###   
   ##.  #########   ##    
    #  ##^v#######  .     
    ###############>.     
     v#######.###.##      
    ######.####.^####     
   #####.#############    
  ##  ########>####  ##   
  v  .#####^#####<##  v   
    ###########<#####     
   ## ####v##.##### ##    
  ##  #########^###  ##   
  #  #v<#v##########  #   
    ##   <######   ##     
    #               #     
    v               ##    
                          
--- Đang render: 40 (23x23) ---
✅ Đã lưu hình ảnh vào: level_set/level_set_3/3_render/40.png
args: Args(level_set_path=PosixPath('level_set/level_set_3'), start_length=25, length_step=5, min_length=5, size=(20, 20), turn_probability=0.5, straight_weight=0.75, left_weight=0.25, right_weight=0.5, max_turns=6, generate_mode='basic', csv_path=PosixPath('level_set/level_set_3/[Data] levels - test dataframe.csv'), csv=    level_name    template_name  ...  difficulty  style
0           21     pentagon.png  ...      Normal    NaN
1           22         star.png  ...      Normal     AZ
2           23       square.png  ...        Hard    NaN
3           24     pentagon.png  ...      Normal    NaN
4           25  AIR BALLOON.png  ...      Normal    NaN
5           26       square.png  ...      Normal     AZ
6           27       circle.png  ...      Normal     AZ
7           28      hexagon.png  ...      Normal    NaN
8           29       square.png  ...        Hard     AZ
9           30         BODY.png  ...      Normal    NaN
10          31       circle.png  ...      Normal    NaN
11          32     pentagon.png  ...      Normal     AZ
12          33       square.png  ...        Hard    NaN
13          34         star.png  ...      Normal    NaN
14          35        CHESS.png  ...      Normal    NaN
15          36      hexagon.png  ...      Normal     AZ
16          37       square.png  ...      Normal     AZ
17          38       circle.png  ...      Normal    NaN
18          39       square.png  ...        Hard     AZ
19          40   CRUSTACEAN.png  ...      Normal    NaN
20          41     pentagon.png  ...      Normal    NaN
21          42         star.png  ...      Normal     AZ
22          43       square.png  ...        Hard    NaN
23          44     pentagon.png  ...      Normal    NaN
24          45  FLAT SHAPES.png  ...      Normal    NaN
25          46         star.png  ...      Normal     AZ
26          47       circle.png  ...      Normal     AZ
27          48      hexagon.png  ...      Normal    NaN
28          49       square.png  ...        Hard     AZ
29          50        HOUSE.png  ...      Normal    NaN
30          51       circle.png  ...      Normal    NaN
31          52     pentagon.png  ...      Normal     AZ
32          53       square.png  ...        Hard    NaN
33          54       square.png  ...      Normal    NaN
34          55        PLANE.png  ...      Normal    NaN
35          56      hexagon.png  ...      Normal     AZ
36          57       square.png  ...      Normal     AZ
37          58       circle.png  ...      Normal    NaN
38          59       square.png  ...        Hard     AZ
39          60       SPIDER.png  ...      Normal    NaN

[40 rows x 10 columns], item_path='level_set/level_set_3/1_0_original_icons/pentagon.png', item_name='pentagon.png', alter_item_name='41')
Đang xử lý: 'level_set/level_set_3/1_0_original_icons/pentagon.png' (Kích thước gốc: (250, 250))
==> Đã lưu vào: 'level_set/level_set_3/1_1_icons/pentagon.png' (Kích thước mới: (20, 20))
Đã tải ảnh 'level_set/level_set_3/1_1_icons/pentagon.png' (Kích thước: 20x20)
Sử dụng ngưỡng Alpha: 128
Hoàn thành! Đã lưu board vào 'level_set/level_set_3/1_board_test/41'.
--- Đang tải board từ: level_set/level_set_3/1_board_test/41 ---
Đã tải thành công 264 ô 'editable'.
Tổng số ô có thể vẽ: 264

========================================
--- BẮT ĐẦU VÒNG LẶP (Length = 25) ---
Ô đã chiếm: 0 / Ô còn trống: 264
Đề xuất tạo 11 mũi tên cho vòng lặp này...
Generating level in painted area... (This will be slow)
Trying to generate arrow 1/11...
Trying to generate arrow 2/11...
Trying to generate arrow 3/11...
Trying to generate arrow 4/11...
Trying to generate arrow 5/11...
Trying to generate arrow 6/11...
Trying to generate arrow 7/11...
Trying to generate arrow 8/11...
Trying to generate arrow 9/11...
Trying to generate arrow 10/11...
Trying to generate arrow 11/11...
Successfully generated 11 arrows!
Kết quả vòng lặp: Successfully generated 11 arrows!
Giảm độ dài từ 25...
Độ dài vòng tiếp theo: 20

========================================
--- BẮT ĐẦU VÒNG LẶP (Length = 20) ---
Ô đã chiếm: 208 / Ô còn trống: 56
Đề xuất tạo 3 mũi tên cho vòng lặp này...
Generating level in painted area... (This will be slow)
Trying to generate arrow 1/3...
Trying to generate arrow 2/3...
Could not find valid arrow 2. Stopping.
Successfully generated 1 arrows!
Kết quả vòng lặp: Successfully generated 1 arrows!
Giảm độ dài từ 20...
Độ dài vòng tiếp theo: 15

========================================
--- BẮT ĐẦU VÒNG LẶP (Length = 15) ---
Ô đã chiếm: 218 / Ô còn trống: 46
Đề xuất tạo 3 mũi tên cho vòng lặp này...
Generating level in painted area... (This will be slow)
Trying to generate arrow 1/3...
Trying to generate arrow 2/3...
Could not find valid arrow 2. Stopping.
Successfully generated 1 arrows!
Kết quả vòng lặp: Successfully generated 1 arrows!
Giảm độ dài từ 15...
Độ dài vòng tiếp theo: 10

========================================
--- BẮT ĐẦU VÒNG LẶP (Length = 10) ---
Ô đã chiếm: 226 / Ô còn trống: 38
Đề xuất tạo 4 mũi tên cho vòng lặp này...
Generating level in painted area... (This will be slow)
Trying to generate arrow 1/4...
Trying to generate arrow 2/4...
Trying to generate arrow 3/4...
Trying to generate arrow 4/4...
Could not find valid arrow 4. Stopping.
Successfully generated 3 arrows!
Kết quả vòng lặp: Successfully generated 3 arrows!
Giảm độ dài từ 10...
Độ dài vòng tiếp theo: 5

========================================
--- BẮT ĐẦU VÒNG LẶP (Length = 5) ---
Ô đã chiếm: 241 / Ô còn trống: 23
Đề xuất tạo 5 mũi tên cho vòng lặp này...
Generating level in painted area... (This will be slow)
Trying to generate arrow 1/5...
Trying to generate arrow 2/5...
Trying to generate arrow 3/5...
Trying to generate arrow 4/5...
Trying to generate arrow 5/5...
Could not find valid arrow 5. Stopping.
Successfully generated 4 arrows!
Kết quả vòng lặp: Successfully generated 4 arrows!
Tiếp tục lặp lại ở độ dài tối thiểu (5)...

========================================
--- BẮT ĐẦU VÒNG LẶP (Length = 5) ---
Ô đã chiếm: 251 / Ô còn trống: 13
Đề xuất tạo 3 mũi tên cho vòng lặp này...
Generating level in painted area... (This will be slow)
Trying to generate arrow 1/3...
Could not find valid arrow 1. Stopping.
Kết quả vòng lặp: Generation complete, but 0 valid arrows found. Try again.
Không thể tạo thêm mũi tên ở độ dài này.
Đã đạt độ dài tối thiểu và không thể tạo thêm. Dừng.

========================================
--- ĐÃ HOÀN TẤT TẤT CẢ CÁC VÒNG LẶP ---
Tổng cộng đã tạo: 20 mũi tên.
Đã lấp đầy 251 / 264 ô (95.1%)
--- Đang lưu kết quả ra: level_set/level_set_3/2_result_test/41.json ---
Đã lưu thành công level 20x19 với 20 mũi tên.
--- Bản đồ kết quả (ASCII) ---
                      
          ##          
         ##v.         
        ######        
      ###.######      
     .###########     
   ######.v########   
  ####v####v#.#####.  
 ########.########v## 
 ##v########.#v###### 
  ############.##.<#  
  ####.v#####^######  
  <#.###############  
   ######<#########   
   ####v#####<#####   
   ##<####.########   
    ########<#####    
    #####v########    
    ##<##########>    
     ##########v#     
                      
--- Đang render: 41 (20x19) ---
✅ Đã lưu hình ảnh vào: level_set/level_set_3/3_render/41.png
args: Args(level_set_path=PosixPath('level_set/level_set_3'), start_length=25, length_step=5, min_length=5, size=(20, 20), turn_probability=0.5, straight_weight=0.75, left_weight=0.25, right_weight=0.5, max_turns=6, generate_mode='advance', csv_path=PosixPath('level_set/level_set_3/[Data] levels - test dataframe.csv'), csv=    level_name    template_name  ...  difficulty  style
0           21     pentagon.png  ...      Normal    NaN
1           22         star.png  ...      Normal     AZ
2           23       square.png  ...        Hard    NaN
3           24     pentagon.png  ...      Normal    NaN
4           25  AIR BALLOON.png  ...      Normal    NaN
5           26       square.png  ...      Normal     AZ
6           27       circle.png  ...      Normal     AZ
7           28      hexagon.png  ...      Normal    NaN
8           29       square.png  ...        Hard     AZ
9           30         BODY.png  ...      Normal    NaN
10          31       circle.png  ...      Normal    NaN
11          32     pentagon.png  ...      Normal     AZ
12          33       square.png  ...        Hard    NaN
13          34         star.png  ...      Normal    NaN
14          35        CHESS.png  ...      Normal    NaN
15          36      hexagon.png  ...      Normal     AZ
16          37       square.png  ...      Normal     AZ
17          38       circle.png  ...      Normal    NaN
18          39       square.png  ...        Hard     AZ
19          40   CRUSTACEAN.png  ...      Normal    NaN
20          41     pentagon.png  ...      Normal    NaN
21          42         star.png  ...      Normal     AZ
22          43       square.png  ...        Hard    NaN
23          44     pentagon.png  ...      Normal    NaN
24          45  FLAT SHAPES.png  ...      Normal    NaN
25          46         star.png  ...      Normal     AZ
26          47       circle.png  ...      Normal     AZ
27          48      hexagon.png  ...      Normal    NaN
28          49       square.png  ...        Hard     AZ
29          50        HOUSE.png  ...      Normal    NaN
30          51       circle.png  ...      Normal    NaN
31          52     pentagon.png  ...      Normal     AZ
32          53       square.png  ...        Hard    NaN
33          54       square.png  ...      Normal    NaN
34          55        PLANE.png  ...      Normal    NaN
35          56      hexagon.png  ...      Normal     AZ
36          57       square.png  ...      Normal     AZ
37          58       circle.png  ...      Normal    NaN
38          59       square.png  ...        Hard     AZ
39          60       SPIDER.png  ...      Normal    NaN

[40 rows x 10 columns], item_path='level_set/level_set_3/1_0_original_icons/star.png', item_name='star.png', alter_item_name='42')
Đang xử lý: 'level_set/level_set_3/1_0_original_icons/star.png' (Kích thước gốc: (250, 250))
==> Đã lưu vào: 'level_set/level_set_3/1_1_icons/star.png' (Kích thước mới: (20, 20))
Đã tải ảnh 'level_set/level_set_3/1_1_icons/star.png' (Kích thước: 20x20)
Sử dụng ngưỡng Alpha: 128
Hoàn thành! Đã lưu board vào 'level_set/level_set_3/1_board_test/42'.
--- Đang tải board từ: level_set/level_set_3/1_board_test/42 ---
Đã tải thành công 140 ô 'editable'.
Tổng số ô có thể vẽ: 140

========================================
--- BẮT ĐẦU VÒNG LẶP (Length = 25) ---
Ô đã chiếm: 0 / Ô còn trống: 140
Đề xuất tạo 6 mũi tên cho vòng lặp này...
Generating ADVANCED level in painted area... (This will be slow)
Trying to generate (adv) arrow 1/6...
Trying to generate (adv) arrow 2/6...
Trying to generate (adv) arrow 3/6...
Trying to generate (adv) arrow 4/6...
Trying to generate (adv) arrow 5/6...
Trying to generate (adv) arrow 6/6...
Successfully generated 6 arrows!
Kết quả vòng lặp: Successfully generated 6 arrows!
Giảm độ dài từ 25...
Độ dài vòng tiếp theo: 20

========================================
--- BẮT ĐẦU VÒNG LẶP (Length = 20) ---
Ô đã chiếm: 96 / Ô còn trống: 44
Đề xuất tạo 2 mũi tên cho vòng lặp này...
Generating ADVANCED level in painted area... (This will be slow)
Trying to generate (adv) arrow 1/2...
Trying to generate (adv) arrow 2/2...
Could not find valid arrow 2. Stopping.
Successfully generated 1 arrows!
Kết quả vòng lặp: Successfully generated 1 arrows!
Giảm độ dài từ 20...
Độ dài vòng tiếp theo: 15

========================================
--- BẮT ĐẦU VÒNG LẶP (Length = 15) ---
Ô đã chiếm: 106 / Ô còn trống: 34
Đề xuất tạo 2 mũi tên cho vòng lặp này...
Generating ADVANCED level in painted area... (This will be slow)
Trying to generate (adv) arrow 1/2...
Could not find valid arrow 1. Stopping.
Kết quả vòng lặp: Generation complete, but 0 valid arrows found. Try again.
Không thể tạo thêm mũi tên ở độ dài này.
Giảm độ dài từ 15...
Độ dài vòng tiếp theo: 10

========================================
--- BẮT ĐẦU VÒNG LẶP (Length = 10) ---
Ô đã chiếm: 106 / Ô còn trống: 34
Đề xuất tạo 3 mũi tên cho vòng lặp này...
Generating ADVANCED level in painted area... (This will be slow)
Trying to generate (adv) arrow 1/3...
Trying to generate (adv) arrow 2/3...
Could not find valid arrow 2. Stopping.
Successfully generated 1 arrows!
Kết quả vòng lặp: Successfully generated 1 arrows!
Giảm độ dài từ 10...
Độ dài vòng tiếp theo: 5

========================================
--- BẮT ĐẦU VÒNG LẶP (Length = 5) ---
Ô đã chiếm: 111 / Ô còn trống: 29
Đề xuất tạo 6 mũi tên cho vòng lặp này...
Generating ADVANCED level in painted area... (This will be slow)
Trying to generate (adv) arrow 1/6...
Trying to generate (adv) arrow 2/6...
Trying to generate (adv) arrow 3/6...
Trying to generate (adv) arrow 4/6...
Trying to generate (adv) arrow 5/6...
Trying to generate (adv) arrow 6/6...
Successfully generated 6 arrows!
Kết quả vòng lặp: Successfully generated 6 arrows!
Tiếp tục lặp lại ở độ dài tối thiểu (5)...

========================================
--- BẮT ĐẦU VÒNG LẶP (Length = 5) ---
Ô đã chiếm: 125 / Ô còn trống: 15
Đề xuất tạo 3 mũi tên cho vòng lặp này...
Generating ADVANCED level in painted area... (This will be slow)
Trying to generate (adv) arrow 1/3...
Trying to generate (adv) arrow 2/3...
Trying to generate (adv) arrow 3/3...
Successfully generated 3 arrows!
Kết quả vòng lặp: Successfully generated 3 arrows!
Tiếp tục lặp lại ở độ dài tối thiểu (5)...

========================================
--- BẮT ĐẦU VÒNG LẶP (Length = 5) ---
Ô đã chiếm: 131 / Ô còn trống: 9
Đề xuất tạo 2 mũi tên cho vòng lặp này...
Generating ADVANCED level in painted area... (This will be slow)
Trying to generate (adv) arrow 1/2...
Trying to generate (adv) arrow 2/2...
Could not find valid arrow 2. Stopping.
Successfully generated 1 arrows!
Kết quả vòng lặp: Successfully generated 1 arrows!
Tiếp tục lặp lại ở độ dài tối thiểu (5)...

========================================
--- BẮT ĐẦU VÒNG LẶP (Length = 5) ---
Ô đã chiếm: 134 / Ô còn trống: 6
Đề xuất tạo 1 mũi tên cho vòng lặp này...
Generating ADVANCED level in painted area... (This will be slow)
Trying to generate (adv) arrow 1/1...
Could not find valid arrow 1. Stopping.
Kết quả vòng lặp: Generation complete, but 0 valid arrows found. Try again.
Không thể tạo thêm mũi tên ở độ dài này.
Đã đạt độ dài tối thiểu và không thể tạo thêm. Dừng.

========================================
--- ĐÃ HOÀN TẤT TẤT CẢ CÁC VÒNG LẶP ---
Tổng cộng đã tạo: 18 mũi tên.
Đã lấp đầy 134 / 140 ô (95.7%)
--- Đang lưu kết quả ra: level_set/level_set_3/2_result_test/42.json ---
Đã lưu thành công level 17x16 với 18 mũi tên.
--- Bản đồ kết quả (ASCII) ---
                    
         ##         
         ##         
        .###        
        ^##v        
       ######       
     .####^<#<#     
 <#<##############. 
  ####>###>#######  
   ############^.   
    .#######^###    
     ########v#     
     ######<###     
     ##.<####<#     
     #v########     
     ####  <###     
     <#      ##     
                    
--- Đang render: 42 (17x16) ---
✅ Đã lưu hình ảnh vào: level_set/level_set_3/3_render/42.png
args: Args(level_set_path=PosixPath('level_set/level_set_3'), start_length=25, length_step=5, min_length=5, size=(20, 30), turn_probability=0.5, straight_weight=0.75, left_weight=0.25, right_weight=0.5, max_turns=6, generate_mode='basic', csv_path=PosixPath('level_set/level_set_3/[Data] levels - test dataframe.csv'), csv=    level_name    template_name  ...  difficulty  style
0           21     pentagon.png  ...      Normal    NaN
1           22         star.png  ...      Normal     AZ
2           23       square.png  ...        Hard    NaN
3           24     pentagon.png  ...      Normal    NaN
4           25  AIR BALLOON.png  ...      Normal    NaN
5           26       square.png  ...      Normal     AZ
6           27       circle.png  ...      Normal     AZ
7           28      hexagon.png  ...      Normal    NaN
8           29       square.png  ...        Hard     AZ
9           30         BODY.png  ...      Normal    NaN
10          31       circle.png  ...      Normal    NaN
11          32     pentagon.png  ...      Normal     AZ
12          33       square.png  ...        Hard    NaN
13          34         star.png  ...      Normal    NaN
14          35        CHESS.png  ...      Normal    NaN
15          36      hexagon.png  ...      Normal     AZ
16          37       square.png  ...      Normal     AZ
17          38       circle.png  ...      Normal    NaN
18          39       square.png  ...        Hard     AZ
19          40   CRUSTACEAN.png  ...      Normal    NaN
20          41     pentagon.png  ...      Normal    NaN
21          42         star.png  ...      Normal     AZ
22          43       square.png  ...        Hard    NaN
23          44     pentagon.png  ...      Normal    NaN
24          45  FLAT SHAPES.png  ...      Normal    NaN
25          46         star.png  ...      Normal     AZ
26          47       circle.png  ...      Normal     AZ
27          48      hexagon.png  ...      Normal    NaN
28          49       square.png  ...        Hard     AZ
29          50        HOUSE.png  ...      Normal    NaN
30          51       circle.png  ...      Normal    NaN
31          52     pentagon.png  ...      Normal     AZ
32          53       square.png  ...        Hard    NaN
33          54       square.png  ...      Normal    NaN
34          55        PLANE.png  ...      Normal    NaN
35          56      hexagon.png  ...      Normal     AZ
36          57       square.png  ...      Normal     AZ
37          58       circle.png  ...      Normal    NaN
38          59       square.png  ...        Hard     AZ
39          60       SPIDER.png  ...      Normal    NaN

[40 rows x 10 columns], item_path='level_set/level_set_3/1_0_original_icons/square.png', item_name='square.png', alter_item_name='43')
Đang xử lý: 'level_set/level_set_3/1_0_original_icons/square.png' (Kích thước gốc: (250, 250))
==> Đã lưu vào: 'level_set/level_set_3/1_1_icons/square.png' (Kích thước mới: (20, 30))
Đã tải ảnh 'level_set/level_set_3/1_1_icons/square.png' (Kích thước: 20x30)
Sử dụng ngưỡng Alpha: 128
Hoàn thành! Đã lưu board vào 'level_set/level_set_3/1_board_test/43'.
--- Đang tải board từ: level_set/level_set_3/1_board_test/43 ---
Đã tải thành công 600 ô 'editable'.
Tổng số ô có thể vẽ: 600

========================================
--- BẮT ĐẦU VÒNG LẶP (Length = 25) ---
Ô đã chiếm: 0 / Ô còn trống: 600
Đề xuất tạo 24 mũi tên cho vòng lặp này...
Generating level in painted area... (This will be slow)
Trying to generate arrow 1/24...
Trying to generate arrow 2/24...
Trying to generate arrow 3/24...
Trying to generate arrow 4/24...
Trying to generate arrow 5/24...
Trying to generate arrow 6/24...
Trying to generate arrow 7/24...
Trying to generate arrow 8/24...
Trying to generate arrow 9/24...
Trying to generate arrow 10/24...
Trying to generate arrow 11/24...
Trying to generate arrow 12/24...
Trying to generate arrow 13/24...
Trying to generate arrow 14/24...
Trying to generate arrow 15/24...
Trying to generate arrow 16/24...
Trying to generate arrow 17/24...
Trying to generate arrow 18/24...
Trying to generate arrow 19/24...
Trying to generate arrow 20/24...
Trying to generate arrow 21/24...
Trying to generate arrow 22/24...
Trying to generate arrow 23/24...
Trying to generate arrow 24/24...
Successfully generated 24 arrows!
Kết quả vòng lặp: Successfully generated 24 arrows!
Giảm độ dài từ 25...
Độ dài vòng tiếp theo: 20

========================================
--- BẮT ĐẦU VÒNG LẶP (Length = 20) ---
Ô đã chiếm: 454 / Ô còn trống: 146
Đề xuất tạo 7 mũi tên cho vòng lặp này...
Generating level in painted area... (This will be slow)
Trying to generate arrow 1/7...
Trying to generate arrow 2/7...
Trying to generate arrow 3/7...
Trying to generate arrow 4/7...
Trying to generate arrow 5/7...
Trying to generate arrow 6/7...
Could not find valid arrow 6. Stopping.
Successfully generated 5 arrows!
Kết quả vòng lặp: Successfully generated 5 arrows!
Giảm độ dài từ 20...
Độ dài vòng tiếp theo: 15

========================================
--- BẮT ĐẦU VÒNG LẶP (Length = 15) ---
Ô đã chiếm: 509 / Ô còn trống: 91
Đề xuất tạo 6 mũi tên cho vòng lặp này...
Generating level in painted area... (This will be slow)
Trying to generate arrow 1/6...
Trying to generate arrow 2/6...
Trying to generate arrow 3/6...
Could not find valid arrow 3. Stopping.
Successfully generated 2 arrows!
Kết quả vòng lặp: Successfully generated 2 arrows!
Giảm độ dài từ 15...
Độ dài vòng tiếp theo: 10

========================================
--- BẮT ĐẦU VÒNG LẶP (Length = 10) ---
Ô đã chiếm: 524 / Ô còn trống: 76
Đề xuất tạo 8 mũi tên cho vòng lặp này...
Generating level in painted area... (This will be slow)
Trying to generate arrow 1/8...
Trying to generate arrow 2/8...
Trying to generate arrow 3/8...
Could not find valid arrow 3. Stopping.
Successfully generated 2 arrows!
Kết quả vòng lặp: Successfully generated 2 arrows!
Giảm độ dài từ 10...
Độ dài vòng tiếp theo: 5

========================================
--- BẮT ĐẦU VÒNG LẶP (Length = 5) ---
Ô đã chiếm: 535 / Ô còn trống: 65
Đề xuất tạo 13 mũi tên cho vòng lặp này...
Generating level in painted area... (This will be slow)
Trying to generate arrow 1/13...
Trying to generate arrow 2/13...
Trying to generate arrow 3/13...
Trying to generate arrow 4/13...
Trying to generate arrow 5/13...
Trying to generate arrow 6/13...
Trying to generate arrow 7/13...
Trying to generate arrow 8/13...
Trying to generate arrow 9/13...
Trying to generate arrow 10/13...
Trying to generate arrow 11/13...
Trying to generate arrow 12/13...
Trying to generate arrow 13/13...
Successfully generated 13 arrows!
Kết quả vòng lặp: Successfully generated 13 arrows!
Tiếp tục lặp lại ở độ dài tối thiểu (5)...

========================================
--- BẮT ĐẦU VÒNG LẶP (Length = 5) ---
Ô đã chiếm: 566 / Ô còn trống: 34
Đề xuất tạo 7 mũi tên cho vòng lặp này...
Generating level in painted area... (This will be slow)
Trying to generate arrow 1/7...
Trying to generate arrow 2/7...
Trying to generate arrow 3/7...
Trying to generate arrow 4/7...
Could not find valid arrow 4. Stopping.
Successfully generated 3 arrows!
Kết quả vòng lặp: Successfully generated 3 arrows!
Tiếp tục lặp lại ở độ dài tối thiểu (5)...

========================================
--- BẮT ĐẦU VÒNG LẶP (Length = 5) ---
Ô đã chiếm: 574 / Ô còn trống: 26
Đề xuất tạo 5 mũi tên cho vòng lặp này...
Generating level in painted area... (This will be slow)
Trying to generate arrow 1/5...
Could not find valid arrow 1. Stopping.
Kết quả vòng lặp: Generation complete, but 0 valid arrows found. Try again.
Không thể tạo thêm mũi tên ở độ dài này.
Đã đạt độ dài tối thiểu và không thể tạo thêm. Dừng.

========================================
--- ĐÃ HOÀN TẤT TẤT CẢ CÁC VÒNG LẶP ---
Tổng cộng đã tạo: 49 mũi tên.
Đã lấp đầy 574 / 600 ô (95.7%)
--- Đang lưu kết quả ra: level_set/level_set_3/2_result_test/43.json ---
Đã lưu thành công level 20x30 với 49 mũi tên.
--- Bản đồ kết quả (ASCII) ---
                      
 #################### 
 ########^########### 
 ##.###v############. 
 ##<#####>^#########^ 
 #>#########>######## 
 ###################. 
 ###^###.#########.## 
 #################### 
 ############>###v### 
 #<############v##### 
 ####v###<########### 
 ####.v#############v 
 ########>###v####### 
 #################### 
 ######<####.###.v### 
 #################### 
 ####.##v#>###v###### 
 v################### 
 ##v.v#######.##>v.#v 
 #########.#######>v. 
 ####v<#<############ 
 ##>v.###>######.#### 
 ###.#######<#####.## 
 #####.########.####> 
 ######.############> 
 #########<#####^#### 
 v##v################ 
 .####.#######.###v## 
 #######.###>######## 
 ###.#######>####v### 
                      
--- Đang render: 43 (20x30) ---
✅ Đã lưu hình ảnh vào: level_set/level_set_3/3_render/43.png
args: Args(level_set_path=PosixPath('level_set/level_set_3'), start_length=25, length_step=5, min_length=5, size=(17, 17), turn_probability=0.5, straight_weight=0.75, left_weight=0.25, right_weight=0.5, max_turns=6, generate_mode='basic', csv_path=PosixPath('level_set/level_set_3/[Data] levels - test dataframe.csv'), csv=    level_name    template_name  ...  difficulty  style
0           21     pentagon.png  ...      Normal    NaN
1           22         star.png  ...      Normal     AZ
2           23       square.png  ...        Hard    NaN
3           24     pentagon.png  ...      Normal    NaN
4           25  AIR BALLOON.png  ...      Normal    NaN
5           26       square.png  ...      Normal     AZ
6           27       circle.png  ...      Normal     AZ
7           28      hexagon.png  ...      Normal    NaN
8           29       square.png  ...        Hard     AZ
9           30         BODY.png  ...      Normal    NaN
10          31       circle.png  ...      Normal    NaN
11          32     pentagon.png  ...      Normal     AZ
12          33       square.png  ...        Hard    NaN
13          34         star.png  ...      Normal    NaN
14          35        CHESS.png  ...      Normal    NaN
15          36      hexagon.png  ...      Normal     AZ
16          37       square.png  ...      Normal     AZ
17          38       circle.png  ...      Normal    NaN
18          39       square.png  ...        Hard     AZ
19          40   CRUSTACEAN.png  ...      Normal    NaN
20          41     pentagon.png  ...      Normal    NaN
21          42         star.png  ...      Normal     AZ
22          43       square.png  ...        Hard    NaN
23          44     pentagon.png  ...      Normal    NaN
24          45  FLAT SHAPES.png  ...      Normal    NaN
25          46         star.png  ...      Normal     AZ
26          47       circle.png  ...      Normal     AZ
27          48      hexagon.png  ...      Normal    NaN
28          49       square.png  ...        Hard     AZ
29          50        HOUSE.png  ...      Normal    NaN
30          51       circle.png  ...      Normal    NaN
31          52     pentagon.png  ...      Normal     AZ
32          53       square.png  ...        Hard    NaN
33          54       square.png  ...      Normal    NaN
34          55        PLANE.png  ...      Normal    NaN
35          56      hexagon.png  ...      Normal     AZ
36          57       square.png  ...      Normal     AZ
37          58       circle.png  ...      Normal    NaN
38          59       square.png  ...        Hard     AZ
39          60       SPIDER.png  ...      Normal    NaN

[40 rows x 10 columns], item_path='level_set/level_set_3/1_0_original_icons/pentagon.png', item_name='pentagon.png', alter_item_name='44')
Đang xử lý: 'level_set/level_set_3/1_0_original_icons/pentagon.png' (Kích thước gốc: (250, 250))
==> Đã lưu vào: 'level_set/level_set_3/1_1_icons/pentagon.png' (Kích thước mới: (17, 17))
Đã tải ảnh 'level_set/level_set_3/1_1_icons/pentagon.png' (Kích thước: 17x17)
Sử dụng ngưỡng Alpha: 128
Hoàn thành! Đã lưu board vào 'level_set/level_set_3/1_board_test/44'.
--- Đang tải board từ: level_set/level_set_3/1_board_test/44 ---
Đã tải thành công 192 ô 'editable'.
Tổng số ô có thể vẽ: 192

========================================
--- BẮT ĐẦU VÒNG LẶP (Length = 25) ---
Ô đã chiếm: 0 / Ô còn trống: 192
Đề xuất tạo 8 mũi tên cho vòng lặp này...
Generating level in painted area... (This will be slow)
Trying to generate arrow 1/8...
Trying to generate arrow 2/8...
Trying to generate arrow 3/8...
Trying to generate arrow 4/8...
Trying to generate arrow 5/8...
Trying to generate arrow 6/8...
Trying to generate arrow 7/8...
Trying to generate arrow 8/8...
Successfully generated 8 arrows!
Kết quả vòng lặp: Successfully generated 8 arrows!
Giảm độ dài từ 25...
Độ dài vòng tiếp theo: 20

========================================
--- BẮT ĐẦU VÒNG LẶP (Length = 20) ---
Ô đã chiếm: 149 / Ô còn trống: 43
Đề xuất tạo 2 mũi tên cho vòng lặp này...
Generating level in painted area... (This will be slow)
Trying to generate arrow 1/2...
Could not find valid arrow 1. Stopping.
Kết quả vòng lặp: Generation complete, but 0 valid arrows found. Try again.
Không thể tạo thêm mũi tên ở độ dài này.
Giảm độ dài từ 20...
Độ dài vòng tiếp theo: 15

========================================
--- BẮT ĐẦU VÒNG LẶP (Length = 15) ---
Ô đã chiếm: 149 / Ô còn trống: 43
Đề xuất tạo 3 mũi tên cho vòng lặp này...
Generating level in painted area... (This will be slow)
Trying to generate arrow 1/3...
Trying to generate arrow 2/3...
Trying to generate arrow 3/3...
Could not find valid arrow 3. Stopping.
Successfully generated 2 arrows!
Kết quả vòng lặp: Successfully generated 2 arrows!
Giảm độ dài từ 15...
Độ dài vòng tiếp theo: 10

========================================
--- BẮT ĐẦU VÒNG LẶP (Length = 10) ---
Ô đã chiếm: 163 / Ô còn trống: 29
Đề xuất tạo 3 mũi tên cho vòng lặp này...
Generating level in painted area... (This will be slow)
Trying to generate arrow 1/3...
Trying to generate arrow 2/3...
Could not find valid arrow 2. Stopping.
Successfully generated 1 arrows!
Kết quả vòng lặp: Successfully generated 1 arrows!
Giảm độ dài từ 10...
Độ dài vòng tiếp theo: 5

========================================
--- BẮT ĐẦU VÒNG LẶP (Length = 5) ---
Ô đã chiếm: 168 / Ô còn trống: 24
Đề xuất tạo 5 mũi tên cho vòng lặp này...
Generating level in painted area... (This will be slow)
Trying to generate arrow 1/5...
Trying to generate arrow 2/5...
Trying to generate arrow 3/5...
Trying to generate arrow 4/5...
Trying to generate arrow 5/5...
Successfully generated 5 arrows!
Kết quả vòng lặp: Successfully generated 5 arrows!
Tiếp tục lặp lại ở độ dài tối thiểu (5)...

========================================
--- BẮT ĐẦU VÒNG LẶP (Length = 5) ---
Ô đã chiếm: 180 / Ô còn trống: 12
Đề xuất tạo 2 mũi tên cho vòng lặp này...
Generating level in painted area... (This will be slow)
Trying to generate arrow 1/2...
Could not find valid arrow 1. Stopping.
Kết quả vòng lặp: Generation complete, but 0 valid arrows found. Try again.
Không thể tạo thêm mũi tên ở độ dài này.
Đã đạt độ dài tối thiểu và không thể tạo thêm. Dừng.

========================================
--- ĐÃ HOÀN TẤT TẤT CẢ CÁC VÒNG LẶP ---
Tổng cộng đã tạo: 16 mũi tên.
Đã lấp đầy 180 / 192 ô (93.8%)
--- Đang lưu kết quả ra: level_set/level_set_3/2_result_test/44.json ---
Đã lưu thành công level 17x16 với 16 mũi tên.
--- Bản đồ kết quả (ASCII) ---
                   
         ^         
       #####       
      #<#####      
    .^####.##<#    
   #########<###   
  ##############.  
 ######.####.####. 
 ####<####<####.#> 
  ######^##.#####  
  v##############  
  <#####.#^#####.  
   ##########>##   
   ##########^##   
   .##.#########   
    ##^########    
    ####<######    
                   
--- Đang render: 44 (17x16) ---
✅ Đã lưu hình ảnh vào: level_set/level_set_3/3_render/44.png
args: Args(level_set_path=PosixPath('level_set/level_set_3'), start_length=25, length_step=5, min_length=5, size=(25, 25), turn_probability=0.5, straight_weight=0.75, left_weight=0.25, right_weight=0.5, max_turns=6, generate_mode='basic', csv_path=PosixPath('level_set/level_set_3/[Data] levels - test dataframe.csv'), csv=    level_name    template_name  ...  difficulty  style
0           21     pentagon.png  ...      Normal    NaN
1           22         star.png  ...      Normal     AZ
2           23       square.png  ...        Hard    NaN
3           24     pentagon.png  ...      Normal    NaN
4           25  AIR BALLOON.png  ...      Normal    NaN
5           26       square.png  ...      Normal     AZ
6           27       circle.png  ...      Normal     AZ
7           28      hexagon.png  ...      Normal    NaN
8           29       square.png  ...        Hard     AZ
9           30         BODY.png  ...      Normal    NaN
10          31       circle.png  ...      Normal    NaN
11          32     pentagon.png  ...      Normal     AZ
12          33       square.png  ...        Hard    NaN
13          34         star.png  ...      Normal    NaN
14          35        CHESS.png  ...      Normal    NaN
15          36      hexagon.png  ...      Normal     AZ
16          37       square.png  ...      Normal     AZ
17          38       circle.png  ...      Normal    NaN
18          39       square.png  ...        Hard     AZ
19          40   CRUSTACEAN.png  ...      Normal    NaN
20          41     pentagon.png  ...      Normal    NaN
21          42         star.png  ...      Normal     AZ
22          43       square.png  ...        Hard    NaN
23          44     pentagon.png  ...      Normal    NaN
24          45  FLAT SHAPES.png  ...      Normal    NaN
25          46         star.png  ...      Normal     AZ
26          47       circle.png  ...      Normal     AZ
27          48      hexagon.png  ...      Normal    NaN
28          49       square.png  ...        Hard     AZ
29          50        HOUSE.png  ...      Normal    NaN
30          51       circle.png  ...      Normal    NaN
31          52     pentagon.png  ...      Normal     AZ
32          53       square.png  ...        Hard    NaN
33          54       square.png  ...      Normal    NaN
34          55        PLANE.png  ...      Normal    NaN
35          56      hexagon.png  ...      Normal     AZ
36          57       square.png  ...      Normal     AZ
37          58       circle.png  ...      Normal    NaN
38          59       square.png  ...        Hard     AZ
39          60       SPIDER.png  ...      Normal    NaN

[40 rows x 10 columns], item_path='level_set/level_set_3/1_0_original_icons/FLAT SHAPES.png', item_name='FLAT SHAPES.png', alter_item_name='45')
Đang xử lý: 'level_set/level_set_3/1_0_original_icons/FLAT SHAPES.png' (Kích thước gốc: (205, 206))
==> Đã lưu vào: 'level_set/level_set_3/1_1_icons/FLAT SHAPES.png' (Kích thước mới: (25, 25))
Đã tải ảnh 'level_set/level_set_3/1_1_icons/FLAT SHAPES.png' (Kích thước: 25x25)
Sử dụng ngưỡng Alpha: 128
Hoàn thành! Đã lưu board vào 'level_set/level_set_3/1_board_test/45'.
--- Đang tải board từ: level_set/level_set_3/1_board_test/45 ---
Đã tải thành công 260 ô 'editable'.
Tổng số ô có thể vẽ: 260

========================================
--- BẮT ĐẦU VÒNG LẶP (Length = 25) ---
Ô đã chiếm: 0 / Ô còn trống: 260
Đề xuất tạo 10 mũi tên cho vòng lặp này...
Generating level in painted area... (This will be slow)
Trying to generate arrow 1/10...
Trying to generate arrow 2/10...
Trying to generate arrow 3/10...
Trying to generate arrow 4/10...
Trying to generate arrow 5/10...
Trying to generate arrow 6/10...
Trying to generate arrow 7/10...
Trying to generate arrow 8/10...
Trying to generate arrow 9/10...
Trying to generate arrow 10/10...
Successfully generated 10 arrows!
Kết quả vòng lặp: Successfully generated 10 arrows!
Giảm độ dài từ 25...
Độ dài vòng tiếp theo: 20

========================================
--- BẮT ĐẦU VÒNG LẶP (Length = 20) ---
Ô đã chiếm: 180 / Ô còn trống: 80
Đề xuất tạo 4 mũi tên cho vòng lặp này...
Generating level in painted area... (This will be slow)
Trying to generate arrow 1/4...
Trying to generate arrow 2/4...
Trying to generate arrow 3/4...
Trying to generate arrow 4/4...
Could not find valid arrow 4. Stopping.
Successfully generated 3 arrows!
Kết quả vòng lặp: Successfully generated 3 arrows!
Giảm độ dài từ 20...
Độ dài vòng tiếp theo: 15

========================================
--- BẮT ĐẦU VÒNG LẶP (Length = 15) ---
Ô đã chiếm: 218 / Ô còn trống: 42
Đề xuất tạo 3 mũi tên cho vòng lặp này...
Generating level in painted area... (This will be slow)
Trying to generate arrow 1/3...
Trying to generate arrow 2/3...
Could not find valid arrow 2. Stopping.
Successfully generated 1 arrows!
Kết quả vòng lặp: Successfully generated 1 arrows!
Giảm độ dài từ 15...
Độ dài vòng tiếp theo: 10

========================================
--- BẮT ĐẦU VÒNG LẶP (Length = 10) ---
Ô đã chiếm: 225 / Ô còn trống: 35
Đề xuất tạo 4 mũi tên cho vòng lặp này...
Generating level in painted area... (This will be slow)
Trying to generate arrow 1/4...
Trying to generate arrow 2/4...
Trying to generate arrow 3/4...
Could not find valid arrow 3. Stopping.
Successfully generated 2 arrows!
Kết quả vòng lặp: Successfully generated 2 arrows!
Giảm độ dài từ 10...
Độ dài vòng tiếp theo: 5

========================================
--- BẮT ĐẦU VÒNG LẶP (Length = 5) ---
Ô đã chiếm: 236 / Ô còn trống: 24
Đề xuất tạo 5 mũi tên cho vòng lặp này...
Generating level in painted area... (This will be slow)
Trying to generate arrow 1/5...
Trying to generate arrow 2/5...
Trying to generate arrow 3/5...
Trying to generate arrow 4/5...
Trying to generate arrow 5/5...
Successfully generated 5 arrows!
Kết quả vòng lặp: Successfully generated 5 arrows!
Tiếp tục lặp lại ở độ dài tối thiểu (5)...

========================================
--- BẮT ĐẦU VÒNG LẶP (Length = 5) ---
Ô đã chiếm: 248 / Ô còn trống: 12
Đề xuất tạo 2 mũi tên cho vòng lặp này...
Generating level in painted area... (This will be slow)
Trying to generate arrow 1/2...
Could not find valid arrow 1. Stopping.
Kết quả vòng lặp: Generation complete, but 0 valid arrows found. Try again.
Không thể tạo thêm mũi tên ở độ dài này.
Đã đạt độ dài tối thiểu và không thể tạo thêm. Dừng.

========================================
--- ĐÃ HOÀN TẤT TẤT CẢ CÁC VÒNG LẶP ---
Tổng cộng đã tạo: 21 mũi tên.
Đã lấp đầy 248 / 260 ô (95.4%)
--- Đang lưu kết quả ra: level_set/level_set_3/2_result_test/45.json ---
Đã lưu thành công level 23x23 với 21 mũi tên.
--- Bản đồ kết quả (ASCII) ---
                         
            #            
           ##.           
          #####          
          #<###          
         .######         
         <######         
        ####vv.##        
       #######>###       
       ###########       
      ###.########>      
                         
                         
                         
 #########^     #>^###   
 #####v####    ########  
 ##########   ##^####### 
 v#########   ########## 
 .#########   ##.####### 
 #####<##<#   #####>#### 
 #####.####   ###.####.v 
 ##########   #########> 
 ########.#    v###>###  
 <##.<#####     ###.##   
                         
--- Đang render: 45 (23x23) ---
✅ Đã lưu hình ảnh vào: level_set/level_set_3/3_render/45.png
args: Args(level_set_path=PosixPath('level_set/level_set_3'), start_length=20, length_step=5, min_length=5, size=(20, 20), turn_probability=0.5, straight_weight=0.75, left_weight=0.25, right_weight=0.5, max_turns=6, generate_mode='advance', csv_path=PosixPath('level_set/level_set_3/[Data] levels - test dataframe.csv'), csv=    level_name    template_name  ...  difficulty  style
0           21     pentagon.png  ...      Normal    NaN
1           22         star.png  ...      Normal     AZ
2           23       square.png  ...        Hard    NaN
3           24     pentagon.png  ...      Normal    NaN
4           25  AIR BALLOON.png  ...      Normal    NaN
5           26       square.png  ...      Normal     AZ
6           27       circle.png  ...      Normal     AZ
7           28      hexagon.png  ...      Normal    NaN
8           29       square.png  ...        Hard     AZ
9           30         BODY.png  ...      Normal    NaN
10          31       circle.png  ...      Normal    NaN
11          32     pentagon.png  ...      Normal     AZ
12          33       square.png  ...        Hard    NaN
13          34         star.png  ...      Normal    NaN
14          35        CHESS.png  ...      Normal    NaN
15          36      hexagon.png  ...      Normal     AZ
16          37       square.png  ...      Normal     AZ
17          38       circle.png  ...      Normal    NaN
18          39       square.png  ...        Hard     AZ
19          40   CRUSTACEAN.png  ...      Normal    NaN
20          41     pentagon.png  ...      Normal    NaN
21          42         star.png  ...      Normal     AZ
22          43       square.png  ...        Hard    NaN
23          44     pentagon.png  ...      Normal    NaN
24          45  FLAT SHAPES.png  ...      Normal    NaN
25          46         star.png  ...      Normal     AZ
26          47       circle.png  ...      Normal     AZ
27          48      hexagon.png  ...      Normal    NaN
28          49       square.png  ...        Hard     AZ
29          50        HOUSE.png  ...      Normal    NaN
30          51       circle.png  ...      Normal    NaN
31          52     pentagon.png  ...      Normal     AZ
32          53       square.png  ...        Hard    NaN
33          54       square.png  ...      Normal    NaN
34          55        PLANE.png  ...      Normal    NaN
35          56      hexagon.png  ...      Normal     AZ
36          57       square.png  ...      Normal     AZ
37          58       circle.png  ...      Normal    NaN
38          59       square.png  ...        Hard     AZ
39          60       SPIDER.png  ...      Normal    NaN

[40 rows x 10 columns], item_path='level_set/level_set_3/1_0_original_icons/star.png', item_name='star.png', alter_item_name='46')
Đang xử lý: 'level_set/level_set_3/1_0_original_icons/star.png' (Kích thước gốc: (250, 250))
==> Đã lưu vào: 'level_set/level_set_3/1_1_icons/star.png' (Kích thước mới: (20, 20))
Đã tải ảnh 'level_set/level_set_3/1_1_icons/star.png' (Kích thước: 20x20)
Sử dụng ngưỡng Alpha: 128
Hoàn thành! Đã lưu board vào 'level_set/level_set_3/1_board_test/46'.
--- Đang tải board từ: level_set/level_set_3/1_board_test/46 ---
Đã tải thành công 140 ô 'editable'.
Tổng số ô có thể vẽ: 140

========================================
--- BẮT ĐẦU VÒNG LẶP (Length = 20) ---
Ô đã chiếm: 0 / Ô còn trống: 140
Đề xuất tạo 7 mũi tên cho vòng lặp này...
Generating ADVANCED level in painted area... (This will be slow)
Trying to generate (adv) arrow 1/7...
Trying to generate (adv) arrow 2/7...
Trying to generate (adv) arrow 3/7...
Trying to generate (adv) arrow 4/7...
Trying to generate (adv) arrow 5/7...
Trying to generate (adv) arrow 6/7...
Trying to generate (adv) arrow 7/7...
Successfully generated 7 arrows!
Kết quả vòng lặp: Successfully generated 7 arrows!
Giảm độ dài từ 20...
Độ dài vòng tiếp theo: 15

========================================
--- BẮT ĐẦU VÒNG LẶP (Length = 15) ---
Ô đã chiếm: 108 / Ô còn trống: 32
Đề xuất tạo 2 mũi tên cho vòng lặp này...
Generating ADVANCED level in painted area... (This will be slow)
Trying to generate (adv) arrow 1/2...
Trying to generate (adv) arrow 2/2...
Could not find valid arrow 2. Stopping.
Successfully generated 1 arrows!
Kết quả vòng lặp: Successfully generated 1 arrows!
Giảm độ dài từ 15...
Độ dài vòng tiếp theo: 10

========================================
--- BẮT ĐẦU VÒNG LẶP (Length = 10) ---
Ô đã chiếm: 116 / Ô còn trống: 24
Đề xuất tạo 2 mũi tên cho vòng lặp này...
Generating ADVANCED level in painted area... (This will be slow)
Trying to generate (adv) arrow 1/2...
Trying to generate (adv) arrow 2/2...
Could not find valid arrow 2. Stopping.
Successfully generated 1 arrows!
Kết quả vòng lặp: Successfully generated 1 arrows!
Giảm độ dài từ 10...
Độ dài vòng tiếp theo: 5

========================================
--- BẮT ĐẦU VÒNG LẶP (Length = 5) ---
Ô đã chiếm: 121 / Ô còn trống: 19
Đề xuất tạo 4 mũi tên cho vòng lặp này...
Generating ADVANCED level in painted area... (This will be slow)
Trying to generate (adv) arrow 1/4...
Trying to generate (adv) arrow 2/4...
Trying to generate (adv) arrow 3/4...
Trying to generate (adv) arrow 4/4...
Successfully generated 4 arrows!
Kết quả vòng lặp: Successfully generated 4 arrows!
Tiếp tục lặp lại ở độ dài tối thiểu (5)...

========================================
--- BẮT ĐẦU VÒNG LẶP (Length = 5) ---
Ô đã chiếm: 129 / Ô còn trống: 11
Đề xuất tạo 2 mũi tên cho vòng lặp này...
Generating ADVANCED level in painted area... (This will be slow)
Trying to generate (adv) arrow 1/2...
Trying to generate (adv) arrow 2/2...
Could not find valid arrow 2. Stopping.
Successfully generated 1 arrows!
Kết quả vòng lặp: Successfully generated 1 arrows!
Tiếp tục lặp lại ở độ dài tối thiểu (5)...

========================================
--- BẮT ĐẦU VÒNG LẶP (Length = 5) ---
Ô đã chiếm: 131 / Ô còn trống: 9
Đề xuất tạo 2 mũi tên cho vòng lặp này...
Generating ADVANCED level in painted area... (This will be slow)
Trying to generate (adv) arrow 1/2...
Could not find valid arrow 1. Stopping.
Kết quả vòng lặp: Generation complete, but 0 valid arrows found. Try again.
Không thể tạo thêm mũi tên ở độ dài này.
Đã đạt độ dài tối thiểu và không thể tạo thêm. Dừng.

========================================
--- ĐÃ HOÀN TẤT TẤT CẢ CÁC VÒNG LẶP ---
Tổng cộng đã tạo: 14 mũi tên.
Đã lấp đầy 131 / 140 ô (93.6%)
--- Đang lưu kết quả ra: level_set/level_set_3/2_result_test/46.json ---
Đã lưu thành công level 17x16 với 14 mũi tên.
--- Bản đồ kết quả (ASCII) ---
                    
         ##         
         ##         
        .###        
        ^##v        
       .###<#       
     ##^######.     
 ###^#####^#######. 
  .######.########  
   ############^.   
    .#######^###    
     ########v#     
     .<####<###     
     ########>^     
     ##########     
     ####  #>##     
     ##      ##     
                    
--- Đang render: 46 (17x16) ---
✅ Đã lưu hình ảnh vào: level_set/level_set_3/3_render/46.png
args: Args(level_set_path=PosixPath('level_set/level_set_3'), start_length=30, length_step=5, min_length=5, size=(20, 20), turn_probability=0.5, straight_weight=0.75, left_weight=0.25, right_weight=0.5, max_turns=6, generate_mode='advance', csv_path=PosixPath('level_set/level_set_3/[Data] levels - test dataframe.csv'), csv=    level_name    template_name  ...  difficulty  style
0           21     pentagon.png  ...      Normal    NaN
1           22         star.png  ...      Normal     AZ
2           23       square.png  ...        Hard    NaN
3           24     pentagon.png  ...      Normal    NaN
4           25  AIR BALLOON.png  ...      Normal    NaN
5           26       square.png  ...      Normal     AZ
6           27       circle.png  ...      Normal     AZ
7           28      hexagon.png  ...      Normal    NaN
8           29       square.png  ...        Hard     AZ
9           30         BODY.png  ...      Normal    NaN
10          31       circle.png  ...      Normal    NaN
11          32     pentagon.png  ...      Normal     AZ
12          33       square.png  ...        Hard    NaN
13          34         star.png  ...      Normal    NaN
14          35        CHESS.png  ...      Normal    NaN
15          36      hexagon.png  ...      Normal     AZ
16          37       square.png  ...      Normal     AZ
17          38       circle.png  ...      Normal    NaN
18          39       square.png  ...        Hard     AZ
19          40   CRUSTACEAN.png  ...      Normal    NaN
20          41     pentagon.png  ...      Normal    NaN
21          42         star.png  ...      Normal     AZ
22          43       square.png  ...        Hard    NaN
23          44     pentagon.png  ...      Normal    NaN
24          45  FLAT SHAPES.png  ...      Normal    NaN
25          46         star.png  ...      Normal     AZ
26          47       circle.png  ...      Normal     AZ
27          48      hexagon.png  ...      Normal    NaN
28          49       square.png  ...        Hard     AZ
29          50        HOUSE.png  ...      Normal    NaN
30          51       circle.png  ...      Normal    NaN
31          52     pentagon.png  ...      Normal     AZ
32          53       square.png  ...        Hard    NaN
33          54       square.png  ...      Normal    NaN
34          55        PLANE.png  ...      Normal    NaN
35          56      hexagon.png  ...      Normal     AZ
36          57       square.png  ...      Normal     AZ
37          58       circle.png  ...      Normal    NaN
38          59       square.png  ...        Hard     AZ
39          60       SPIDER.png  ...      Normal    NaN

[40 rows x 10 columns], item_path='level_set/level_set_3/1_0_original_icons/circle.png', item_name='circle.png', alter_item_name='47')
Đang xử lý: 'level_set/level_set_3/1_0_original_icons/circle.png' (Kích thước gốc: (250, 250))
==> Đã lưu vào: 'level_set/level_set_3/1_1_icons/circle.png' (Kích thước mới: (20, 20))
Đã tải ảnh 'level_set/level_set_3/1_1_icons/circle.png' (Kích thước: 20x20)
Sử dụng ngưỡng Alpha: 128
Hoàn thành! Đã lưu board vào 'level_set/level_set_3/1_board_test/47'.
--- Đang tải board từ: level_set/level_set_3/1_board_test/47 ---
Đã tải thành công 316 ô 'editable'.
Tổng số ô có thể vẽ: 316

========================================
--- BẮT ĐẦU VÒNG LẶP (Length = 30) ---
Ô đã chiếm: 0 / Ô còn trống: 316
Đề xuất tạo 11 mũi tên cho vòng lặp này...
Generating ADVANCED level in painted area... (This will be slow)
Trying to generate (adv) arrow 1/11...
Trying to generate (adv) arrow 2/11...
Trying to generate (adv) arrow 3/11...
Trying to generate (adv) arrow 4/11...
Trying to generate (adv) arrow 5/11...
Trying to generate (adv) arrow 6/11...
Trying to generate (adv) arrow 7/11...
Trying to generate (adv) arrow 8/11...
Trying to generate (adv) arrow 9/11...
Trying to generate (adv) arrow 10/11...
Trying to generate (adv) arrow 11/11...
Successfully generated 11 arrows!
Kết quả vòng lặp: Successfully generated 11 arrows!
Giảm độ dài từ 30...
Độ dài vòng tiếp theo: 25

========================================
--- BẮT ĐẦU VÒNG LẶP (Length = 25) ---
Ô đã chiếm: 210 / Ô còn trống: 106
Đề xuất tạo 4 mũi tên cho vòng lặp này...
Generating ADVANCED level in painted area... (This will be slow)
Trying to generate (adv) arrow 1/4...
Trying to generate (adv) arrow 2/4...
Trying to generate (adv) arrow 3/4...
Trying to generate (adv) arrow 4/4...
Could not find valid arrow 4. Stopping.
Successfully generated 3 arrows!
Kết quả vòng lặp: Successfully generated 3 arrows!
Giảm độ dài từ 25...
Độ dài vòng tiếp theo: 20

========================================
--- BẮT ĐẦU VÒNG LẶP (Length = 20) ---
Ô đã chiếm: 248 / Ô còn trống: 68
Đề xuất tạo 3 mũi tên cho vòng lặp này...
Generating ADVANCED level in painted area... (This will be slow)
Trying to generate (adv) arrow 1/3...
Trying to generate (adv) arrow 2/3...
Could not find valid arrow 2. Stopping.
Successfully generated 1 arrows!
Kết quả vòng lặp: Successfully generated 1 arrows!
Giảm độ dài từ 20...
Độ dài vòng tiếp theo: 15

========================================
--- BẮT ĐẦU VÒNG LẶP (Length = 15) ---
Ô đã chiếm: 258 / Ô còn trống: 58
Đề xuất tạo 4 mũi tên cho vòng lặp này...
Generating ADVANCED level in painted area... (This will be slow)
Trying to generate (adv) arrow 1/4...
Trying to generate (adv) arrow 2/4...
Could not find valid arrow 2. Stopping.
Successfully generated 1 arrows!
Kết quả vòng lặp: Successfully generated 1 arrows!
Giảm độ dài từ 15...
Độ dài vòng tiếp theo: 10

========================================
--- BẮT ĐẦU VÒNG LẶP (Length = 10) ---
Ô đã chiếm: 266 / Ô còn trống: 50
Đề xuất tạo 5 mũi tên cho vòng lặp này...
Generating ADVANCED level in painted area... (This will be slow)
Trying to generate (adv) arrow 1/5...
Trying to generate (adv) arrow 2/5...
Trying to generate (adv) arrow 3/5...
Trying to generate (adv) arrow 4/5...
Trying to generate (adv) arrow 5/5...
Successfully generated 5 arrows!
Kết quả vòng lặp: Successfully generated 5 arrows!
Giảm độ dài từ 10...
Độ dài vòng tiếp theo: 5

========================================
--- BẮT ĐẦU VÒNG LẶP (Length = 5) ---
Ô đã chiếm: 293 / Ô còn trống: 23
Đề xuất tạo 5 mũi tên cho vòng lặp này...
Generating ADVANCED level in painted area... (This will be slow)
Trying to generate (adv) arrow 1/5...
Trying to generate (adv) arrow 2/5...
Trying to generate (adv) arrow 3/5...
Trying to generate (adv) arrow 4/5...
Trying to generate (adv) arrow 5/5...
Successfully generated 5 arrows!
Kết quả vòng lặp: Successfully generated 5 arrows!
Tiếp tục lặp lại ở độ dài tối thiểu (5)...

========================================
--- BẮT ĐẦU VÒNG LẶP (Length = 5) ---
Ô đã chiếm: 303 / Ô còn trống: 13
Đề xuất tạo 3 mũi tên cho vòng lặp này...
Generating ADVANCED level in painted area... (This will be slow)
Trying to generate (adv) arrow 1/3...
Trying to generate (adv) arrow 2/3...
Could not find valid arrow 2. Stopping.
Successfully generated 1 arrows!
Kết quả vòng lặp: Successfully generated 1 arrows!
Tiếp tục lặp lại ở độ dài tối thiểu (5)...

========================================
--- BẮT ĐẦU VÒNG LẶP (Length = 5) ---
Ô đã chiếm: 307 / Ô còn trống: 9
Đề xuất tạo 2 mũi tên cho vòng lặp này...
Generating ADVANCED level in painted area... (This will be slow)
Trying to generate (adv) arrow 1/2...
Could not find valid arrow 1. Stopping.
Kết quả vòng lặp: Generation complete, but 0 valid arrows found. Try again.
Không thể tạo thêm mũi tên ở độ dài này.
Đã đạt độ dài tối thiểu và không thể tạo thêm. Dừng.

========================================
--- ĐÃ HOÀN TẤT TẤT CẢ CÁC VÒNG LẶP ---
Tổng cộng đã tạo: 27 mũi tên.
Đã lấp đầy 307 / 316 ô (97.2%)
--- Đang lưu kết quả ra: level_set/level_set_3/2_result_test/47.json ---
Đã lưu thành công level 20x20 với 27 mũi tên.
--- Bản đồ kết quả (ASCII) ---
                      
        #####>        
      ##########      
    ###########v##    
   ^###############   
   ###.#######.v<##   
  ^#################  
  #######.#.#######v  
 #################### 
 ###v###<############ 
 #################### 
 #>v################# 
 ########.########### 
 v#####.####v######<# 
  #.v###>###########  
  ###############v#v  
   ########vvv#####   
   #####<#########.   
    <##v.<###<####    
      ##########      
        #####>        
                      
--- Đang render: 47 (20x20) ---
✅ Đã lưu hình ảnh vào: level_set/level_set_3/3_render/47.png
args: Args(level_set_path=PosixPath('level_set/level_set_3'), start_length=20, length_step=5, min_length=5, size=(25, 25), turn_probability=0.5, straight_weight=0.75, left_weight=0.25, right_weight=0.5, max_turns=6, generate_mode='basic', csv_path=PosixPath('level_set/level_set_3/[Data] levels - test dataframe.csv'), csv=    level_name    template_name  ...  difficulty  style
0           21     pentagon.png  ...      Normal    NaN
1           22         star.png  ...      Normal     AZ
2           23       square.png  ...        Hard    NaN
3           24     pentagon.png  ...      Normal    NaN
4           25  AIR BALLOON.png  ...      Normal    NaN
5           26       square.png  ...      Normal     AZ
6           27       circle.png  ...      Normal     AZ
7           28      hexagon.png  ...      Normal    NaN
8           29       square.png  ...        Hard     AZ
9           30         BODY.png  ...      Normal    NaN
10          31       circle.png  ...      Normal    NaN
11          32     pentagon.png  ...      Normal     AZ
12          33       square.png  ...        Hard    NaN
13          34         star.png  ...      Normal    NaN
14          35        CHESS.png  ...      Normal    NaN
15          36      hexagon.png  ...      Normal     AZ
16          37       square.png  ...      Normal     AZ
17          38       circle.png  ...      Normal    NaN
18          39       square.png  ...        Hard     AZ
19          40   CRUSTACEAN.png  ...      Normal    NaN
20          41     pentagon.png  ...      Normal    NaN
21          42         star.png  ...      Normal     AZ
22          43       square.png  ...        Hard    NaN
23          44     pentagon.png  ...      Normal    NaN
24          45  FLAT SHAPES.png  ...      Normal    NaN
25          46         star.png  ...      Normal     AZ
26          47       circle.png  ...      Normal     AZ
27          48      hexagon.png  ...      Normal    NaN
28          49       square.png  ...        Hard     AZ
29          50        HOUSE.png  ...      Normal    NaN
30          51       circle.png  ...      Normal    NaN
31          52     pentagon.png  ...      Normal     AZ
32          53       square.png  ...        Hard    NaN
33          54       square.png  ...      Normal    NaN
34          55        PLANE.png  ...      Normal    NaN
35          56      hexagon.png  ...      Normal     AZ
36          57       square.png  ...      Normal     AZ
37          58       circle.png  ...      Normal    NaN
38          59       square.png  ...        Hard     AZ
39          60       SPIDER.png  ...      Normal    NaN

[40 rows x 10 columns], item_path='level_set/level_set_3/1_0_original_icons/hexagon.png', item_name='hexagon.png', alter_item_name='48')
Đang xử lý: 'level_set/level_set_3/1_0_original_icons/hexagon.png' (Kích thước gốc: (250, 250))
==> Đã lưu vào: 'level_set/level_set_3/1_1_icons/hexagon.png' (Kích thước mới: (25, 25))
Đã tải ảnh 'level_set/level_set_3/1_1_icons/hexagon.png' (Kích thước: 25x25)
Sử dụng ngưỡng Alpha: 128
Hoàn thành! Đã lưu board vào 'level_set/level_set_3/1_board_test/48'.
--- Đang tải board từ: level_set/level_set_3/1_board_test/48 ---
Đã tải thành công 397 ô 'editable'.
Tổng số ô có thể vẽ: 397

========================================
--- BẮT ĐẦU VÒNG LẶP (Length = 20) ---
Ô đã chiếm: 0 / Ô còn trống: 397
Đề xuất tạo 20 mũi tên cho vòng lặp này...
Generating level in painted area... (This will be slow)
Trying to generate arrow 1/20...
Trying to generate arrow 2/20...
Trying to generate arrow 3/20...
Trying to generate arrow 4/20...
Trying to generate arrow 5/20...
Trying to generate arrow 6/20...
Trying to generate arrow 7/20...
Trying to generate arrow 8/20...
Trying to generate arrow 9/20...
Trying to generate arrow 10/20...
Trying to generate arrow 11/20...
Trying to generate arrow 12/20...
Trying to generate arrow 13/20...
Trying to generate arrow 14/20...
Trying to generate arrow 15/20...
Trying to generate arrow 16/20...
Trying to generate arrow 17/20...
Trying to generate arrow 18/20...
Trying to generate arrow 19/20...
Trying to generate arrow 20/20...
Successfully generated 20 arrows!
Kết quả vòng lặp: Successfully generated 20 arrows!
Giảm độ dài từ 20...
Độ dài vòng tiếp theo: 15

========================================
--- BẮT ĐẦU VÒNG LẶP (Length = 15) ---
Ô đã chiếm: 307 / Ô còn trống: 90
Đề xuất tạo 6 mũi tên cho vòng lặp này...
Generating level in painted area... (This will be slow)
Trying to generate arrow 1/6...
Trying to generate arrow 2/6...
Trying to generate arrow 3/6...
Trying to generate arrow 4/6...
Could not find valid arrow 4. Stopping.
Successfully generated 3 arrows!
Kết quả vòng lặp: Successfully generated 3 arrows!
Giảm độ dài từ 15...
Độ dài vòng tiếp theo: 10

========================================
--- BẮT ĐẦU VÒNG LẶP (Length = 10) ---
Ô đã chiếm: 331 / Ô còn trống: 66
Đề xuất tạo 7 mũi tên cho vòng lặp này...
Generating level in painted area... (This will be slow)
Trying to generate arrow 1/7...
Trying to generate arrow 2/7...
Trying to generate arrow 3/7...
Trying to generate arrow 4/7...
Could not find valid arrow 4. Stopping.
Successfully generated 3 arrows!
Kết quả vòng lặp: Successfully generated 3 arrows!
Giảm độ dài từ 10...
Độ dài vòng tiếp theo: 5

========================================
--- BẮT ĐẦU VÒNG LẶP (Length = 5) ---
Ô đã chiếm: 347 / Ô còn trống: 50
Đề xuất tạo 10 mũi tên cho vòng lặp này...
Generating level in painted area... (This will be slow)
Trying to generate arrow 1/10...
Trying to generate arrow 2/10...
Trying to generate arrow 3/10...
Trying to generate arrow 4/10...
Trying to generate arrow 5/10...
Trying to generate arrow 6/10...
Trying to generate arrow 7/10...
Trying to generate arrow 8/10...
Trying to generate arrow 9/10...
Trying to generate arrow 10/10...
Successfully generated 10 arrows!
Kết quả vòng lặp: Successfully generated 10 arrows!
Tiếp tục lặp lại ở độ dài tối thiểu (5)...

========================================
--- BẮT ĐẦU VÒNG LẶP (Length = 5) ---
Ô đã chiếm: 368 / Ô còn trống: 29
Đề xuất tạo 6 mũi tên cho vòng lặp này...
Generating level in painted area... (This will be slow)
Trying to generate arrow 1/6...
Trying to generate arrow 2/6...
Could not find valid arrow 2. Stopping.
Successfully generated 1 arrows!
Kết quả vòng lặp: Successfully generated 1 arrows!
Tiếp tục lặp lại ở độ dài tối thiểu (5)...

========================================
--- BẮT ĐẦU VÒNG LẶP (Length = 5) ---
Ô đã chiếm: 370 / Ô còn trống: 27
Đề xuất tạo 5 mũi tên cho vòng lặp này...
Generating level in painted area... (This will be slow)
Trying to generate arrow 1/5...
Could not find valid arrow 1. Stopping.
Kết quả vòng lặp: Generation complete, but 0 valid arrows found. Try again.
Không thể tạo thêm mũi tên ở độ dài này.
Đã đạt độ dài tối thiểu và không thể tạo thêm. Dừng.

========================================
--- ĐÃ HOÀN TẤT TẤT CẢ CÁC VÒNG LẶP ---
Tổng cộng đã tạo: 37 mũi tên.
Đã lấp đầy 370 / 397 ô (93.2%)
--- Đang lưu kết quả ra: level_set/level_set_3/2_result_test/48.json ---
Đã lưu thành công level 23x21 với 37 mũi tên.
--- Bản đồ kết quả (ASCII) ---
                           
       ##>##.#>.###>       
      ######>#######>      
      #####.^########      
     ####^############     
    .#################.    
    <######^.^####.####    
   ###<###^###v#v######.   
   ########.############   
  ^##########.###.#######  
  #<###########>###v#v###  
 .#############.#####.##v. 
  #######.#######.####.##  
  ###.#v#####^.##########  
   #########.########>##   
   ###.<################   
    ######v##<#####v###    
    ##.####v#######>###    
     ################v     
      #######.vv#####      
      ####v.##.####vv      
       <#########>#.       
                           
--- Đang render: 48 (23x21) ---
✅ Đã lưu hình ảnh vào: level_set/level_set_3/3_render/48.png
args: Args(level_set_path=PosixPath('level_set/level_set_3'), start_length=20, length_step=5, min_length=5, size=(15, 25), turn_probability=0.5, straight_weight=0.75, left_weight=0.25, right_weight=0.5, max_turns=6, generate_mode='advance', csv_path=PosixPath('level_set/level_set_3/[Data] levels - test dataframe.csv'), csv=    level_name    template_name  ...  difficulty  style
0           21     pentagon.png  ...      Normal    NaN
1           22         star.png  ...      Normal     AZ
2           23       square.png  ...        Hard    NaN
3           24     pentagon.png  ...      Normal    NaN
4           25  AIR BALLOON.png  ...      Normal    NaN
5           26       square.png  ...      Normal     AZ
6           27       circle.png  ...      Normal     AZ
7           28      hexagon.png  ...      Normal    NaN
8           29       square.png  ...        Hard     AZ
9           30         BODY.png  ...      Normal    NaN
10          31       circle.png  ...      Normal    NaN
11          32     pentagon.png  ...      Normal     AZ
12          33       square.png  ...        Hard    NaN
13          34         star.png  ...      Normal    NaN
14          35        CHESS.png  ...      Normal    NaN
15          36      hexagon.png  ...      Normal     AZ
16          37       square.png  ...      Normal     AZ
17          38       circle.png  ...      Normal    NaN
18          39       square.png  ...        Hard     AZ
19          40   CRUSTACEAN.png  ...      Normal    NaN
20          41     pentagon.png  ...      Normal    NaN
21          42         star.png  ...      Normal     AZ
22          43       square.png  ...        Hard    NaN
23          44     pentagon.png  ...      Normal    NaN
24          45  FLAT SHAPES.png  ...      Normal    NaN
25          46         star.png  ...      Normal     AZ
26          47       circle.png  ...      Normal     AZ
27          48      hexagon.png  ...      Normal    NaN
28          49       square.png  ...        Hard     AZ
29          50        HOUSE.png  ...      Normal    NaN
30          51       circle.png  ...      Normal    NaN
31          52     pentagon.png  ...      Normal     AZ
32          53       square.png  ...        Hard    NaN
33          54       square.png  ...      Normal    NaN
34          55        PLANE.png  ...      Normal    NaN
35          56      hexagon.png  ...      Normal     AZ
36          57       square.png  ...      Normal     AZ
37          58       circle.png  ...      Normal    NaN
38          59       square.png  ...        Hard     AZ
39          60       SPIDER.png  ...      Normal    NaN

[40 rows x 10 columns], item_path='level_set/level_set_3/1_0_original_icons/square.png', item_name='square.png', alter_item_name='49')
Đang xử lý: 'level_set/level_set_3/1_0_original_icons/square.png' (Kích thước gốc: (250, 250))
==> Đã lưu vào: 'level_set/level_set_3/1_1_icons/square.png' (Kích thước mới: (15, 25))
Đã tải ảnh 'level_set/level_set_3/1_1_icons/square.png' (Kích thước: 15x25)
Sử dụng ngưỡng Alpha: 128
Hoàn thành! Đã lưu board vào 'level_set/level_set_3/1_board_test/49'.
--- Đang tải board từ: level_set/level_set_3/1_board_test/49 ---
Đã tải thành công 375 ô 'editable'.
Tổng số ô có thể vẽ: 375

========================================
--- BẮT ĐẦU VÒNG LẶP (Length = 20) ---
Ô đã chiếm: 0 / Ô còn trống: 375
Đề xuất tạo 19 mũi tên cho vòng lặp này...
Generating ADVANCED level in painted area... (This will be slow)
Trying to generate (adv) arrow 1/19...
Trying to generate (adv) arrow 2/19...
Trying to generate (adv) arrow 3/19...
Trying to generate (adv) arrow 4/19...
Trying to generate (adv) arrow 5/19...
Trying to generate (adv) arrow 6/19...
Trying to generate (adv) arrow 7/19...
Trying to generate (adv) arrow 8/19...
Trying to generate (adv) arrow 9/19...
Trying to generate (adv) arrow 10/19...
Trying to generate (adv) arrow 11/19...
Trying to generate (adv) arrow 12/19...
Trying to generate (adv) arrow 13/19...
Trying to generate (adv) arrow 14/19...
Trying to generate (adv) arrow 15/19...
Trying to generate (adv) arrow 16/19...
Trying to generate (adv) arrow 17/19...
Trying to generate (adv) arrow 18/19...
Trying to generate (adv) arrow 19/19...
Successfully generated 19 arrows!
Kết quả vòng lặp: Successfully generated 19 arrows!
Giảm độ dài từ 20...
Độ dài vòng tiếp theo: 15

========================================
--- BẮT ĐẦU VÒNG LẶP (Length = 15) ---
Ô đã chiếm: 295 / Ô còn trống: 80
Đề xuất tạo 5 mũi tên cho vòng lặp này...
Generating ADVANCED level in painted area... (This will be slow)
Trying to generate (adv) arrow 1/5...
Trying to generate (adv) arrow 2/5...
Trying to generate (adv) arrow 3/5...
Trying to generate (adv) arrow 4/5...
Trying to generate (adv) arrow 5/5...
Successfully generated 5 arrows!
Kết quả vòng lặp: Successfully generated 5 arrows!
Giảm độ dài từ 15...
Độ dài vòng tiếp theo: 10

========================================
--- BẮT ĐẦU VÒNG LẶP (Length = 10) ---
Ô đã chiếm: 335 / Ô còn trống: 40
Đề xuất tạo 4 mũi tên cho vòng lặp này...
Generating ADVANCED level in painted area... (This will be slow)
Trying to generate (adv) arrow 1/4...
Trying to generate (adv) arrow 2/4...
Could not find valid arrow 2. Stopping.
Successfully generated 1 arrows!
Kết quả vòng lặp: Successfully generated 1 arrows!
Giảm độ dài từ 10...
Độ dài vòng tiếp theo: 5

========================================
--- BẮT ĐẦU VÒNG LẶP (Length = 5) ---
Ô đã chiếm: 341 / Ô còn trống: 34
Đề xuất tạo 7 mũi tên cho vòng lặp này...
Generating ADVANCED level in painted area... (This will be slow)
Trying to generate (adv) arrow 1/7...
Trying to generate (adv) arrow 2/7...
Trying to generate (adv) arrow 3/7...
Trying to generate (adv) arrow 4/7...
Trying to generate (adv) arrow 5/7...
Trying to generate (adv) arrow 6/7...
Trying to generate (adv) arrow 7/7...
Successfully generated 7 arrows!
Kết quả vòng lặp: Successfully generated 7 arrows!
Tiếp tục lặp lại ở độ dài tối thiểu (5)...

========================================
--- BẮT ĐẦU VÒNG LẶP (Length = 5) ---
Ô đã chiếm: 359 / Ô còn trống: 16
Đề xuất tạo 3 mũi tên cho vòng lặp này...
Generating ADVANCED level in painted area... (This will be slow)
Trying to generate (adv) arrow 1/3...
Trying to generate (adv) arrow 2/3...
Trying to generate (adv) arrow 3/3...
Successfully generated 3 arrows!
Kết quả vòng lặp: Successfully generated 3 arrows!
Tiếp tục lặp lại ở độ dài tối thiểu (5)...

========================================
--- BẮT ĐẦU VÒNG LẶP (Length = 5) ---
Ô đã chiếm: 365 / Ô còn trống: 10
Đề xuất tạo 2 mũi tên cho vòng lặp này...
Generating ADVANCED level in painted area... (This will be slow)
Trying to generate (adv) arrow 1/2...
Trying to generate (adv) arrow 2/2...
Successfully generated 2 arrows!
Kết quả vòng lặp: Successfully generated 2 arrows!
Tiếp tục lặp lại ở độ dài tối thiểu (5)...

========================================
--- BẮT ĐẦU VÒNG LẶP (Length = 5) ---
Ô đã chiếm: 369 / Ô còn trống: 6
Đề xuất tạo 1 mũi tên cho vòng lặp này...
Generating ADVANCED level in painted area... (This will be slow)
Trying to generate (adv) arrow 1/1...
Successfully generated 1 arrows!
Kết quả vòng lặp: Successfully generated 1 arrows!
Tiếp tục lặp lại ở độ dài tối thiểu (5)...

========================================
--- BẮT ĐẦU VÒNG LẶP (Length = 5) ---
Ô đã chiếm: 371 / Ô còn trống: 4
Đề xuất tạo 1 mũi tên cho vòng lặp này...
Generating ADVANCED level in painted area... (This will be slow)
Trying to generate (adv) arrow 1/1...
Could not find valid arrow 1. Stopping.
Kết quả vòng lặp: Generation complete, but 0 valid arrows found. Try again.
Không thể tạo thêm mũi tên ở độ dài này.
Đã đạt độ dài tối thiểu và không thể tạo thêm. Dừng.

========================================
--- ĐÃ HOÀN TẤT TẤT CẢ CÁC VÒNG LẶP ---
Tổng cộng đã tạo: 38 mũi tên.
Đã lấp đầy 371 / 375 ô (98.9%)
--- Đang lưu kết quả ra: level_set/level_set_3/2_result_test/49.json ---
Đã lưu thành công level 15x25 với 38 mũi tên.
--- Bản đồ kết quả (ASCII) ---
                 
 ^^##<#########> 
 #########>^###. 
 ^#######>^####^ 
 ############### 
 ###>########### 
 ############### 
 ####>########## 
 ##<#######<#### 
 ^##>######^^### 
 ###>########### 
 ############### 
 #########^<#### 
 ####.#####<##v# 
 #########>^#### 
 ############### 
 #v<#######^#### 
 ########^####># 
 #######v####### 
 ############### 
 ############### 
 ############### 
 ###v###<####### 
 .##.#^######### 
 ##<############ 
 v<##########<## 
                 
--- Đang render: 49 (15x25) ---
✅ Đã lưu hình ảnh vào: level_set/level_set_3/3_render/49.png
args: Args(level_set_path=PosixPath('level_set/level_set_3'), start_length=20, length_step=5, min_length=5, size=(25, 25), turn_probability=0.5, straight_weight=0.75, left_weight=0.25, right_weight=0.5, max_turns=6, generate_mode='basic', csv_path=PosixPath('level_set/level_set_3/[Data] levels - test dataframe.csv'), csv=    level_name    template_name  ...  difficulty  style
0           21     pentagon.png  ...      Normal    NaN
1           22         star.png  ...      Normal     AZ
2           23       square.png  ...        Hard    NaN
3           24     pentagon.png  ...      Normal    NaN
4           25  AIR BALLOON.png  ...      Normal    NaN
5           26       square.png  ...      Normal     AZ
6           27       circle.png  ...      Normal     AZ
7           28      hexagon.png  ...      Normal    NaN
8           29       square.png  ...        Hard     AZ
9           30         BODY.png  ...      Normal    NaN
10          31       circle.png  ...      Normal    NaN
11          32     pentagon.png  ...      Normal     AZ
12          33       square.png  ...        Hard    NaN
13          34         star.png  ...      Normal    NaN
14          35        CHESS.png  ...      Normal    NaN
15          36      hexagon.png  ...      Normal     AZ
16          37       square.png  ...      Normal     AZ
17          38       circle.png  ...      Normal    NaN
18          39       square.png  ...        Hard     AZ
19          40   CRUSTACEAN.png  ...      Normal    NaN
20          41     pentagon.png  ...      Normal    NaN
21          42         star.png  ...      Normal     AZ
22          43       square.png  ...        Hard    NaN
23          44     pentagon.png  ...      Normal    NaN
24          45  FLAT SHAPES.png  ...      Normal    NaN
25          46         star.png  ...      Normal     AZ
26          47       circle.png  ...      Normal     AZ
27          48      hexagon.png  ...      Normal    NaN
28          49       square.png  ...        Hard     AZ
29          50        HOUSE.png  ...      Normal    NaN
30          51       circle.png  ...      Normal    NaN
31          52     pentagon.png  ...      Normal     AZ
32          53       square.png  ...        Hard    NaN
33          54       square.png  ...      Normal    NaN
34          55        PLANE.png  ...      Normal    NaN
35          56      hexagon.png  ...      Normal     AZ
36          57       square.png  ...      Normal     AZ
37          58       circle.png  ...      Normal    NaN
38          59       square.png  ...        Hard     AZ
39          60       SPIDER.png  ...      Normal    NaN

[40 rows x 10 columns], item_path='level_set/level_set_3/1_0_original_icons/HOUSE.png', item_name='HOUSE.png', alter_item_name='50')
Đang xử lý: 'level_set/level_set_3/1_0_original_icons/HOUSE.png' (Kích thước gốc: (241, 219))
==> Đã lưu vào: 'level_set/level_set_3/1_1_icons/HOUSE.png' (Kích thước mới: (25, 25))
Đã tải ảnh 'level_set/level_set_3/1_1_icons/HOUSE.png' (Kích thước: 25x25)
Sử dụng ngưỡng Alpha: 128
Hoàn thành! Đã lưu board vào 'level_set/level_set_3/1_board_test/50'.
--- Đang tải board từ: level_set/level_set_3/1_board_test/50 ---
Đã tải thành công 287 ô 'editable'.
Tổng số ô có thể vẽ: 287

========================================
--- BẮT ĐẦU VÒNG LẶP (Length = 20) ---
Ô đã chiếm: 0 / Ô còn trống: 287
Đề xuất tạo 14 mũi tên cho vòng lặp này...
Generating level in painted area... (This will be slow)
Trying to generate arrow 1/14...
Trying to generate arrow 2/14...
Trying to generate arrow 3/14...
Trying to generate arrow 4/14...
Trying to generate arrow 5/14...
Trying to generate arrow 6/14...
Trying to generate arrow 7/14...
Trying to generate arrow 8/14...
Trying to generate arrow 9/14...
Trying to generate arrow 10/14...
Trying to generate arrow 11/14...
Trying to generate arrow 12/14...
Trying to generate arrow 13/14...
Trying to generate arrow 14/14...
Could not find valid arrow 14. Stopping.
Successfully generated 13 arrows!
Kết quả vòng lặp: Successfully generated 13 arrows!
Giảm độ dài từ 20...
Độ dài vòng tiếp theo: 15

========================================
--- BẮT ĐẦU VÒNG LẶP (Length = 15) ---
Ô đã chiếm: 200 / Ô còn trống: 87
Đề xuất tạo 6 mũi tên cho vòng lặp này...
Generating level in painted area... (This will be slow)
Trying to generate arrow 1/6...
Trying to generate arrow 2/6...
Trying to generate arrow 3/6...
Could not find valid arrow 3. Stopping.
Successfully generated 2 arrows!
Kết quả vòng lặp: Successfully generated 2 arrows!
Giảm độ dài từ 15...
Độ dài vòng tiếp theo: 10

========================================
--- BẮT ĐẦU VÒNG LẶP (Length = 10) ---
Ô đã chiếm: 215 / Ô còn trống: 72
Đề xuất tạo 7 mũi tên cho vòng lặp này...
Generating level in painted area... (This will be slow)
Trying to generate arrow 1/7...
Trying to generate arrow 2/7...
Trying to generate arrow 3/7...
Trying to generate arrow 4/7...
Trying to generate arrow 5/7...
Trying to generate arrow 6/7...
Could not find valid arrow 6. Stopping.
Successfully generated 5 arrows!
Kết quả vòng lặp: Successfully generated 5 arrows!
Giảm độ dài từ 10...
Độ dài vòng tiếp theo: 5

========================================
--- BẮT ĐẦU VÒNG LẶP (Length = 5) ---
Ô đã chiếm: 240 / Ô còn trống: 47
Đề xuất tạo 9 mũi tên cho vòng lặp này...
Generating level in painted area... (This will be slow)
Trying to generate arrow 1/9...
Trying to generate arrow 2/9...
Trying to generate arrow 3/9...
Trying to generate arrow 4/9...
Trying to generate arrow 5/9...
Trying to generate arrow 6/9...
Trying to generate arrow 7/9...
Trying to generate arrow 8/9...
Trying to generate arrow 9/9...
Successfully generated 9 arrows!
Kết quả vòng lặp: Successfully generated 9 arrows!
Tiếp tục lặp lại ở độ dài tối thiểu (5)...

========================================
--- BẮT ĐẦU VÒNG LẶP (Length = 5) ---
Ô đã chiếm: 261 / Ô còn trống: 26
Đề xuất tạo 5 mũi tên cho vòng lặp này...
Generating level in painted area... (This will be slow)
Trying to generate arrow 1/5...
Trying to generate arrow 2/5...
Could not find valid arrow 2. Stopping.
Successfully generated 1 arrows!
Kết quả vòng lặp: Successfully generated 1 arrows!
Tiếp tục lặp lại ở độ dài tối thiểu (5)...

========================================
--- BẮT ĐẦU VÒNG LẶP (Length = 5) ---
Ô đã chiếm: 263 / Ô còn trống: 24
Đề xuất tạo 5 mũi tên cho vòng lặp này...
Generating level in painted area... (This will be slow)
Trying to generate arrow 1/5...
Could not find valid arrow 1. Stopping.
Kết quả vòng lặp: Generation complete, but 0 valid arrows found. Try again.
Không thể tạo thêm mũi tên ở độ dài này.
Đã đạt độ dài tối thiểu và không thể tạo thêm. Dừng.

========================================
--- ĐÃ HOÀN TẤT TẤT CẢ CÁC VÒNG LẶP ---
Tổng cộng đã tạo: 30 mũi tên.
Đã lấp đầy 263 / 287 ô (91.6%)
--- Đang lưu kết quả ra: level_set/level_set_3/2_result_test/50.json ---
Đã lưu thành công level 23x23 với 30 mũi tên.
--- Bản đồ kết quả (ASCII) ---
                          
            .             
           ^##            
          .####   ##      
         ######.  ##      
        ##^. .#<# .#      
       ####   #>####      
      ^###     .####      
     ###.   .   .#.#      
    ####   ###   ####     
   ####   .#.##   ###.    
  ###>   ######^   v###   
 .###   #>##>####   ##v.  
 ^##   ########.#.   ##^. 
 ##   #######.#^###   ##  
     ###############      
    .###.<#####>#####     
    ########v###vv###     
    #######<#########     
    v###>#     ######     
    ##.###     ######     
    #####.     #<###v     
    ######     ##>###     
    ##<###     ######     
    ###>vv     #####v     
                          
--- Đang render: 50 (23x23) ---
✅ Đã lưu hình ảnh vào: level_set/level_set_3/3_render/50.png
args: Args(level_set_path=PosixPath('level_set/level_set_3'), start_length=25, length_step=5, min_length=5, size=(20, 20), turn_probability=0.5, straight_weight=0.75, left_weight=0.25, right_weight=0.5, max_turns=6, generate_mode='basic', csv_path=PosixPath('level_set/level_set_3/[Data] levels - test dataframe.csv'), csv=    level_name    template_name  ...  difficulty  style
0           21     pentagon.png  ...      Normal    NaN
1           22         star.png  ...      Normal     AZ
2           23       square.png  ...        Hard    NaN
3           24     pentagon.png  ...      Normal    NaN
4           25  AIR BALLOON.png  ...      Normal    NaN
5           26       square.png  ...      Normal     AZ
6           27       circle.png  ...      Normal     AZ
7           28      hexagon.png  ...      Normal    NaN
8           29       square.png  ...        Hard     AZ
9           30         BODY.png  ...      Normal    NaN
10          31       circle.png  ...      Normal    NaN
11          32     pentagon.png  ...      Normal     AZ
12          33       square.png  ...        Hard    NaN
13          34         star.png  ...      Normal    NaN
14          35        CHESS.png  ...      Normal    NaN
15          36      hexagon.png  ...      Normal     AZ
16          37       square.png  ...      Normal     AZ
17          38       circle.png  ...      Normal    NaN
18          39       square.png  ...        Hard     AZ
19          40   CRUSTACEAN.png  ...      Normal    NaN
20          41     pentagon.png  ...      Normal    NaN
21          42         star.png  ...      Normal     AZ
22          43       square.png  ...        Hard    NaN
23          44     pentagon.png  ...      Normal    NaN
24          45  FLAT SHAPES.png  ...      Normal    NaN
25          46         star.png  ...      Normal     AZ
26          47       circle.png  ...      Normal     AZ
27          48      hexagon.png  ...      Normal    NaN
28          49       square.png  ...        Hard     AZ
29          50        HOUSE.png  ...      Normal    NaN
30          51       circle.png  ...      Normal    NaN
31          52     pentagon.png  ...      Normal     AZ
32          53       square.png  ...        Hard    NaN
33          54       square.png  ...      Normal    NaN
34          55        PLANE.png  ...      Normal    NaN
35          56      hexagon.png  ...      Normal     AZ
36          57       square.png  ...      Normal     AZ
37          58       circle.png  ...      Normal    NaN
38          59       square.png  ...        Hard     AZ
39          60       SPIDER.png  ...      Normal    NaN

[40 rows x 10 columns], item_path='level_set/level_set_3/1_0_original_icons/circle.png', item_name='circle.png', alter_item_name='51')
Đang xử lý: 'level_set/level_set_3/1_0_original_icons/circle.png' (Kích thước gốc: (250, 250))
==> Đã lưu vào: 'level_set/level_set_3/1_1_icons/circle.png' (Kích thước mới: (20, 20))
Đã tải ảnh 'level_set/level_set_3/1_1_icons/circle.png' (Kích thước: 20x20)
Sử dụng ngưỡng Alpha: 128
Hoàn thành! Đã lưu board vào 'level_set/level_set_3/1_board_test/51'.
--- Đang tải board từ: level_set/level_set_3/1_board_test/51 ---
Đã tải thành công 316 ô 'editable'.
Tổng số ô có thể vẽ: 316

========================================
--- BẮT ĐẦU VÒNG LẶP (Length = 25) ---
Ô đã chiếm: 0 / Ô còn trống: 316
Đề xuất tạo 13 mũi tên cho vòng lặp này...
Generating level in painted area... (This will be slow)
Trying to generate arrow 1/13...
Trying to generate arrow 2/13...
Trying to generate arrow 3/13...
Trying to generate arrow 4/13...
Trying to generate arrow 5/13...
Trying to generate arrow 6/13...
Trying to generate arrow 7/13...
Trying to generate arrow 8/13...
Trying to generate arrow 9/13...
Trying to generate arrow 10/13...
Trying to generate arrow 11/13...
Trying to generate arrow 12/13...
Trying to generate arrow 13/13...
Could not find valid arrow 13. Stopping.
Successfully generated 12 arrows!
Kết quả vòng lặp: Successfully generated 12 arrows!
Giảm độ dài từ 25...
Độ dài vòng tiếp theo: 20

========================================
--- BẮT ĐẦU VÒNG LẶP (Length = 20) ---
Ô đã chiếm: 231 / Ô còn trống: 85
Đề xuất tạo 4 mũi tên cho vòng lặp này...
Generating level in painted area... (This will be slow)
Trying to generate arrow 1/4...
Trying to generate arrow 2/4...
Could not find valid arrow 2. Stopping.
Successfully generated 1 arrows!
Kết quả vòng lặp: Successfully generated 1 arrows!
Giảm độ dài từ 20...
Độ dài vòng tiếp theo: 15

========================================
--- BẮT ĐẦU VÒNG LẶP (Length = 15) ---
Ô đã chiếm: 241 / Ô còn trống: 75
Đề xuất tạo 5 mũi tên cho vòng lặp này...
Generating level in painted area... (This will be slow)
Trying to generate arrow 1/5...
Trying to generate arrow 2/5...
Trying to generate arrow 3/5...
Trying to generate arrow 4/5...
Trying to generate arrow 5/5...
Could not find valid arrow 5. Stopping.
Successfully generated 4 arrows!
Kết quả vòng lặp: Successfully generated 4 arrows!
Giảm độ dài từ 15...
Độ dài vòng tiếp theo: 10

========================================
--- BẮT ĐẦU VÒNG LẶP (Length = 10) ---
Ô đã chiếm: 272 / Ô còn trống: 44
Đề xuất tạo 4 mũi tên cho vòng lặp này...
Generating level in painted area... (This will be slow)
Trying to generate arrow 1/4...
Trying to generate arrow 2/4...
Trying to generate arrow 3/4...
Could not find valid arrow 3. Stopping.
Successfully generated 2 arrows!
Kết quả vòng lặp: Successfully generated 2 arrows!
Giảm độ dài từ 10...
Độ dài vòng tiếp theo: 5

========================================
--- BẮT ĐẦU VÒNG LẶP (Length = 5) ---
Ô đã chiếm: 282 / Ô còn trống: 34
Đề xuất tạo 7 mũi tên cho vòng lặp này...
Generating level in painted area... (This will be slow)
Trying to generate arrow 1/7...
Trying to generate arrow 2/7...
Trying to generate arrow 3/7...
Trying to generate arrow 4/7...
Trying to generate arrow 5/7...
Trying to generate arrow 6/7...
Trying to generate arrow 7/7...
Successfully generated 7 arrows!
Kết quả vòng lặp: Successfully generated 7 arrows!
Tiếp tục lặp lại ở độ dài tối thiểu (5)...

========================================
--- BẮT ĐẦU VÒNG LẶP (Length = 5) ---
Ô đã chiếm: 299 / Ô còn trống: 17
Đề xuất tạo 3 mũi tên cho vòng lặp này...
Generating level in painted area... (This will be slow)
Trying to generate arrow 1/3...
Trying to generate arrow 2/3...
Trying to generate arrow 3/3...
Could not find valid arrow 3. Stopping.
Successfully generated 2 arrows!
Kết quả vòng lặp: Successfully generated 2 arrows!
Tiếp tục lặp lại ở độ dài tối thiểu (5)...

========================================
--- BẮT ĐẦU VÒNG LẶP (Length = 5) ---
Ô đã chiếm: 303 / Ô còn trống: 13
Đề xuất tạo 3 mũi tên cho vòng lặp này...
Generating level in painted area... (This will be slow)
Trying to generate arrow 1/3...
Could not find valid arrow 1. Stopping.
Kết quả vòng lặp: Generation complete, but 0 valid arrows found. Try again.
Không thể tạo thêm mũi tên ở độ dài này.
Đã đạt độ dài tối thiểu và không thể tạo thêm. Dừng.

========================================
--- ĐÃ HOÀN TẤT TẤT CẢ CÁC VÒNG LẶP ---
Tổng cộng đã tạo: 28 mũi tên.
Đã lấp đầy 303 / 316 ô (95.9%)
--- Đang lưu kết quả ra: level_set/level_set_3/2_result_test/51.json ---
Đã lưu thành công level 20x20 với 28 mũi tên.
--- Bản đồ kết quả (ASCII) ---
                      
        .<####        
      .####^v###      
    #########<####    
   ^############>##   
   ########v#######   
  ####v#v.###.<#####  
  ###############>##  
 .################### 
 #####.############## 
 #########.v#.####### 
 ######<#######<##### 
 #################.#> 
 v#####<########^###. 
  ##################  
  ##.###############  
   #.#<############   
   v^#.^#>###>####>   
    ##############    
      ###v####<#      
        <#####        
                      
--- Đang render: 51 (20x20) ---
✅ Đã lưu hình ảnh vào: level_set/level_set_3/3_render/51.png
args: Args(level_set_path=PosixPath('level_set/level_set_3'), start_length=35, length_step=5, min_length=5, size=(25, 25), turn_probability=0.5, straight_weight=0.75, left_weight=0.25, right_weight=0.5, max_turns=6, generate_mode='advance', csv_path=PosixPath('level_set/level_set_3/[Data] levels - test dataframe.csv'), csv=    level_name    template_name  ...  difficulty  style
0           21     pentagon.png  ...      Normal    NaN
1           22         star.png  ...      Normal     AZ
2           23       square.png  ...        Hard    NaN
3           24     pentagon.png  ...      Normal    NaN
4           25  AIR BALLOON.png  ...      Normal    NaN
5           26       square.png  ...      Normal     AZ
6           27       circle.png  ...      Normal     AZ
7           28      hexagon.png  ...      Normal    NaN
8           29       square.png  ...        Hard     AZ
9           30         BODY.png  ...      Normal    NaN
10          31       circle.png  ...      Normal    NaN
11          32     pentagon.png  ...      Normal     AZ
12          33       square.png  ...        Hard    NaN
13          34         star.png  ...      Normal    NaN
14          35        CHESS.png  ...      Normal    NaN
15          36      hexagon.png  ...      Normal     AZ
16          37       square.png  ...      Normal     AZ
17          38       circle.png  ...      Normal    NaN
18          39       square.png  ...        Hard     AZ
19          40   CRUSTACEAN.png  ...      Normal    NaN
20          41     pentagon.png  ...      Normal    NaN
21          42         star.png  ...      Normal     AZ
22          43       square.png  ...        Hard    NaN
23          44     pentagon.png  ...      Normal    NaN
24          45  FLAT SHAPES.png  ...      Normal    NaN
25          46         star.png  ...      Normal     AZ
26          47       circle.png  ...      Normal     AZ
27          48      hexagon.png  ...      Normal    NaN
28          49       square.png  ...        Hard     AZ
29          50        HOUSE.png  ...      Normal    NaN
30          51       circle.png  ...      Normal    NaN
31          52     pentagon.png  ...      Normal     AZ
32          53       square.png  ...        Hard    NaN
33          54       square.png  ...      Normal    NaN
34          55        PLANE.png  ...      Normal    NaN
35          56      hexagon.png  ...      Normal     AZ
36          57       square.png  ...      Normal     AZ
37          58       circle.png  ...      Normal    NaN
38          59       square.png  ...        Hard     AZ
39          60       SPIDER.png  ...      Normal    NaN

[40 rows x 10 columns], item_path='level_set/level_set_3/1_0_original_icons/pentagon.png', item_name='pentagon.png', alter_item_name='52')
Đang xử lý: 'level_set/level_set_3/1_0_original_icons/pentagon.png' (Kích thước gốc: (250, 250))
==> Đã lưu vào: 'level_set/level_set_3/1_1_icons/pentagon.png' (Kích thước mới: (25, 25))
Đã tải ảnh 'level_set/level_set_3/1_1_icons/pentagon.png' (Kích thước: 25x25)
Sử dụng ngưỡng Alpha: 128
Hoàn thành! Đã lưu board vào 'level_set/level_set_3/1_board_test/52'.
--- Đang tải board từ: level_set/level_set_3/1_board_test/52 ---
Đã tải thành công 412 ô 'editable'.
Tổng số ô có thể vẽ: 412

========================================
--- BẮT ĐẦU VÒNG LẶP (Length = 35) ---
Ô đã chiếm: 0 / Ô còn trống: 412
Đề xuất tạo 12 mũi tên cho vòng lặp này...
Generating ADVANCED level in painted area... (This will be slow)
Trying to generate (adv) arrow 1/12...
Trying to generate (adv) arrow 2/12...
Trying to generate (adv) arrow 3/12...
Trying to generate (adv) arrow 4/12...
Trying to generate (adv) arrow 5/12...
Trying to generate (adv) arrow 6/12...
Trying to generate (adv) arrow 7/12...
Trying to generate (adv) arrow 8/12...
Trying to generate (adv) arrow 9/12...
Trying to generate (adv) arrow 10/12...
Trying to generate (adv) arrow 11/12...
Trying to generate (adv) arrow 12/12...
Successfully generated 12 arrows!
Kết quả vòng lặp: Successfully generated 12 arrows!
Giảm độ dài từ 35...
Độ dài vòng tiếp theo: 30

========================================
--- BẮT ĐẦU VÒNG LẶP (Length = 30) ---
Ô đã chiếm: 242 / Ô còn trống: 170
Đề xuất tạo 6 mũi tên cho vòng lặp này...
Generating ADVANCED level in painted area... (This will be slow)
Trying to generate (adv) arrow 1/6...
Trying to generate (adv) arrow 2/6...
Trying to generate (adv) arrow 3/6...
Trying to generate (adv) arrow 4/6...
Could not find valid arrow 4. Stopping.
Successfully generated 3 arrows!
Kết quả vòng lặp: Successfully generated 3 arrows!
Giảm độ dài từ 30...
Độ dài vòng tiếp theo: 25

========================================
--- BẮT ĐẦU VÒNG LẶP (Length = 25) ---
Ô đã chiếm: 288 / Ô còn trống: 124
Đề xuất tạo 5 mũi tên cho vòng lặp này...
Generating ADVANCED level in painted area... (This will be slow)
Trying to generate (adv) arrow 1/5...
Trying to generate (adv) arrow 2/5...
Trying to generate (adv) arrow 3/5...
Trying to generate (adv) arrow 4/5...
Could not find valid arrow 4. Stopping.
Successfully generated 3 arrows!
Kết quả vòng lặp: Successfully generated 3 arrows!
Giảm độ dài từ 25...
Độ dài vòng tiếp theo: 20

========================================
--- BẮT ĐẦU VÒNG LẶP (Length = 20) ---
Ô đã chiếm: 327 / Ô còn trống: 85
Đề xuất tạo 4 mũi tên cho vòng lặp này...
Generating ADVANCED level in painted area... (This will be slow)
Trying to generate (adv) arrow 1/4...
Trying to generate (adv) arrow 2/4...
Could not find valid arrow 2. Stopping.
Successfully generated 1 arrows!
Kết quả vòng lặp: Successfully generated 1 arrows!
Giảm độ dài từ 20...
Độ dài vòng tiếp theo: 15

========================================
--- BẮT ĐẦU VÒNG LẶP (Length = 15) ---
Ô đã chiếm: 337 / Ô còn trống: 75
Đề xuất tạo 5 mũi tên cho vòng lặp này...
Generating ADVANCED level in painted area... (This will be slow)
Trying to generate (adv) arrow 1/5...
Trying to generate (adv) arrow 2/5...
Trying to generate (adv) arrow 3/5...
Trying to generate (adv) arrow 4/5...
Could not find valid arrow 4. Stopping.
Successfully generated 3 arrows!
Kết quả vòng lặp: Successfully generated 3 arrows!
Giảm độ dài từ 15...
Độ dài vòng tiếp theo: 10

========================================
--- BẮT ĐẦU VÒNG LẶP (Length = 10) ---
Ô đã chiếm: 360 / Ô còn trống: 52
Đề xuất tạo 5 mũi tên cho vòng lặp này...
Generating ADVANCED level in painted area... (This will be slow)
Trying to generate (adv) arrow 1/5...
Trying to generate (adv) arrow 2/5...
Could not find valid arrow 2. Stopping.
Successfully generated 1 arrows!
Kết quả vòng lặp: Successfully generated 1 arrows!
Giảm độ dài từ 10...
Độ dài vòng tiếp theo: 5

========================================
--- BẮT ĐẦU VÒNG LẶP (Length = 5) ---
Ô đã chiếm: 365 / Ô còn trống: 47
Đề xuất tạo 9 mũi tên cho vòng lặp này...
Generating ADVANCED level in painted area... (This will be slow)
Trying to generate (adv) arrow 1/9...
Trying to generate (adv) arrow 2/9...
Trying to generate (adv) arrow 3/9...
Trying to generate (adv) arrow 4/9...
Trying to generate (adv) arrow 5/9...
Trying to generate (adv) arrow 6/9...
Trying to generate (adv) arrow 7/9...
Trying to generate (adv) arrow 8/9...
Trying to generate (adv) arrow 9/9...
Successfully generated 9 arrows!
Kết quả vòng lặp: Successfully generated 9 arrows!
Tiếp tục lặp lại ở độ dài tối thiểu (5)...

========================================
--- BẮT ĐẦU VÒNG LẶP (Length = 5) ---
Ô đã chiếm: 387 / Ô còn trống: 25
Đề xuất tạo 5 mũi tên cho vòng lặp này...
Generating ADVANCED level in painted area... (This will be slow)
Trying to generate (adv) arrow 1/5...
Trying to generate (adv) arrow 2/5...
Trying to generate (adv) arrow 3/5...
Trying to generate (adv) arrow 4/5...
Trying to generate (adv) arrow 5/5...
Successfully generated 5 arrows!
Kết quả vòng lặp: Successfully generated 5 arrows!
Tiếp tục lặp lại ở độ dài tối thiểu (5)...

========================================
--- BẮT ĐẦU VÒNG LẶP (Length = 5) ---
Ô đã chiếm: 399 / Ô còn trống: 13
Đề xuất tạo 3 mũi tên cho vòng lặp này...
Generating ADVANCED level in painted area... (This will be slow)
Trying to generate (adv) arrow 1/3...
Trying to generate (adv) arrow 2/3...
Trying to generate (adv) arrow 3/3...
Could not find valid arrow 3. Stopping.
Successfully generated 2 arrows!
Kết quả vòng lặp: Successfully generated 2 arrows!
Tiếp tục lặp lại ở độ dài tối thiểu (5)...

========================================
--- BẮT ĐẦU VÒNG LẶP (Length = 5) ---
Ô đã chiếm: 403 / Ô còn trống: 9
Đề xuất tạo 2 mũi tên cho vòng lặp này...
Generating ADVANCED level in painted area... (This will be slow)
Trying to generate (adv) arrow 1/2...
Could not find valid arrow 1. Stopping.
Kết quả vòng lặp: Generation complete, but 0 valid arrows found. Try again.
Không thể tạo thêm mũi tên ở độ dài này.
Đã đạt độ dài tối thiểu và không thể tạo thêm. Dừng.

========================================
--- ĐÃ HOÀN TẤT TẤT CẢ CÁC VÒNG LẶP ---
Tổng cộng đã tạo: 39 mũi tên.
Đã lấp đầy 403 / 412 ô (97.8%)
--- Đang lưu kết quả ra: level_set/level_set_3/2_result_test/52.json ---
Đã lưu thành công level 25x24 với 39 mũi tên.
--- Bản đồ kết quả (ASCII) ---
                           
             ^             
            ^##            
          <##^<##          
         ######>#.         
        .########<#        
      ###############      
     ################^     
   ######^##############   
  ##.^#v###<######>######  
 ^################^######^ 
 ######################### 
  ^##########>########^#>  
  #####################<#  
  ##<###v<###############  
   #########v#######.<##   
   #################^###   
   ######<##############   
    #<##v<#####.<######    
    #########.#########    
    <#########v#<######    
     ##<####.#########     
     ################v     
     ################.     
      .<#########>###      
                           
--- Đang render: 52 (25x24) ---
✅ Đã lưu hình ảnh vào: level_set/level_set_3/3_render/52.png
args: Args(level_set_path=PosixPath('level_set/level_set_3'), start_length=25, length_step=5, min_length=5, size=(20, 25), turn_probability=0.5, straight_weight=0.75, left_weight=0.25, right_weight=0.5, max_turns=6, generate_mode='basic', csv_path=PosixPath('level_set/level_set_3/[Data] levels - test dataframe.csv'), csv=    level_name    template_name  ...  difficulty  style
0           21     pentagon.png  ...      Normal    NaN
1           22         star.png  ...      Normal     AZ
2           23       square.png  ...        Hard    NaN
3           24     pentagon.png  ...      Normal    NaN
4           25  AIR BALLOON.png  ...      Normal    NaN
5           26       square.png  ...      Normal     AZ
6           27       circle.png  ...      Normal     AZ
7           28      hexagon.png  ...      Normal    NaN
8           29       square.png  ...        Hard     AZ
9           30         BODY.png  ...      Normal    NaN
10          31       circle.png  ...      Normal    NaN
11          32     pentagon.png  ...      Normal     AZ
12          33       square.png  ...        Hard    NaN
13          34         star.png  ...      Normal    NaN
14          35        CHESS.png  ...      Normal    NaN
15          36      hexagon.png  ...      Normal     AZ
16          37       square.png  ...      Normal     AZ
17          38       circle.png  ...      Normal    NaN
18          39       square.png  ...        Hard     AZ
19          40   CRUSTACEAN.png  ...      Normal    NaN
20          41     pentagon.png  ...      Normal    NaN
21          42         star.png  ...      Normal     AZ
22          43       square.png  ...        Hard    NaN
23          44     pentagon.png  ...      Normal    NaN
24          45  FLAT SHAPES.png  ...      Normal    NaN
25          46         star.png  ...      Normal     AZ
26          47       circle.png  ...      Normal     AZ
27          48      hexagon.png  ...      Normal    NaN
28          49       square.png  ...        Hard     AZ
29          50        HOUSE.png  ...      Normal    NaN
30          51       circle.png  ...      Normal    NaN
31          52     pentagon.png  ...      Normal     AZ
32          53       square.png  ...        Hard    NaN
33          54       square.png  ...      Normal    NaN
34          55        PLANE.png  ...      Normal    NaN
35          56      hexagon.png  ...      Normal     AZ
36          57       square.png  ...      Normal     AZ
37          58       circle.png  ...      Normal    NaN
38          59       square.png  ...        Hard     AZ
39          60       SPIDER.png  ...      Normal    NaN

[40 rows x 10 columns], item_path='level_set/level_set_3/1_0_original_icons/square.png', item_name='square.png', alter_item_name='53')
Đang xử lý: 'level_set/level_set_3/1_0_original_icons/square.png' (Kích thước gốc: (250, 250))
==> Đã lưu vào: 'level_set/level_set_3/1_1_icons/square.png' (Kích thước mới: (20, 25))
Đã tải ảnh 'level_set/level_set_3/1_1_icons/square.png' (Kích thước: 20x25)
Sử dụng ngưỡng Alpha: 128
Hoàn thành! Đã lưu board vào 'level_set/level_set_3/1_board_test/53'.
--- Đang tải board từ: level_set/level_set_3/1_board_test/53 ---
Đã tải thành công 500 ô 'editable'.
Tổng số ô có thể vẽ: 500

========================================
--- BẮT ĐẦU VÒNG LẶP (Length = 25) ---
Ô đã chiếm: 0 / Ô còn trống: 500
Đề xuất tạo 20 mũi tên cho vòng lặp này...
Generating level in painted area... (This will be slow)
Trying to generate arrow 1/20...
Trying to generate arrow 2/20...
Trying to generate arrow 3/20...
Trying to generate arrow 4/20...
Trying to generate arrow 5/20...
Trying to generate arrow 6/20...
Trying to generate arrow 7/20...
Trying to generate arrow 8/20...
Trying to generate arrow 9/20...
Trying to generate arrow 10/20...
Trying to generate arrow 11/20...
Trying to generate arrow 12/20...
Trying to generate arrow 13/20...
Trying to generate arrow 14/20...
Trying to generate arrow 15/20...
Trying to generate arrow 16/20...
Trying to generate arrow 17/20...
Trying to generate arrow 18/20...
Trying to generate arrow 19/20...
Trying to generate arrow 20/20...
Successfully generated 20 arrows!
Kết quả vòng lặp: Successfully generated 20 arrows!
Giảm độ dài từ 25...
Độ dài vòng tiếp theo: 20

========================================
--- BẮT ĐẦU VÒNG LẶP (Length = 20) ---
Ô đã chiếm: 392 / Ô còn trống: 108
Đề xuất tạo 5 mũi tên cho vòng lặp này...
Generating level in painted area... (This will be slow)
Trying to generate arrow 1/5...
Trying to generate arrow 2/5...
Could not find valid arrow 2. Stopping.
Successfully generated 1 arrows!
Kết quả vòng lặp: Successfully generated 1 arrows!
Giảm độ dài từ 20...
Độ dài vòng tiếp theo: 15

========================================
--- BẮT ĐẦU VÒNG LẶP (Length = 15) ---
Ô đã chiếm: 402 / Ô còn trống: 98
Đề xuất tạo 7 mũi tên cho vòng lặp này...
Generating level in painted area... (This will be slow)
Trying to generate arrow 1/7...
Trying to generate arrow 2/7...
Trying to generate arrow 3/7...
Trying to generate arrow 4/7...
Could not find valid arrow 4. Stopping.
Successfully generated 3 arrows!
Kết quả vòng lặp: Successfully generated 3 arrows!
Giảm độ dài từ 15...
Độ dài vòng tiếp theo: 10

========================================
--- BẮT ĐẦU VÒNG LẶP (Length = 10) ---
Ô đã chiếm: 424 / Ô còn trống: 76
Đề xuất tạo 8 mũi tên cho vòng lặp này...
Generating level in painted area... (This will be slow)
Trying to generate arrow 1/8...
Trying to generate arrow 2/8...
Trying to generate arrow 3/8...
Trying to generate arrow 4/8...
Trying to generate arrow 5/8...
Trying to generate arrow 6/8...
Could not find valid arrow 6. Stopping.
Successfully generated 5 arrows!
Kết quả vòng lặp: Successfully generated 5 arrows!
Giảm độ dài từ 10...
Độ dài vòng tiếp theo: 5

========================================
--- BẮT ĐẦU VÒNG LẶP (Length = 5) ---
Ô đã chiếm: 450 / Ô còn trống: 50
Đề xuất tạo 10 mũi tên cho vòng lặp này...
Generating level in painted area... (This will be slow)
Trying to generate arrow 1/10...
Trying to generate arrow 2/10...
Trying to generate arrow 3/10...
Trying to generate arrow 4/10...
Trying to generate arrow 5/10...
Trying to generate arrow 6/10...
Trying to generate arrow 7/10...
Trying to generate arrow 8/10...
Trying to generate arrow 9/10...
Trying to generate arrow 10/10...
Successfully generated 10 arrows!
Kết quả vòng lặp: Successfully generated 10 arrows!
Tiếp tục lặp lại ở độ dài tối thiểu (5)...

========================================
--- BẮT ĐẦU VÒNG LẶP (Length = 5) ---
Ô đã chiếm: 474 / Ô còn trống: 26
Đề xuất tạo 5 mũi tên cho vòng lặp này...
Generating level in painted area... (This will be slow)
Trying to generate arrow 1/5...
Trying to generate arrow 2/5...
Trying to generate arrow 3/5...
Could not find valid arrow 3. Stopping.
Successfully generated 2 arrows!
Kết quả vòng lặp: Successfully generated 2 arrows!
Tiếp tục lặp lại ở độ dài tối thiểu (5)...

========================================
--- BẮT ĐẦU VÒNG LẶP (Length = 5) ---
Ô đã chiếm: 478 / Ô còn trống: 22
Đề xuất tạo 4 mũi tên cho vòng lặp này...
Generating level in painted area... (This will be slow)
Trying to generate arrow 1/4...
Could not find valid arrow 1. Stopping.
Kết quả vòng lặp: Generation complete, but 0 valid arrows found. Try again.
Không thể tạo thêm mũi tên ở độ dài này.
Đã đạt độ dài tối thiểu và không thể tạo thêm. Dừng.

========================================
--- ĐÃ HOÀN TẤT TẤT CẢ CÁC VÒNG LẶP ---
Tổng cộng đã tạo: 41 mũi tên.
Đã lấp đầy 478 / 500 ô (95.6%)
--- Đang lưu kết quả ra: level_set/level_set_3/2_result_test/53.json ---
Đã lưu thành công level 20x25 với 41 mũi tên.
--- Bản đồ kết quả (ASCII) ---
                      
 #>########^######>#> 
 ###.##.#######>##### 
 ##############^##### 
 #####.#########^##<# 
 ###.#^##.#########># 
 .#######^###^^.##.## 
 #######>###########. 
 #################### 
 ^##<##.##.########## 
 ###.#######^.##^#### 
 #################### 
 ####>#>##.########## 
 #########>^.#####v## 
 ##^##<############## 
 ################v### 
 #########.######.### 
 #################<## 
 #.###########<#<#.<# 
 ####.#vv############ 
 ##.################# 
 ##################<# 
 <#######v###<####### 
 <############>###### 
 #####<####v######### 
 ##########.###>##### 
                      
--- Đang render: 53 (20x25) ---
✅ Đã lưu hình ảnh vào: level_set/level_set_3/3_render/53.png
args: Args(level_set_path=PosixPath('level_set/level_set_3'), start_length=25, length_step=5, min_length=5, size=(15, 15), turn_probability=0.5, straight_weight=0.75, left_weight=0.25, right_weight=0.5, max_turns=6, generate_mode='basic', csv_path=PosixPath('level_set/level_set_3/[Data] levels - test dataframe.csv'), csv=    level_name    template_name  ...  difficulty  style
0           21     pentagon.png  ...      Normal    NaN
1           22         star.png  ...      Normal     AZ
2           23       square.png  ...        Hard    NaN
3           24     pentagon.png  ...      Normal    NaN
4           25  AIR BALLOON.png  ...      Normal    NaN
5           26       square.png  ...      Normal     AZ
6           27       circle.png  ...      Normal     AZ
7           28      hexagon.png  ...      Normal    NaN
8           29       square.png  ...        Hard     AZ
9           30         BODY.png  ...      Normal    NaN
10          31       circle.png  ...      Normal    NaN
11          32     pentagon.png  ...      Normal     AZ
12          33       square.png  ...        Hard    NaN
13          34         star.png  ...      Normal    NaN
14          35        CHESS.png  ...      Normal    NaN
15          36      hexagon.png  ...      Normal     AZ
16          37       square.png  ...      Normal     AZ
17          38       circle.png  ...      Normal    NaN
18          39       square.png  ...        Hard     AZ
19          40   CRUSTACEAN.png  ...      Normal    NaN
20          41     pentagon.png  ...      Normal    NaN
21          42         star.png  ...      Normal     AZ
22          43       square.png  ...        Hard    NaN
23          44     pentagon.png  ...      Normal    NaN
24          45  FLAT SHAPES.png  ...      Normal    NaN
25          46         star.png  ...      Normal     AZ
26          47       circle.png  ...      Normal     AZ
27          48      hexagon.png  ...      Normal    NaN
28          49       square.png  ...        Hard     AZ
29          50        HOUSE.png  ...      Normal    NaN
30          51       circle.png  ...      Normal    NaN
31          52     pentagon.png  ...      Normal     AZ
32          53       square.png  ...        Hard    NaN
33          54       square.png  ...      Normal    NaN
34          55        PLANE.png  ...      Normal    NaN
35          56      hexagon.png  ...      Normal     AZ
36          57       square.png  ...      Normal     AZ
37          58       circle.png  ...      Normal    NaN
38          59       square.png  ...        Hard     AZ
39          60       SPIDER.png  ...      Normal    NaN

[40 rows x 10 columns], item_path='level_set/level_set_3/1_0_original_icons/square.png', item_name='square.png', alter_item_name='54')
Đang xử lý: 'level_set/level_set_3/1_0_original_icons/square.png' (Kích thước gốc: (250, 250))
==> Đã lưu vào: 'level_set/level_set_3/1_1_icons/square.png' (Kích thước mới: (15, 15))
Đã tải ảnh 'level_set/level_set_3/1_1_icons/square.png' (Kích thước: 15x15)
Sử dụng ngưỡng Alpha: 128
Hoàn thành! Đã lưu board vào 'level_set/level_set_3/1_board_test/54'.
--- Đang tải board từ: level_set/level_set_3/1_board_test/54 ---
Đã tải thành công 225 ô 'editable'.
Tổng số ô có thể vẽ: 225

========================================
--- BẮT ĐẦU VÒNG LẶP (Length = 25) ---
Ô đã chiếm: 0 / Ô còn trống: 225
Đề xuất tạo 9 mũi tên cho vòng lặp này...
Generating level in painted area... (This will be slow)
Trying to generate arrow 1/9...
Trying to generate arrow 2/9...
Trying to generate arrow 3/9...
Trying to generate arrow 4/9...
Trying to generate arrow 5/9...
Trying to generate arrow 6/9...
Trying to generate arrow 7/9...
Trying to generate arrow 8/9...
Trying to generate arrow 9/9...
Could not find valid arrow 9. Stopping.
Successfully generated 8 arrows!
Kết quả vòng lặp: Successfully generated 8 arrows!
Giảm độ dài từ 25...
Độ dài vòng tiếp theo: 20

========================================
--- BẮT ĐẦU VÒNG LẶP (Length = 20) ---
Ô đã chiếm: 158 / Ô còn trống: 67
Đề xuất tạo 3 mũi tên cho vòng lặp này...
Generating level in painted area... (This will be slow)
Trying to generate arrow 1/3...
Trying to generate arrow 2/3...
Trying to generate arrow 3/3...
Could not find valid arrow 3. Stopping.
Successfully generated 2 arrows!
Kết quả vòng lặp: Successfully generated 2 arrows!
Giảm độ dài từ 20...
Độ dài vòng tiếp theo: 15

========================================
--- BẮT ĐẦU VÒNG LẶP (Length = 15) ---
Ô đã chiếm: 178 / Ô còn trống: 47
Đề xuất tạo 3 mũi tên cho vòng lặp này...
Generating level in painted area... (This will be slow)
Trying to generate arrow 1/3...
Trying to generate arrow 2/3...
Trying to generate arrow 3/3...
Successfully generated 3 arrows!
Kết quả vòng lặp: Successfully generated 3 arrows!
Giảm độ dài từ 15...
Độ dài vòng tiếp theo: 10

========================================
--- BẮT ĐẦU VÒNG LẶP (Length = 10) ---
Ô đã chiếm: 203 / Ô còn trống: 22
Đề xuất tạo 2 mũi tên cho vòng lặp này...
Generating level in painted area... (This will be slow)
Trying to generate arrow 1/2...
Could not find valid arrow 1. Stopping.
Kết quả vòng lặp: Generation complete, but 0 valid arrows found. Try again.
Không thể tạo thêm mũi tên ở độ dài này.
Giảm độ dài từ 10...
Độ dài vòng tiếp theo: 5

========================================
--- BẮT ĐẦU VÒNG LẶP (Length = 5) ---
Ô đã chiếm: 203 / Ô còn trống: 22
Đề xuất tạo 4 mũi tên cho vòng lặp này...
Generating level in painted area... (This will be slow)
Trying to generate arrow 1/4...
Trying to generate arrow 2/4...
Trying to generate arrow 3/4...
Trying to generate arrow 4/4...
Successfully generated 4 arrows!
Kết quả vòng lặp: Successfully generated 4 arrows!
Tiếp tục lặp lại ở độ dài tối thiểu (5)...

========================================
--- BẮT ĐẦU VÒNG LẶP (Length = 5) ---
Ô đã chiếm: 211 / Ô còn trống: 14
Đề xuất tạo 3 mũi tên cho vòng lặp này...
Generating level in painted area... (This will be slow)
Trying to generate arrow 1/3...
Trying to generate arrow 2/3...
Could not find valid arrow 2. Stopping.
Successfully generated 1 arrows!
Kết quả vòng lặp: Successfully generated 1 arrows!
Tiếp tục lặp lại ở độ dài tối thiểu (5)...

========================================
--- BẮT ĐẦU VÒNG LẶP (Length = 5) ---
Ô đã chiếm: 213 / Ô còn trống: 12
Đề xuất tạo 2 mũi tên cho vòng lặp này...
Generating level in painted area... (This will be slow)
Trying to generate arrow 1/2...
Could not find valid arrow 1. Stopping.
Kết quả vòng lặp: Generation complete, but 0 valid arrows found. Try again.
Không thể tạo thêm mũi tên ở độ dài này.
Đã đạt độ dài tối thiểu và không thể tạo thêm. Dừng.

========================================
--- ĐÃ HOÀN TẤT TẤT CẢ CÁC VÒNG LẶP ---
Tổng cộng đã tạo: 18 mũi tên.
Đã lấp đầy 213 / 225 ô (94.7%)
--- Đang lưu kết quả ra: level_set/level_set_3/2_result_test/54.json ---
Đã lưu thành công level 15x15 với 18 mũi tên.
--- Bản đồ kết quả (ASCII) ---
                 
 ^#######.^####^ 
 ############### 
 ##############> 
 ####.########## 
 ############.## 
 ##########^###. 
 ##.####.<#####> 
 ###v########### 
 #v#######.^#### 
 ###.#>.######## 
 #####.######### 
 ####.^######### 
 .##########vv## 
 <############## 
 <###########v#> 
                 
--- Đang render: 54 (15x15) ---
✅ Đã lưu hình ảnh vào: level_set/level_set_3/3_render/54.png
args: Args(level_set_path=PosixPath('level_set/level_set_3'), start_length=25, length_step=5, min_length=5, size=(20, 20), turn_probability=0.5, straight_weight=0.75, left_weight=0.25, right_weight=0.5, max_turns=6, generate_mode='basic', csv_path=PosixPath('level_set/level_set_3/[Data] levels - test dataframe.csv'), csv=    level_name    template_name  ...  difficulty  style
0           21     pentagon.png  ...      Normal    NaN
1           22         star.png  ...      Normal     AZ
2           23       square.png  ...        Hard    NaN
3           24     pentagon.png  ...      Normal    NaN
4           25  AIR BALLOON.png  ...      Normal    NaN
5           26       square.png  ...      Normal     AZ
6           27       circle.png  ...      Normal     AZ
7           28      hexagon.png  ...      Normal    NaN
8           29       square.png  ...        Hard     AZ
9           30         BODY.png  ...      Normal    NaN
10          31       circle.png  ...      Normal    NaN
11          32     pentagon.png  ...      Normal     AZ
12          33       square.png  ...        Hard    NaN
13          34         star.png  ...      Normal    NaN
14          35        CHESS.png  ...      Normal    NaN
15          36      hexagon.png  ...      Normal     AZ
16          37       square.png  ...      Normal     AZ
17          38       circle.png  ...      Normal    NaN
18          39       square.png  ...        Hard     AZ
19          40   CRUSTACEAN.png  ...      Normal    NaN
20          41     pentagon.png  ...      Normal    NaN
21          42         star.png  ...      Normal     AZ
22          43       square.png  ...        Hard    NaN
23          44     pentagon.png  ...      Normal    NaN
24          45  FLAT SHAPES.png  ...      Normal    NaN
25          46         star.png  ...      Normal     AZ
26          47       circle.png  ...      Normal     AZ
27          48      hexagon.png  ...      Normal    NaN
28          49       square.png  ...        Hard     AZ
29          50        HOUSE.png  ...      Normal    NaN
30          51       circle.png  ...      Normal    NaN
31          52     pentagon.png  ...      Normal     AZ
32          53       square.png  ...        Hard    NaN
33          54       square.png  ...      Normal    NaN
34          55        PLANE.png  ...      Normal    NaN
35          56      hexagon.png  ...      Normal     AZ
36          57       square.png  ...      Normal     AZ
37          58       circle.png  ...      Normal    NaN
38          59       square.png  ...        Hard     AZ
39          60       SPIDER.png  ...      Normal    NaN

[40 rows x 10 columns], item_path='level_set/level_set_3/1_0_original_icons/PLANE.png', item_name='PLANE.png', alter_item_name='55')
Đang xử lý: 'level_set/level_set_3/1_0_original_icons/PLANE.png' (Kích thước gốc: (196, 196))
==> Đã lưu vào: 'level_set/level_set_3/1_1_icons/PLANE.png' (Kích thước mới: (20, 20))
Đã tải ảnh 'level_set/level_set_3/1_1_icons/PLANE.png' (Kích thước: 20x20)
Sử dụng ngưỡng Alpha: 128
Hoàn thành! Đã lưu board vào 'level_set/level_set_3/1_board_test/55'.
--- Đang tải board từ: level_set/level_set_3/1_board_test/55 ---
Đã tải thành công 140 ô 'editable'.
Tổng số ô có thể vẽ: 140

========================================
--- BẮT ĐẦU VÒNG LẶP (Length = 25) ---
Ô đã chiếm: 0 / Ô còn trống: 140
Đề xuất tạo 6 mũi tên cho vòng lặp này...
Generating level in painted area... (This will be slow)
Trying to generate arrow 1/6...
Trying to generate arrow 2/6...
Trying to generate arrow 3/6...
Trying to generate arrow 4/6...
Trying to generate arrow 5/6...
Trying to generate arrow 6/6...
Successfully generated 6 arrows!
Kết quả vòng lặp: Successfully generated 6 arrows!
Giảm độ dài từ 25...
Độ dài vòng tiếp theo: 20

========================================
--- BẮT ĐẦU VÒNG LẶP (Length = 20) ---
Ô đã chiếm: 89 / Ô còn trống: 51
Đề xuất tạo 3 mũi tên cho vòng lặp này...
Generating level in painted area... (This will be slow)
Trying to generate arrow 1/3...
Trying to generate arrow 2/3...
Could not find valid arrow 2. Stopping.
Successfully generated 1 arrows!
Kết quả vòng lặp: Successfully generated 1 arrows!
Giảm độ dài từ 20...
Độ dài vòng tiếp theo: 15

========================================
--- BẮT ĐẦU VÒNG LẶP (Length = 15) ---
Ô đã chiếm: 99 / Ô còn trống: 41
Đề xuất tạo 3 mũi tên cho vòng lặp này...
Generating level in painted area... (This will be slow)
Trying to generate arrow 1/3...
Trying to generate arrow 2/3...
Could not find valid arrow 2. Stopping.
Successfully generated 1 arrows!
Kết quả vòng lặp: Successfully generated 1 arrows!
Giảm độ dài từ 15...
Độ dài vòng tiếp theo: 10

========================================
--- BẮT ĐẦU VÒNG LẶP (Length = 10) ---
Ô đã chiếm: 108 / Ô còn trống: 32
Đề xuất tạo 3 mũi tên cho vòng lặp này...
Generating level in painted area... (This will be slow)
Trying to generate arrow 1/3...
Trying to generate arrow 2/3...
Could not find valid arrow 2. Stopping.
Successfully generated 1 arrows!
Kết quả vòng lặp: Successfully generated 1 arrows!
Giảm độ dài từ 10...
Độ dài vòng tiếp theo: 5

========================================
--- BẮT ĐẦU VÒNG LẶP (Length = 5) ---
Ô đã chiếm: 113 / Ô còn trống: 27
Đề xuất tạo 5 mũi tên cho vòng lặp này...
Generating level in painted area... (This will be slow)
Trying to generate arrow 1/5...
Trying to generate arrow 2/5...
Trying to generate arrow 3/5...
Trying to generate arrow 4/5...
Trying to generate arrow 5/5...
Could not find valid arrow 5. Stopping.
Successfully generated 4 arrows!
Kết quả vòng lặp: Successfully generated 4 arrows!
Tiếp tục lặp lại ở độ dài tối thiểu (5)...

========================================
--- BẮT ĐẦU VÒNG LẶP (Length = 5) ---
Ô đã chiếm: 122 / Ô còn trống: 18
Đề xuất tạo 4 mũi tên cho vòng lặp này...
Generating level in painted area... (This will be slow)
Trying to generate arrow 1/4...
Could not find valid arrow 1. Stopping.
Kết quả vòng lặp: Generation complete, but 0 valid arrows found. Try again.
Không thể tạo thêm mũi tên ở độ dài này.
Đã đạt độ dài tối thiểu và không thể tạo thêm. Dừng.

========================================
--- ĐÃ HOÀN TẤT TẤT CẢ CÁC VÒNG LẶP ---
Tổng cộng đã tạo: 13 mũi tên.
Đã lấp đầy 122 / 140 ô (87.1%)
--- Đang lưu kết quả ra: level_set/level_set_3/2_result_test/55.json ---
Đã lưu thành công level 17x17 với 13 mũi tên.
--- Bản đồ kết quả (ASCII) ---
                     
                 .   
                ##^  
  ##           #>##. 
 .###^.       .###.  
  ####^##.   ##.##   
    #########>###    
     .<#########     
       ########      
        .####^#      
        #######      
        ########     
       ##v #####     
      .##   #>v#     
  #  #>.     ###^    
 .####.      ####    
   ###        ###    
    .#         ###   
     v.        ###   
     .          .    
                     
--- Đang render: 55 (17x17) ---
✅ Đã lưu hình ảnh vào: level_set/level_set_3/3_render/55.png
args: Args(level_set_path=PosixPath('level_set/level_set_3'), start_length=20, length_step=5, min_length=5, size=(20, 20), turn_probability=0.5, straight_weight=0.75, left_weight=0.25, right_weight=0.5, max_turns=6, generate_mode='advance', csv_path=PosixPath('level_set/level_set_3/[Data] levels - test dataframe.csv'), csv=    level_name    template_name  ...  difficulty  style
0           21     pentagon.png  ...      Normal    NaN
1           22         star.png  ...      Normal     AZ
2           23       square.png  ...        Hard    NaN
3           24     pentagon.png  ...      Normal    NaN
4           25  AIR BALLOON.png  ...      Normal    NaN
5           26       square.png  ...      Normal     AZ
6           27       circle.png  ...      Normal     AZ
7           28      hexagon.png  ...      Normal    NaN
8           29       square.png  ...        Hard     AZ
9           30         BODY.png  ...      Normal    NaN
10          31       circle.png  ...      Normal    NaN
11          32     pentagon.png  ...      Normal     AZ
12          33       square.png  ...        Hard    NaN
13          34         star.png  ...      Normal    NaN
14          35        CHESS.png  ...      Normal    NaN
15          36      hexagon.png  ...      Normal     AZ
16          37       square.png  ...      Normal     AZ
17          38       circle.png  ...      Normal    NaN
18          39       square.png  ...        Hard     AZ
19          40   CRUSTACEAN.png  ...      Normal    NaN
20          41     pentagon.png  ...      Normal    NaN
21          42         star.png  ...      Normal     AZ
22          43       square.png  ...        Hard    NaN
23          44     pentagon.png  ...      Normal    NaN
24          45  FLAT SHAPES.png  ...      Normal    NaN
25          46         star.png  ...      Normal     AZ
26          47       circle.png  ...      Normal     AZ
27          48      hexagon.png  ...      Normal    NaN
28          49       square.png  ...        Hard     AZ
29          50        HOUSE.png  ...      Normal    NaN
30          51       circle.png  ...      Normal    NaN
31          52     pentagon.png  ...      Normal     AZ
32          53       square.png  ...        Hard    NaN
33          54       square.png  ...      Normal    NaN
34          55        PLANE.png  ...      Normal    NaN
35          56      hexagon.png  ...      Normal     AZ
36          57       square.png  ...      Normal     AZ
37          58       circle.png  ...      Normal    NaN
38          59       square.png  ...        Hard     AZ
39          60       SPIDER.png  ...      Normal    NaN

[40 rows x 10 columns], item_path='level_set/level_set_3/1_0_original_icons/hexagon.png', item_name='hexagon.png', alter_item_name='56')
Đang xử lý: 'level_set/level_set_3/1_0_original_icons/hexagon.png' (Kích thước gốc: (250, 250))
==> Đã lưu vào: 'level_set/level_set_3/1_1_icons/hexagon.png' (Kích thước mới: (20, 20))
Đã tải ảnh 'level_set/level_set_3/1_1_icons/hexagon.png' (Kích thước: 20x20)
Sử dụng ngưỡng Alpha: 128
Hoàn thành! Đã lưu board vào 'level_set/level_set_3/1_board_test/56'.
--- Đang tải board từ: level_set/level_set_3/1_board_test/56 ---
Đã tải thành công 268 ô 'editable'.
Tổng số ô có thể vẽ: 268

========================================
--- BẮT ĐẦU VÒNG LẶP (Length = 20) ---
Ô đã chiếm: 0 / Ô còn trống: 268
Đề xuất tạo 13 mũi tên cho vòng lặp này...
Generating ADVANCED level in painted area... (This will be slow)
Trying to generate (adv) arrow 1/13...
Trying to generate (adv) arrow 2/13...
Trying to generate (adv) arrow 3/13...
Trying to generate (adv) arrow 4/13...
Trying to generate (adv) arrow 5/13...
Trying to generate (adv) arrow 6/13...
Trying to generate (adv) arrow 7/13...
Trying to generate (adv) arrow 8/13...
Trying to generate (adv) arrow 9/13...
Trying to generate (adv) arrow 10/13...
Trying to generate (adv) arrow 11/13...
Trying to generate (adv) arrow 12/13...
Trying to generate (adv) arrow 13/13...
Successfully generated 13 arrows!
Kết quả vòng lặp: Successfully generated 13 arrows!
Giảm độ dài từ 20...
Độ dài vòng tiếp theo: 15

========================================
--- BẮT ĐẦU VÒNG LẶP (Length = 15) ---
Ô đã chiếm: 179 / Ô còn trống: 89
Đề xuất tạo 6 mũi tên cho vòng lặp này...
Generating ADVANCED level in painted area... (This will be slow)
Trying to generate (adv) arrow 1/6...
Trying to generate (adv) arrow 2/6...
Trying to generate (adv) arrow 3/6...
Trying to generate (adv) arrow 4/6...
Trying to generate (adv) arrow 5/6...
Trying to generate (adv) arrow 6/6...
Could not find valid arrow 6. Stopping.
Successfully generated 5 arrows!
Kết quả vòng lặp: Successfully generated 5 arrows!
Giảm độ dài từ 15...
Độ dài vòng tiếp theo: 10

========================================
--- BẮT ĐẦU VÒNG LẶP (Length = 10) ---
Ô đã chiếm: 217 / Ô còn trống: 51
Đề xuất tạo 5 mũi tên cho vòng lặp này...
Generating ADVANCED level in painted area... (This will be slow)
Trying to generate (adv) arrow 1/5...
Trying to generate (adv) arrow 2/5...
Trying to generate (adv) arrow 3/5...
Trying to generate (adv) arrow 4/5...
Could not find valid arrow 4. Stopping.
Successfully generated 3 arrows!
Kết quả vòng lặp: Successfully generated 3 arrows!
Giảm độ dài từ 10...
Độ dài vòng tiếp theo: 5

========================================
--- BẮT ĐẦU VÒNG LẶP (Length = 5) ---
Ô đã chiếm: 234 / Ô còn trống: 34
Đề xuất tạo 7 mũi tên cho vòng lặp này...
Generating ADVANCED level in painted area... (This will be slow)
Trying to generate (adv) arrow 1/7...
Trying to generate (adv) arrow 2/7...
Trying to generate (adv) arrow 3/7...
Trying to generate (adv) arrow 4/7...
Trying to generate (adv) arrow 5/7...
Trying to generate (adv) arrow 6/7...
Trying to generate (adv) arrow 7/7...
Successfully generated 7 arrows!
Kết quả vòng lặp: Successfully generated 7 arrows!
Tiếp tục lặp lại ở độ dài tối thiểu (5)...

========================================
--- BẮT ĐẦU VÒNG LẶP (Length = 5) ---
Ô đã chiếm: 252 / Ô còn trống: 16
Đề xuất tạo 3 mũi tên cho vòng lặp này...
Generating ADVANCED level in painted area... (This will be slow)
Trying to generate (adv) arrow 1/3...
Trying to generate (adv) arrow 2/3...
Trying to generate (adv) arrow 3/3...
Successfully generated 3 arrows!
Kết quả vòng lặp: Successfully generated 3 arrows!
Tiếp tục lặp lại ở độ dài tối thiểu (5)...

========================================
--- BẮT ĐẦU VÒNG LẶP (Length = 5) ---
Ô đã chiếm: 258 / Ô còn trống: 10
Đề xuất tạo 2 mũi tên cho vòng lặp này...
Generating ADVANCED level in painted area... (This will be slow)
Trying to generate (adv) arrow 1/2...
Could not find valid arrow 1. Stopping.
Kết quả vòng lặp: Generation complete, but 0 valid arrows found. Try again.
Không thể tạo thêm mũi tên ở độ dài này.
Đã đạt độ dài tối thiểu và không thể tạo thêm. Dừng.

========================================
--- ĐÃ HOÀN TẤT TẤT CẢ CÁC VÒNG LẶP ---
Tổng cộng đã tạo: 31 mũi tên.
Đã lấp đầy 258 / 268 ô (96.3%)
--- Đang lưu kết quả ra: level_set/level_set_3/2_result_test/56.json ---
Đã lưu thành công level 20x18 với 31 mũi tên.
--- Bản đồ kết quả (ASCII) ---
                      
      #######^^#      
     .v#####>####     
     ############     
    #v######^#####    
    #.v###########    
   ^###############   
  .####v###>#######.  
  ##############.##^  
 ^#####>###v##.###v## 
 ########^########### 
  ###########>.##>##  
  ####vv########>.#v  
   ########>#######   
    ##<#v#######>#    
    ##.<##########    
     #########<##     
     .#<#########     
      ####>####v      
                      
--- Đang render: 56 (20x18) ---
✅ Đã lưu hình ảnh vào: level_set/level_set_3/3_render/56.png
args: Args(level_set_path=PosixPath('level_set/level_set_3'), start_length=35, length_step=5, min_length=5, size=(25, 25), turn_probability=0.5, straight_weight=0.75, left_weight=0.25, right_weight=0.5, max_turns=6, generate_mode='advance', csv_path=PosixPath('level_set/level_set_3/[Data] levels - test dataframe.csv'), csv=    level_name    template_name  ...  difficulty  style
0           21     pentagon.png  ...      Normal    NaN
1           22         star.png  ...      Normal     AZ
2           23       square.png  ...        Hard    NaN
3           24     pentagon.png  ...      Normal    NaN
4           25  AIR BALLOON.png  ...      Normal    NaN
5           26       square.png  ...      Normal     AZ
6           27       circle.png  ...      Normal     AZ
7           28      hexagon.png  ...      Normal    NaN
8           29       square.png  ...        Hard     AZ
9           30         BODY.png  ...      Normal    NaN
10          31       circle.png  ...      Normal    NaN
11          32     pentagon.png  ...      Normal     AZ
12          33       square.png  ...        Hard    NaN
13          34         star.png  ...      Normal    NaN
14          35        CHESS.png  ...      Normal    NaN
15          36      hexagon.png  ...      Normal     AZ
16          37       square.png  ...      Normal     AZ
17          38       circle.png  ...      Normal    NaN
18          39       square.png  ...        Hard     AZ
19          40   CRUSTACEAN.png  ...      Normal    NaN
20          41     pentagon.png  ...      Normal    NaN
21          42         star.png  ...      Normal     AZ
22          43       square.png  ...        Hard    NaN
23          44     pentagon.png  ...      Normal    NaN
24          45  FLAT SHAPES.png  ...      Normal    NaN
25          46         star.png  ...      Normal     AZ
26          47       circle.png  ...      Normal     AZ
27          48      hexagon.png  ...      Normal    NaN
28          49       square.png  ...        Hard     AZ
29          50        HOUSE.png  ...      Normal    NaN
30          51       circle.png  ...      Normal    NaN
31          52     pentagon.png  ...      Normal     AZ
32          53       square.png  ...        Hard    NaN
33          54       square.png  ...      Normal    NaN
34          55        PLANE.png  ...      Normal    NaN
35          56      hexagon.png  ...      Normal     AZ
36          57       square.png  ...      Normal     AZ
37          58       circle.png  ...      Normal    NaN
38          59       square.png  ...        Hard     AZ
39          60       SPIDER.png  ...      Normal    NaN

[40 rows x 10 columns], item_path='level_set/level_set_3/1_0_original_icons/square.png', item_name='square.png', alter_item_name='57')
Đang xử lý: 'level_set/level_set_3/1_0_original_icons/square.png' (Kích thước gốc: (250, 250))
==> Đã lưu vào: 'level_set/level_set_3/1_1_icons/square.png' (Kích thước mới: (25, 25))
Đã tải ảnh 'level_set/level_set_3/1_1_icons/square.png' (Kích thước: 25x25)
Sử dụng ngưỡng Alpha: 128
Hoàn thành! Đã lưu board vào 'level_set/level_set_3/1_board_test/57'.
--- Đang tải board từ: level_set/level_set_3/1_board_test/57 ---
Đã tải thành công 625 ô 'editable'.
Tổng số ô có thể vẽ: 625

========================================
--- BẮT ĐẦU VÒNG LẶP (Length = 35) ---
Ô đã chiếm: 0 / Ô còn trống: 625
Đề xuất tạo 18 mũi tên cho vòng lặp này...
Generating ADVANCED level in painted area... (This will be slow)
Trying to generate (adv) arrow 1/18...
Trying to generate (adv) arrow 2/18...
Trying to generate (adv) arrow 3/18...
Trying to generate (adv) arrow 4/18...
Trying to generate (adv) arrow 5/18...
Trying to generate (adv) arrow 6/18...
Trying to generate (adv) arrow 7/18...
Trying to generate (adv) arrow 8/18...
Trying to generate (adv) arrow 9/18...
Trying to generate (adv) arrow 10/18...
Trying to generate (adv) arrow 11/18...
Trying to generate (adv) arrow 12/18...
Trying to generate (adv) arrow 13/18...
Trying to generate (adv) arrow 14/18...
Trying to generate (adv) arrow 15/18...
Trying to generate (adv) arrow 16/18...
Trying to generate (adv) arrow 17/18...
Trying to generate (adv) arrow 18/18...
Successfully generated 18 arrows!
Kết quả vòng lặp: Successfully generated 18 arrows!
Giảm độ dài từ 35...
Độ dài vòng tiếp theo: 30

========================================
--- BẮT ĐẦU VÒNG LẶP (Length = 30) ---
Ô đã chiếm: 372 / Ô còn trống: 253
Đề xuất tạo 8 mũi tên cho vòng lặp này...
Generating ADVANCED level in painted area... (This will be slow)
Trying to generate (adv) arrow 1/8...
Trying to generate (adv) arrow 2/8...
Trying to generate (adv) arrow 3/8...
Trying to generate (adv) arrow 4/8...
Trying to generate (adv) arrow 5/8...
Trying to generate (adv) arrow 6/8...
Could not find valid arrow 6. Stopping.
Successfully generated 5 arrows!
Kết quả vòng lặp: Successfully generated 5 arrows!
Giảm độ dài từ 30...
Độ dài vòng tiếp theo: 25

========================================
--- BẮT ĐẦU VÒNG LẶP (Length = 25) ---
Ô đã chiếm: 451 / Ô còn trống: 174
Đề xuất tạo 7 mũi tên cho vòng lặp này...
Generating ADVANCED level in painted area... (This will be slow)
Trying to generate (adv) arrow 1/7...
Trying to generate (adv) arrow 2/7...
Trying to generate (adv) arrow 3/7...
Trying to generate (adv) arrow 4/7...
Could not find valid arrow 4. Stopping.
Successfully generated 3 arrows!
Kết quả vòng lặp: Successfully generated 3 arrows!
Giảm độ dài từ 25...
Độ dài vòng tiếp theo: 20

========================================
--- BẮT ĐẦU VÒNG LẶP (Length = 20) ---
Ô đã chiếm: 488 / Ô còn trống: 137
Đề xuất tạo 7 mũi tên cho vòng lặp này...
Generating ADVANCED level in painted area... (This will be slow)
Trying to generate (adv) arrow 1/7...
Trying to generate (adv) arrow 2/7...
Trying to generate (adv) arrow 3/7...
Could not find valid arrow 3. Stopping.
Successfully generated 2 arrows!
Kết quả vòng lặp: Successfully generated 2 arrows!
Giảm độ dài từ 20...
Độ dài vòng tiếp theo: 15

========================================
--- BẮT ĐẦU VÒNG LẶP (Length = 15) ---
Ô đã chiếm: 508 / Ô còn trống: 117
Đề xuất tạo 8 mũi tên cho vòng lặp này...
Generating ADVANCED level in painted area... (This will be slow)
Trying to generate (adv) arrow 1/8...
Trying to generate (adv) arrow 2/8...
Trying to generate (adv) arrow 3/8...
Trying to generate (adv) arrow 4/8...
Trying to generate (adv) arrow 5/8...
Trying to generate (adv) arrow 6/8...
Trying to generate (adv) arrow 7/8...
Could not find valid arrow 7. Stopping.
Successfully generated 6 arrows!
Kết quả vòng lặp: Successfully generated 6 arrows!
Giảm độ dài từ 15...
Độ dài vòng tiếp theo: 10

========================================
--- BẮT ĐẦU VÒNG LẶP (Length = 10) ---
Ô đã chiếm: 553 / Ô còn trống: 72
Đề xuất tạo 7 mũi tên cho vòng lặp này...
Generating ADVANCED level in painted area... (This will be slow)
Trying to generate (adv) arrow 1/7...
Trying to generate (adv) arrow 2/7...
Trying to generate (adv) arrow 3/7...
Trying to generate (adv) arrow 4/7...
Could not find valid arrow 4. Stopping.
Successfully generated 3 arrows!
Kết quả vòng lặp: Successfully generated 3 arrows!
Giảm độ dài từ 10...
Độ dài vòng tiếp theo: 5

========================================
--- BẮT ĐẦU VÒNG LẶP (Length = 5) ---
Ô đã chiếm: 569 / Ô còn trống: 56
Đề xuất tạo 11 mũi tên cho vòng lặp này...
Generating ADVANCED level in painted area... (This will be slow)
Trying to generate (adv) arrow 1/11...
Trying to generate (adv) arrow 2/11...
Trying to generate (adv) arrow 3/11...
Trying to generate (adv) arrow 4/11...
Trying to generate (adv) arrow 5/11...
Trying to generate (adv) arrow 6/11...
Trying to generate (adv) arrow 7/11...
Trying to generate (adv) arrow 8/11...
Trying to generate (adv) arrow 9/11...
Trying to generate (adv) arrow 10/11...
Trying to generate (adv) arrow 11/11...
Successfully generated 11 arrows!
Kết quả vòng lặp: Successfully generated 11 arrows!
Tiếp tục lặp lại ở độ dài tối thiểu (5)...

========================================
--- BẮT ĐẦU VÒNG LẶP (Length = 5) ---
Ô đã chiếm: 595 / Ô còn trống: 30
Đề xuất tạo 6 mũi tên cho vòng lặp này...
Generating ADVANCED level in painted area... (This will be slow)
Trying to generate (adv) arrow 1/6...
Trying to generate (adv) arrow 2/6...
Trying to generate (adv) arrow 3/6...
Trying to generate (adv) arrow 4/6...
Trying to generate (adv) arrow 5/6...
Trying to generate (adv) arrow 6/6...
Successfully generated 6 arrows!
Kết quả vòng lặp: Successfully generated 6 arrows!
Tiếp tục lặp lại ở độ dài tối thiểu (5)...

========================================
--- BẮT ĐẦU VÒNG LẶP (Length = 5) ---
Ô đã chiếm: 607 / Ô còn trống: 18
Đề xuất tạo 4 mũi tên cho vòng lặp này...
Generating ADVANCED level in painted area... (This will be slow)
Trying to generate (adv) arrow 1/4...
Trying to generate (adv) arrow 2/4...
Could not find valid arrow 2. Stopping.
Successfully generated 1 arrows!
Kết quả vòng lặp: Successfully generated 1 arrows!
Tiếp tục lặp lại ở độ dài tối thiểu (5)...

========================================
--- BẮT ĐẦU VÒNG LẶP (Length = 5) ---
Ô đã chiếm: 609 / Ô còn trống: 16
Đề xuất tạo 3 mũi tên cho vòng lặp này...
Generating ADVANCED level in painted area... (This will be slow)
Trying to generate (adv) arrow 1/3...
Could not find valid arrow 1. Stopping.
Kết quả vòng lặp: Generation complete, but 0 valid arrows found. Try again.
Không thể tạo thêm mũi tên ở độ dài này.
Đã đạt độ dài tối thiểu và không thể tạo thêm. Dừng.

========================================
--- ĐÃ HOÀN TẤT TẤT CẢ CÁC VÒNG LẶP ---
Tổng cộng đã tạo: 55 mũi tên.
Đã lấp đầy 609 / 625 ô (97.4%)
--- Đang lưu kết quả ra: level_set/level_set_3/2_result_test/57.json ---
Đã lưu thành công level 25x25 với 55 mũi tên.
--- Bản đồ kết quả (ASCII) ---
                           
 ##############>^#####^##> 
 ##########^########.##### 
 ##.################>##### 
 #########v##>^#####.##### 
 #######^################# 
 #<##v###########^######.# 
 #######^#########^#####^# 
 ######################### 
 ####>####v#v############# 
 ###########.############# 
 ###.####>#######>.######> 
 ######################### 
 #################>####>.# 
 ######<#####<#^########## 
 ##v#.##<############^#>#> 
 ######################### 
 ########.################ 
 v###.##v<####v########### 
 .<####<######.###vv###>## 
 <#########.v##########^## 
 ###.######<############## 
 ###^##################### 
 #######v#>#>####>##v##### 
 #######################v# 
 v##<#.<################## 
                           
--- Đang render: 57 (25x25) ---
✅ Đã lưu hình ảnh vào: level_set/level_set_3/3_render/57.png
args: Args(level_set_path=PosixPath('level_set/level_set_3'), start_length=20, length_step=5, min_length=5, size=(20, 20), turn_probability=0.5, straight_weight=0.75, left_weight=0.25, right_weight=0.5, max_turns=6, generate_mode='basic', csv_path=PosixPath('level_set/level_set_3/[Data] levels - test dataframe.csv'), csv=    level_name    template_name  ...  difficulty  style
0           21     pentagon.png  ...      Normal    NaN
1           22         star.png  ...      Normal     AZ
2           23       square.png  ...        Hard    NaN
3           24     pentagon.png  ...      Normal    NaN
4           25  AIR BALLOON.png  ...      Normal    NaN
5           26       square.png  ...      Normal     AZ
6           27       circle.png  ...      Normal     AZ
7           28      hexagon.png  ...      Normal    NaN
8           29       square.png  ...        Hard     AZ
9           30         BODY.png  ...      Normal    NaN
10          31       circle.png  ...      Normal    NaN
11          32     pentagon.png  ...      Normal     AZ
12          33       square.png  ...        Hard    NaN
13          34         star.png  ...      Normal    NaN
14          35        CHESS.png  ...      Normal    NaN
15          36      hexagon.png  ...      Normal     AZ
16          37       square.png  ...      Normal     AZ
17          38       circle.png  ...      Normal    NaN
18          39       square.png  ...        Hard     AZ
19          40   CRUSTACEAN.png  ...      Normal    NaN
20          41     pentagon.png  ...      Normal    NaN
21          42         star.png  ...      Normal     AZ
22          43       square.png  ...        Hard    NaN
23          44     pentagon.png  ...      Normal    NaN
24          45  FLAT SHAPES.png  ...      Normal    NaN
25          46         star.png  ...      Normal     AZ
26          47       circle.png  ...      Normal     AZ
27          48      hexagon.png  ...      Normal    NaN
28          49       square.png  ...        Hard     AZ
29          50        HOUSE.png  ...      Normal    NaN
30          51       circle.png  ...      Normal    NaN
31          52     pentagon.png  ...      Normal     AZ
32          53       square.png  ...        Hard    NaN
33          54       square.png  ...      Normal    NaN
34          55        PLANE.png  ...      Normal    NaN
35          56      hexagon.png  ...      Normal     AZ
36          57       square.png  ...      Normal     AZ
37          58       circle.png  ...      Normal    NaN
38          59       square.png  ...        Hard     AZ
39          60       SPIDER.png  ...      Normal    NaN

[40 rows x 10 columns], item_path='level_set/level_set_3/1_0_original_icons/circle.png', item_name='circle.png', alter_item_name='58')
Đang xử lý: 'level_set/level_set_3/1_0_original_icons/circle.png' (Kích thước gốc: (250, 250))
==> Đã lưu vào: 'level_set/level_set_3/1_1_icons/circle.png' (Kích thước mới: (20, 20))
Đã tải ảnh 'level_set/level_set_3/1_1_icons/circle.png' (Kích thước: 20x20)
Sử dụng ngưỡng Alpha: 128
Hoàn thành! Đã lưu board vào 'level_set/level_set_3/1_board_test/58'.
--- Đang tải board từ: level_set/level_set_3/1_board_test/58 ---
Đã tải thành công 316 ô 'editable'.
Tổng số ô có thể vẽ: 316

========================================
--- BẮT ĐẦU VÒNG LẶP (Length = 20) ---
Ô đã chiếm: 0 / Ô còn trống: 316
Đề xuất tạo 16 mũi tên cho vòng lặp này...
Generating level in painted area... (This will be slow)
Trying to generate arrow 1/16...
Trying to generate arrow 2/16...
Trying to generate arrow 3/16...
Trying to generate arrow 4/16...
Trying to generate arrow 5/16...
Trying to generate arrow 6/16...
Trying to generate arrow 7/16...
Trying to generate arrow 8/16...
Trying to generate arrow 9/16...
Trying to generate arrow 10/16...
Trying to generate arrow 11/16...
Trying to generate arrow 12/16...
Trying to generate arrow 13/16...
Trying to generate arrow 14/16...
Trying to generate arrow 15/16...
Could not find valid arrow 15. Stopping.
Successfully generated 14 arrows!
Kết quả vòng lặp: Successfully generated 14 arrows!
Giảm độ dài từ 20...
Độ dài vòng tiếp theo: 15

========================================
--- BẮT ĐẦU VÒNG LẶP (Length = 15) ---
Ô đã chiếm: 238 / Ô còn trống: 78
Đề xuất tạo 5 mũi tên cho vòng lặp này...
Generating level in painted area... (This will be slow)
Trying to generate arrow 1/5...
Trying to generate arrow 2/5...
Trying to generate arrow 3/5...
Could not find valid arrow 3. Stopping.
Successfully generated 2 arrows!
Kết quả vòng lặp: Successfully generated 2 arrows!
Giảm độ dài từ 15...
Độ dài vòng tiếp theo: 10

========================================
--- BẮT ĐẦU VÒNG LẶP (Length = 10) ---
Ô đã chiếm: 254 / Ô còn trống: 62
Đề xuất tạo 6 mũi tên cho vòng lặp này...
Generating level in painted area... (This will be slow)
Trying to generate arrow 1/6...
Trying to generate arrow 2/6...
Trying to generate arrow 3/6...
Could not find valid arrow 3. Stopping.
Successfully generated 2 arrows!
Kết quả vòng lặp: Successfully generated 2 arrows!
Giảm độ dài từ 10...
Độ dài vòng tiếp theo: 5

========================================
--- BẮT ĐẦU VÒNG LẶP (Length = 5) ---
Ô đã chiếm: 266 / Ô còn trống: 50
Đề xuất tạo 10 mũi tên cho vòng lặp này...
Generating level in painted area... (This will be slow)
Trying to generate arrow 1/10...
Trying to generate arrow 2/10...
Trying to generate arrow 3/10...
Trying to generate arrow 4/10...
Trying to generate arrow 5/10...
Trying to generate arrow 6/10...
Trying to generate arrow 7/10...
Trying to generate arrow 8/10...
Trying to generate arrow 9/10...
Trying to generate arrow 10/10...
Successfully generated 10 arrows!
Kết quả vòng lặp: Successfully generated 10 arrows!
Tiếp tục lặp lại ở độ dài tối thiểu (5)...

========================================
--- BẮT ĐẦU VÒNG LẶP (Length = 5) ---
Ô đã chiếm: 291 / Ô còn trống: 25
Đề xuất tạo 5 mũi tên cho vòng lặp này...
Generating level in painted area... (This will be slow)
Trying to generate arrow 1/5...
Trying to generate arrow 2/5...
Trying to generate arrow 3/5...
Trying to generate arrow 4/5...
Could not find valid arrow 4. Stopping.
Successfully generated 3 arrows!
Kết quả vòng lặp: Successfully generated 3 arrows!
Tiếp tục lặp lại ở độ dài tối thiểu (5)...

========================================
--- BẮT ĐẦU VÒNG LẶP (Length = 5) ---
Ô đã chiếm: 297 / Ô còn trống: 19
Đề xuất tạo 4 mũi tên cho vòng lặp này...
Generating level in painted area... (This will be slow)
Trying to generate arrow 1/4...
Could not find valid arrow 1. Stopping.
Kết quả vòng lặp: Generation complete, but 0 valid arrows found. Try again.
Không thể tạo thêm mũi tên ở độ dài này.
Đã đạt độ dài tối thiểu và không thể tạo thêm. Dừng.

========================================
--- ĐÃ HOÀN TẤT TẤT CẢ CÁC VÒNG LẶP ---
Tổng cộng đã tạo: 31 mũi tên.
Đã lấp đầy 297 / 316 ô (94.0%)
--- Đang lưu kết quả ra: level_set/level_set_3/2_result_test/58.json ---
Đã lưu thành công level 20x20 với 31 mũi tên.
--- Bản đồ kết quả (ASCII) ---
                      
        ####<#        
      #########.      
    ########>##^##    
   #####^v#########   
   ######.#>#######   
  <##.<#####.#v####^  
  ###.####.#####.#>#  
 ########>###.####### 
 #^##########^####### 
 v###^############.## 
 ###########.^##>#>## 
 v########.#####.#### 
 .##################. 
  ###.#####<#^####>#  
  ###^.#v###########  
   #.##############   
   ####<#########v.   
    ####>####^###>    
      #########>      
        #####.        
                      
--- Đang render: 58 (20x20) ---
✅ Đã lưu hình ảnh vào: level_set/level_set_3/3_render/58.png
args: Args(level_set_path=PosixPath('level_set/level_set_3'), start_length=20, length_step=5, min_length=5, size=(15, 25), turn_probability=0.5, straight_weight=0.75, left_weight=0.25, right_weight=0.5, max_turns=6, generate_mode='advance', csv_path=PosixPath('level_set/level_set_3/[Data] levels - test dataframe.csv'), csv=    level_name    template_name  ...  difficulty  style
0           21     pentagon.png  ...      Normal    NaN
1           22         star.png  ...      Normal     AZ
2           23       square.png  ...        Hard    NaN
3           24     pentagon.png  ...      Normal    NaN
4           25  AIR BALLOON.png  ...      Normal    NaN
5           26       square.png  ...      Normal     AZ
6           27       circle.png  ...      Normal     AZ
7           28      hexagon.png  ...      Normal    NaN
8           29       square.png  ...        Hard     AZ
9           30         BODY.png  ...      Normal    NaN
10          31       circle.png  ...      Normal    NaN
11          32     pentagon.png  ...      Normal     AZ
12          33       square.png  ...        Hard    NaN
13          34         star.png  ...      Normal    NaN
14          35        CHESS.png  ...      Normal    NaN
15          36      hexagon.png  ...      Normal     AZ
16          37       square.png  ...      Normal     AZ
17          38       circle.png  ...      Normal    NaN
18          39       square.png  ...        Hard     AZ
19          40   CRUSTACEAN.png  ...      Normal    NaN
20          41     pentagon.png  ...      Normal    NaN
21          42         star.png  ...      Normal     AZ
22          43       square.png  ...        Hard    NaN
23          44     pentagon.png  ...      Normal    NaN
24          45  FLAT SHAPES.png  ...      Normal    NaN
25          46         star.png  ...      Normal     AZ
26          47       circle.png  ...      Normal     AZ
27          48      hexagon.png  ...      Normal    NaN
28          49       square.png  ...        Hard     AZ
29          50        HOUSE.png  ...      Normal    NaN
30          51       circle.png  ...      Normal    NaN
31          52     pentagon.png  ...      Normal     AZ
32          53       square.png  ...        Hard    NaN
33          54       square.png  ...      Normal    NaN
34          55        PLANE.png  ...      Normal    NaN
35          56      hexagon.png  ...      Normal     AZ
36          57       square.png  ...      Normal     AZ
37          58       circle.png  ...      Normal    NaN
38          59       square.png  ...        Hard     AZ
39          60       SPIDER.png  ...      Normal    NaN

[40 rows x 10 columns], item_path='level_set/level_set_3/1_0_original_icons/square.png', item_name='square.png', alter_item_name='59')
Đang xử lý: 'level_set/level_set_3/1_0_original_icons/square.png' (Kích thước gốc: (250, 250))
==> Đã lưu vào: 'level_set/level_set_3/1_1_icons/square.png' (Kích thước mới: (15, 25))
Đã tải ảnh 'level_set/level_set_3/1_1_icons/square.png' (Kích thước: 15x25)
Sử dụng ngưỡng Alpha: 128
Hoàn thành! Đã lưu board vào 'level_set/level_set_3/1_board_test/59'.
--- Đang tải board từ: level_set/level_set_3/1_board_test/59 ---
Đã tải thành công 375 ô 'editable'.
Tổng số ô có thể vẽ: 375

========================================
--- BẮT ĐẦU VÒNG LẶP (Length = 20) ---
Ô đã chiếm: 0 / Ô còn trống: 375
Đề xuất tạo 19 mũi tên cho vòng lặp này...
Generating ADVANCED level in painted area... (This will be slow)
Trying to generate (adv) arrow 1/19...
Trying to generate (adv) arrow 2/19...
Trying to generate (adv) arrow 3/19...
Trying to generate (adv) arrow 4/19...
Trying to generate (adv) arrow 5/19...
Trying to generate (adv) arrow 6/19...
Trying to generate (adv) arrow 7/19...
Trying to generate (adv) arrow 8/19...
Trying to generate (adv) arrow 9/19...
Trying to generate (adv) arrow 10/19...
Trying to generate (adv) arrow 11/19...
Trying to generate (adv) arrow 12/19...
Trying to generate (adv) arrow 13/19...
Trying to generate (adv) arrow 14/19...
Trying to generate (adv) arrow 15/19...
Trying to generate (adv) arrow 16/19...
Trying to generate (adv) arrow 17/19...
Trying to generate (adv) arrow 18/19...
Trying to generate (adv) arrow 19/19...
Successfully generated 19 arrows!
Kết quả vòng lặp: Successfully generated 19 arrows!
Giảm độ dài từ 20...
Độ dài vòng tiếp theo: 15

========================================
--- BẮT ĐẦU VÒNG LẶP (Length = 15) ---
Ô đã chiếm: 291 / Ô còn trống: 84
Đề xuất tạo 6 mũi tên cho vòng lặp này...
Generating ADVANCED level in painted area... (This will be slow)
Trying to generate (adv) arrow 1/6...
Trying to generate (adv) arrow 2/6...
Trying to generate (adv) arrow 3/6...
Trying to generate (adv) arrow 4/6...
Could not find valid arrow 4. Stopping.
Successfully generated 3 arrows!
Kết quả vòng lặp: Successfully generated 3 arrows!
Giảm độ dài từ 15...
Độ dài vòng tiếp theo: 10

========================================
--- BẮT ĐẦU VÒNG LẶP (Length = 10) ---
Ô đã chiếm: 316 / Ô còn trống: 59
Đề xuất tạo 6 mũi tên cho vòng lặp này...
Generating ADVANCED level in painted area... (This will be slow)
Trying to generate (adv) arrow 1/6...
Trying to generate (adv) arrow 2/6...
Trying to generate (adv) arrow 3/6...
Trying to generate (adv) arrow 4/6...
Trying to generate (adv) arrow 5/6...
Trying to generate (adv) arrow 6/6...
Could not find valid arrow 6. Stopping.
Successfully generated 5 arrows!
Kết quả vòng lặp: Successfully generated 5 arrows!
Giảm độ dài từ 10...
Độ dài vòng tiếp theo: 5

========================================
--- BẮT ĐẦU VÒNG LẶP (Length = 5) ---
Ô đã chiếm: 343 / Ô còn trống: 32
Đề xuất tạo 6 mũi tên cho vòng lặp này...
Generating ADVANCED level in painted area... (This will be slow)
Trying to generate (adv) arrow 1/6...
Trying to generate (adv) arrow 2/6...
Trying to generate (adv) arrow 3/6...
Trying to generate (adv) arrow 4/6...
Trying to generate (adv) arrow 5/6...
Trying to generate (adv) arrow 6/6...
Successfully generated 6 arrows!
Kết quả vòng lặp: Successfully generated 6 arrows!
Tiếp tục lặp lại ở độ dài tối thiểu (5)...

========================================
--- BẮT ĐẦU VÒNG LẶP (Length = 5) ---
Ô đã chiếm: 355 / Ô còn trống: 20
Đề xuất tạo 4 mũi tên cho vòng lặp này...
Generating ADVANCED level in painted area... (This will be slow)
Trying to generate (adv) arrow 1/4...
Trying to generate (adv) arrow 2/4...
Trying to generate (adv) arrow 3/4...
Trying to generate (adv) arrow 4/4...
Successfully generated 4 arrows!
Kết quả vòng lặp: Successfully generated 4 arrows!
Tiếp tục lặp lại ở độ dài tối thiểu (5)...

========================================
--- BẮT ĐẦU VÒNG LẶP (Length = 5) ---
Ô đã chiếm: 363 / Ô còn trống: 12
Đề xuất tạo 2 mũi tên cho vòng lặp này...
Generating ADVANCED level in painted area... (This will be slow)
Trying to generate (adv) arrow 1/2...
Trying to generate (adv) arrow 2/2...
Could not find valid arrow 2. Stopping.
Successfully generated 1 arrows!
Kết quả vòng lặp: Successfully generated 1 arrows!
Tiếp tục lặp lại ở độ dài tối thiểu (5)...

========================================
--- BẮT ĐẦU VÒNG LẶP (Length = 5) ---
Ô đã chiếm: 365 / Ô còn trống: 10
Đề xuất tạo 2 mũi tên cho vòng lặp này...
Generating ADVANCED level in painted area... (This will be slow)
Trying to generate (adv) arrow 1/2...
Could not find valid arrow 1. Stopping.
Kết quả vòng lặp: Generation complete, but 0 valid arrows found. Try again.
Không thể tạo thêm mũi tên ở độ dài này.
Đã đạt độ dài tối thiểu và không thể tạo thêm. Dừng.

========================================
--- ĐÃ HOÀN TẤT TẤT CẢ CÁC VÒNG LẶP ---
Tổng cộng đã tạo: 38 mũi tên.
Đã lấp đầy 365 / 375 ô (97.3%)
--- Đang lưu kết quả ra: level_set/level_set_3/2_result_test/59.json ---
Đã lưu thành công level 15x25 với 38 mũi tên.
--- Bản đồ kết quả (ASCII) ---
                 
 ###########>#>^ 
 ####.##.####### 
 ############### 
 ##>#####.^##### 
 ############### 
 ############### 
 v#.#######^#### 
 #######v####### 
 ##########^^^## 
 #>v############ 
 #####>##v###### 
 ########.####^# 
 ############### 
 #####v###<##### 
 ############### 
 v##vv########## 
 ###>########### 
 #######.####### 
 ############### 
 ##>vv########## 
 ########vv##>#> 
 ##v############ 
 v###.##.##>#>.# 
 #######<#<##### 
 ####>.######>#> 
                 
--- Đang render: 59 (15x25) ---
✅ Đã lưu hình ảnh vào: level_set/level_set_3/3_render/59.png
args: Args(level_set_path=PosixPath('level_set/level_set_3'), start_length=20, length_step=5, min_length=5, size=(30, 30), turn_probability=0.5, straight_weight=0.75, left_weight=0.25, right_weight=0.5, max_turns=6, generate_mode='basic', csv_path=PosixPath('level_set/level_set_3/[Data] levels - test dataframe.csv'), csv=    level_name    template_name  ...  difficulty  style
0           21     pentagon.png  ...      Normal    NaN
1           22         star.png  ...      Normal     AZ
2           23       square.png  ...        Hard    NaN
3           24     pentagon.png  ...      Normal    NaN
4           25  AIR BALLOON.png  ...      Normal    NaN
5           26       square.png  ...      Normal     AZ
6           27       circle.png  ...      Normal     AZ
7           28      hexagon.png  ...      Normal    NaN
8           29       square.png  ...        Hard     AZ
9           30         BODY.png  ...      Normal    NaN
10          31       circle.png  ...      Normal    NaN
11          32     pentagon.png  ...      Normal     AZ
12          33       square.png  ...        Hard    NaN
13          34         star.png  ...      Normal    NaN
14          35        CHESS.png  ...      Normal    NaN
15          36      hexagon.png  ...      Normal     AZ
16          37       square.png  ...      Normal     AZ
17          38       circle.png  ...      Normal    NaN
18          39       square.png  ...        Hard     AZ
19          40   CRUSTACEAN.png  ...      Normal    NaN
20          41     pentagon.png  ...      Normal    NaN
21          42         star.png  ...      Normal     AZ
22          43       square.png  ...        Hard    NaN
23          44     pentagon.png  ...      Normal    NaN
24          45  FLAT SHAPES.png  ...      Normal    NaN
25          46         star.png  ...      Normal     AZ
26          47       circle.png  ...      Normal     AZ
27          48      hexagon.png  ...      Normal    NaN
28          49       square.png  ...        Hard     AZ
29          50        HOUSE.png  ...      Normal    NaN
30          51       circle.png  ...      Normal    NaN
31          52     pentagon.png  ...      Normal     AZ
32          53       square.png  ...        Hard    NaN
33          54       square.png  ...      Normal    NaN
34          55        PLANE.png  ...      Normal    NaN
35          56      hexagon.png  ...      Normal     AZ
36          57       square.png  ...      Normal     AZ
37          58       circle.png  ...      Normal    NaN
38          59       square.png  ...        Hard     AZ
39          60       SPIDER.png  ...      Normal    NaN

[40 rows x 10 columns], item_path='level_set/level_set_3/1_0_original_icons/SPIDER.png', item_name='SPIDER.png', alter_item_name='60')
Đang xử lý: 'level_set/level_set_3/1_0_original_icons/SPIDER.png' (Kích thước gốc: (256, 231))
==> Đã lưu vào: 'level_set/level_set_3/1_1_icons/SPIDER.png' (Kích thước mới: (30, 30))
Đã tải ảnh 'level_set/level_set_3/1_1_icons/SPIDER.png' (Kích thước: 30x30)
Sử dụng ngưỡng Alpha: 128
Hoàn thành! Đã lưu board vào 'level_set/level_set_3/1_board_test/60'.
--- Đang tải board từ: level_set/level_set_3/1_board_test/60 ---
Đã tải thành công 289 ô 'editable'.
Tổng số ô có thể vẽ: 289

========================================
--- BẮT ĐẦU VÒNG LẶP (Length = 20) ---
Ô đã chiếm: 0 / Ô còn trống: 289
Đề xuất tạo 14 mũi tên cho vòng lặp này...
Generating level in painted area... (This will be slow)
Trying to generate arrow 1/14...
Trying to generate arrow 2/14...
Trying to generate arrow 3/14...
Trying to generate arrow 4/14...
Trying to generate arrow 5/14...
Trying to generate arrow 6/14...
Trying to generate arrow 7/14...
Trying to generate arrow 8/14...
Trying to generate arrow 9/14...
Trying to generate arrow 10/14...
Trying to generate arrow 11/14...
Trying to generate arrow 12/14...
Trying to generate arrow 13/14...
Trying to generate arrow 14/14...
Could not find valid arrow 14. Stopping.
Successfully generated 13 arrows!
Kết quả vòng lặp: Successfully generated 13 arrows!
Giảm độ dài từ 20...
Độ dài vòng tiếp theo: 15

========================================
--- BẮT ĐẦU VÒNG LẶP (Length = 15) ---
Ô đã chiếm: 202 / Ô còn trống: 87
Đề xuất tạo 6 mũi tên cho vòng lặp này...
Generating level in painted area... (This will be slow)
Trying to generate arrow 1/6...
Trying to generate arrow 2/6...
Could not find valid arrow 2. Stopping.
Successfully generated 1 arrows!
Kết quả vòng lặp: Successfully generated 1 arrows!
Giảm độ dài từ 15...
Độ dài vòng tiếp theo: 10

========================================
--- BẮT ĐẦU VÒNG LẶP (Length = 10) ---
Ô đã chiếm: 210 / Ô còn trống: 79
Đề xuất tạo 8 mũi tên cho vòng lặp này...
Generating level in painted area... (This will be slow)
Trying to generate arrow 1/8...
Trying to generate arrow 2/8...
Trying to generate arrow 3/8...
Trying to generate arrow 4/8...
Trying to generate arrow 5/8...
Trying to generate arrow 6/8...
Trying to generate arrow 7/8...
Could not find valid arrow 7. Stopping.
Successfully generated 6 arrows!
Kết quả vòng lặp: Successfully generated 6 arrows!
Giảm độ dài từ 10...
Độ dài vòng tiếp theo: 5

========================================
--- BẮT ĐẦU VÒNG LẶP (Length = 5) ---
Ô đã chiếm: 241 / Ô còn trống: 48
Đề xuất tạo 10 mũi tên cho vòng lặp này...
Generating level in painted area... (This will be slow)
Trying to generate arrow 1/10...
Trying to generate arrow 2/10...
Trying to generate arrow 3/10...
Trying to generate arrow 4/10...
Trying to generate arrow 5/10...
Trying to generate arrow 6/10...
Trying to generate arrow 7/10...
Trying to generate arrow 8/10...
Trying to generate arrow 9/10...
Trying to generate arrow 10/10...
Successfully generated 10 arrows!
Kết quả vòng lặp: Successfully generated 10 arrows!
Tiếp tục lặp lại ở độ dài tối thiểu (5)...

========================================
--- BẮT ĐẦU VÒNG LẶP (Length = 5) ---
Ô đã chiếm: 263 / Ô còn trống: 26
Đề xuất tạo 5 mũi tên cho vòng lặp này...
Generating level in painted area... (This will be slow)
Trying to generate arrow 1/5...
Could not find valid arrow 1. Stopping.
Kết quả vòng lặp: Generation complete, but 0 valid arrows found. Try again.
Không thể tạo thêm mũi tên ở độ dài này.
Đã đạt độ dài tối thiểu và không thể tạo thêm. Dừng.

========================================
--- ĐÃ HOÀN TẤT TẤT CẢ CÁC VÒNG LẶP ---
Tổng cộng đã tạo: 30 mũi tên.
Đã lấp đầy 263 / 289 ô (91.0%)
--- Đang lưu kết quả ra: level_set/level_set_3/2_result_test/60.json ---
Đã lưu thành công level 30x27 với 30 mũi tên.
--- Bản đồ kết quả (ASCII) ---
                                
        <#            <#        
        #              #        
        #              #        
        #              #        
       ##              ##       
   #   #                #   #   
   #   #                #   #   
   ##  ##     ####     ##  ##   
    v   ##   .#>##^   ##   v    
    .    ##  ^#####  ##    .    
     #    ##.###^#####    ^     
     ####  #######^##  ####     
        ####^.##########        
           ##<###.##.           
            #######v            
          ############          
      .<######.##.#####.<#      
     .    .#######.#>.#   .     
    .    .##########.##    .    
   ^   ## <#########># ##   ^   
  ##  ##  ######>###^#  ##  ##  
 ##  .#   ###v#######v   #   ## 
      #    ####^####^    #      
      #    ###v######    #      
      #     ####.###     #      
      #       .<##.      #      
      v                  v      
      .                  .      
                                
--- Đang render: 60 (30x27) ---
✅ Đã lưu hình ảnh vào: level_set/level_set_3/3_render/60.png
