[LOGGING] Bắt đầu ghi log vào logs/debug_2025-10-30_16-05-48.log

args: Args(level_set_path=PosixPath('level_set/level_set_3'), start_length=25, length_step=5, min_length=5, size=(25, 25), turn_probability=0.75, straight_weight=2, left_weight=0.5, right_weight=0.5, max_turns=30, generate_mode='basic', csv_path=PosixPath('level_set/level_set_3/[Data] levels - test dataframe.csv'), csv=    level_name    template_name  ...  difficulty  style
0           21     pentagon.png  ...      Normal    NaN
1           22         star.png  ...      Normal     AZ
2           23       square.png  ...        Hard    NaN
3           24     pentagon.png  ...      Normal    NaN
4           25  AIR BALLOON.png  ...      Normal    NaN
5           26       square.png  ...      Normal     AZ
6           27       circle.png  ...      Normal     AZ
7           28      hexagon.png  ...      Normal    NaN
8           29       square.png  ...        Hard     AZ
9           30         BODY.png  ...      Normal    NaN
10          31       circle.png  ...      Normal    NaN
11          32     pentagon.png  ...      Normal     AZ
12          33       square.png  ...        Hard    NaN
13          34         star.png  ...      Normal    NaN
14          35        CHESS.png  ...      Normal    NaN
15          36      hexagon.png  ...      Normal     AZ
16          37       square.png  ...      Normal     AZ
17          38       circle.png  ...      Normal    NaN
18          39       square.png  ...        Hard     AZ
19          40   CRUSTACEAN.png  ...      Normal    NaN

[20 rows x 10 columns], item_name='pentagon.png', alter_item_name='21', item_path='level_set/level_set_3/1_0_original_icons/pentagon.png')
Đang xử lý: 'level_set/level_set_3/1_0_original_icons/pentagon.png' (Kích thước gốc: (250, 250))
==> Đã lưu vào: 'level_set/level_set_3/1_1_icons/pentagon.png' (Kích thước mới: (25, 25))
Đã tải ảnh 'level_set/level_set_3/1_1_icons/pentagon.png' (Kích thước: 25x25)
Sử dụng ngưỡng Alpha: 128
Hoàn thành! Đã lưu board vào 'level_set/level_set_3/1_board_test/21'.
--- Đang tải board từ: level_set/level_set_3/1_board_test/21 ---
Đã tải thành công 412 ô 'editable'.
Tổng số ô có thể vẽ: 412

========================================
--- BẮT ĐẦU VÒNG LẶP (Length = 25) ---
Ô đã chiếm: 0 / Ô còn trống: 412
Đề xuất tạo 16 mũi tên cho vòng lặp này...
Generating level in painted area... (This will be slow)
Trying to generate arrow 1/16...
Trying to generate arrow 2/16...
Trying to generate arrow 3/16...
Trying to generate arrow 4/16...
Trying to generate arrow 5/16...
Trying to generate arrow 6/16...
Trying to generate arrow 7/16...
Trying to generate arrow 8/16...
Trying to generate arrow 9/16...
Trying to generate arrow 10/16...
Trying to generate arrow 11/16...
Trying to generate arrow 12/16...
Trying to generate arrow 13/16...
Trying to generate arrow 14/16...
Trying to generate arrow 15/16...
Trying to generate arrow 16/16...
Could not find valid arrow 16. Stopping.
Successfully generated 15 arrows!
Kết quả vòng lặp: Successfully generated 15 arrows!
Giảm độ dài từ 25...
Độ dài vòng tiếp theo: 20

========================================
--- BẮT ĐẦU VÒNG LẶP (Length = 20) ---
Ô đã chiếm: 286 / Ô còn trống: 126
Đề xuất tạo 6 mũi tên cho vòng lặp này...
Generating level in painted area... (This will be slow)
Trying to generate arrow 1/6...
Trying to generate arrow 2/6...
Trying to generate arrow 3/6...
Trying to generate arrow 4/6...
Trying to generate arrow 5/6...
Could not find valid arrow 5. Stopping.
Successfully generated 4 arrows!
Kết quả vòng lặp: Successfully generated 4 arrows!
Giảm độ dài từ 20...
Độ dài vòng tiếp theo: 15

========================================
--- BẮT ĐẦU VÒNG LẶP (Length = 15) ---
Ô đã chiếm: 327 / Ô còn trống: 85
Đề xuất tạo 6 mũi tên cho vòng lặp này...
Generating level in painted area... (This will be slow)
Trying to generate arrow 1/6...
Trying to generate arrow 2/6...
Trying to generate arrow 3/6...
Trying to generate arrow 4/6...
Trying to generate arrow 5/6...
Could not find valid arrow 5. Stopping.
Successfully generated 4 arrows!
Kết quả vòng lặp: Successfully generated 4 arrows!
Giảm độ dài từ 15...
Độ dài vòng tiếp theo: 10

========================================
--- BẮT ĐẦU VÒNG LẶP (Length = 10) ---
Ô đã chiếm: 361 / Ô còn trống: 51
Đề xuất tạo 5 mũi tên cho vòng lặp này...
Generating level in painted area... (This will be slow)
Trying to generate arrow 1/5...
Could not find valid arrow 1. Stopping.
Kết quả vòng lặp: Generation complete, but 0 valid arrows found. Try again.
Không thể tạo thêm mũi tên ở độ dài này.
Giảm độ dài từ 10...
Độ dài vòng tiếp theo: 5

========================================
--- BẮT ĐẦU VÒNG LẶP (Length = 5) ---
Ô đã chiếm: 361 / Ô còn trống: 51
Đề xuất tạo 10 mũi tên cho vòng lặp này...
Generating level in painted area... (This will be slow)
Trying to generate arrow 1/10...
Trying to generate arrow 2/10...
Trying to generate arrow 3/10...
Trying to generate arrow 4/10...
Trying to generate arrow 5/10...
Trying to generate arrow 6/10...
Trying to generate arrow 7/10...
Trying to generate arrow 8/10...
Trying to generate arrow 9/10...
Trying to generate arrow 10/10...
Successfully generated 10 arrows!
Kết quả vòng lặp: Successfully generated 10 arrows!
Tiếp tục lặp lại ở độ dài tối thiểu (5)...

========================================
--- BẮT ĐẦU VÒNG LẶP (Length = 5) ---
Ô đã chiếm: 385 / Ô còn trống: 27
Đề xuất tạo 5 mũi tên cho vòng lặp này...
Generating level in painted area... (This will be slow)
Trying to generate arrow 1/5...
Trying to generate arrow 2/5...
Trying to generate arrow 3/5...
Could not find valid arrow 3. Stopping.
Successfully generated 2 arrows!
Kết quả vòng lặp: Successfully generated 2 arrows!
Tiếp tục lặp lại ở độ dài tối thiểu (5)...

========================================
--- BẮT ĐẦU VÒNG LẶP (Length = 5) ---
Ô đã chiếm: 389 / Ô còn trống: 23
Đề xuất tạo 5 mũi tên cho vòng lặp này...
Generating level in painted area... (This will be slow)
Trying to generate arrow 1/5...
Could not find valid arrow 1. Stopping.
Kết quả vòng lặp: Generation complete, but 0 valid arrows found. Try again.
Không thể tạo thêm mũi tên ở độ dài này.
Đã đạt độ dài tối thiểu và không thể tạo thêm. Dừng.

========================================
--- ĐÃ HOÀN TẤT TẤT CẢ CÁC VÒNG LẶP ---
Tổng cộng đã tạo: 35 mũi tên.
Đã lấp đầy 389 / 412 ô (94.4%)
--- Đang lưu kết quả ra: level_set/level_set_3/2_result_test/21.json ---
Đã lưu thành công level 25x24 với 35 mũi tên.
--- Bản đồ kết quả (ASCII) ---
                           
             #             
            ##.            
          #######          
         ########.         
        ##.v#<#####        
      ##############>      
     .##.<###########.     
   #######.######v#.v##.   
  ######.###########>####  
 #############<#########v# 
 ########.##^###>.######## 
  ##.####<#.###########vv  
  #########<#############  
  v##.v^#######<#########  
   ##<################.#   
   ####^################   
   v###############vv##.   
    #^##########v######    
    ##.################    
    v###.####.######.##    
     ##########^##.###     
     #######<#v#######     
     #############>###     
      vv####v#####<#.      
                           
--- Đang render: 21 (25x24) ---
✅ Đã lưu hình ảnh vào: level_set/level_set_3/3_render/21.png
args: Args(level_set_path=PosixPath('level_set/level_set_3'), start_length=25, length_step=5, min_length=5, size=(25, 25), turn_probability=0.75, straight_weight=2, left_weight=0.5, right_weight=0.5, max_turns=30, generate_mode='advance', csv_path=PosixPath('level_set/level_set_3/[Data] levels - test dataframe.csv'), csv=    level_name    template_name  ...  difficulty  style
0           21     pentagon.png  ...      Normal    NaN
1           22         star.png  ...      Normal     AZ
2           23       square.png  ...        Hard    NaN
3           24     pentagon.png  ...      Normal    NaN
4           25  AIR BALLOON.png  ...      Normal    NaN
5           26       square.png  ...      Normal     AZ
6           27       circle.png  ...      Normal     AZ
7           28      hexagon.png  ...      Normal    NaN
8           29       square.png  ...        Hard     AZ
9           30         BODY.png  ...      Normal    NaN
10          31       circle.png  ...      Normal    NaN
11          32     pentagon.png  ...      Normal     AZ
12          33       square.png  ...        Hard    NaN
13          34         star.png  ...      Normal    NaN
14          35        CHESS.png  ...      Normal    NaN
15          36      hexagon.png  ...      Normal     AZ
16          37       square.png  ...      Normal     AZ
17          38       circle.png  ...      Normal    NaN
18          39       square.png  ...        Hard     AZ
19          40   CRUSTACEAN.png  ...      Normal    NaN

[20 rows x 10 columns], item_path='level_set/level_set_3/1_0_original_icons/star.png', item_name='star.png', alter_item_name='22')
Đang xử lý: 'level_set/level_set_3/1_0_original_icons/star.png' (Kích thước gốc: (250, 250))
==> Đã lưu vào: 'level_set/level_set_3/1_1_icons/star.png' (Kích thước mới: (25, 25))
Đã tải ảnh 'level_set/level_set_3/1_1_icons/star.png' (Kích thước: 25x25)
Sử dụng ngưỡng Alpha: 128
Hoàn thành! Đã lưu board vào 'level_set/level_set_3/1_board_test/22'.
--- Đang tải board từ: level_set/level_set_3/1_board_test/22 ---
Đã tải thành công 208 ô 'editable'.
Tổng số ô có thể vẽ: 208

========================================
--- BẮT ĐẦU VÒNG LẶP (Length = 25) ---
Ô đã chiếm: 0 / Ô còn trống: 208
Đề xuất tạo 8 mũi tên cho vòng lặp này...
Generating ADVANCED level in painted area... (This will be slow)
Trying to generate (adv) arrow 1/8...
Trying to generate (adv) arrow 2/8...
Trying to generate (adv) arrow 3/8...
Trying to generate (adv) arrow 4/8...
Trying to generate (adv) arrow 5/8...
Trying to generate (adv) arrow 6/8...
Trying to generate (adv) arrow 7/8...
Trying to generate (adv) arrow 8/8...
Successfully generated 8 arrows!
Kết quả vòng lặp: Successfully generated 8 arrows!
Giảm độ dài từ 25...
Độ dài vòng tiếp theo: 20

========================================
--- BẮT ĐẦU VÒNG LẶP (Length = 20) ---
Ô đã chiếm: 148 / Ô còn trống: 60
Đề xuất tạo 3 mũi tên cho vòng lặp này...
Generating ADVANCED level in painted area... (This will be slow)
Trying to generate (adv) arrow 1/3...
Trying to generate (adv) arrow 2/3...
Could not find valid arrow 2. Stopping.
Successfully generated 1 arrows!
Kết quả vòng lặp: Successfully generated 1 arrows!
Giảm độ dài từ 20...
Độ dài vòng tiếp theo: 15

========================================
--- BẮT ĐẦU VÒNG LẶP (Length = 15) ---
Ô đã chiếm: 158 / Ô còn trống: 50
Đề xuất tạo 3 mũi tên cho vòng lặp này...
Generating ADVANCED level in painted area... (This will be slow)
Trying to generate (adv) arrow 1/3...
Trying to generate (adv) arrow 2/3...
Trying to generate (adv) arrow 3/3...
Could not find valid arrow 3. Stopping.
Successfully generated 2 arrows!
Kết quả vòng lặp: Successfully generated 2 arrows!
Giảm độ dài từ 15...
Độ dài vòng tiếp theo: 10

========================================
--- BẮT ĐẦU VÒNG LẶP (Length = 10) ---
Ô đã chiếm: 175 / Ô còn trống: 33
Đề xuất tạo 3 mũi tên cho vòng lặp này...
Generating ADVANCED level in painted area... (This will be slow)
Trying to generate (adv) arrow 1/3...
Trying to generate (adv) arrow 2/3...
Trying to generate (adv) arrow 3/3...
Could not find valid arrow 3. Stopping.
Successfully generated 2 arrows!
Kết quả vòng lặp: Successfully generated 2 arrows!
Giảm độ dài từ 10...
Độ dài vòng tiếp theo: 5

========================================
--- BẮT ĐẦU VÒNG LẶP (Length = 5) ---
Ô đã chiếm: 187 / Ô còn trống: 21
Đề xuất tạo 4 mũi tên cho vòng lặp này...
Generating ADVANCED level in painted area... (This will be slow)
Trying to generate (adv) arrow 1/4...
Trying to generate (adv) arrow 2/4...
Trying to generate (adv) arrow 3/4...
Trying to generate (adv) arrow 4/4...
Successfully generated 4 arrows!
Kết quả vòng lặp: Successfully generated 4 arrows!
Tiếp tục lặp lại ở độ dài tối thiểu (5)...

========================================
--- BẮT ĐẦU VÒNG LẶP (Length = 5) ---
Ô đã chiếm: 197 / Ô còn trống: 11
Đề xuất tạo 2 mũi tên cho vòng lặp này...
Generating ADVANCED level in painted area... (This will be slow)
Trying to generate (adv) arrow 1/2...
Trying to generate (adv) arrow 2/2...
Could not find valid arrow 2. Stopping.
Successfully generated 1 arrows!
Kết quả vòng lặp: Successfully generated 1 arrows!
Tiếp tục lặp lại ở độ dài tối thiểu (5)...

========================================
--- BẮT ĐẦU VÒNG LẶP (Length = 5) ---
Ô đã chiếm: 199 / Ô còn trống: 9
Đề xuất tạo 2 mũi tên cho vòng lặp này...
Generating ADVANCED level in painted area... (This will be slow)
Trying to generate (adv) arrow 1/2...
Could not find valid arrow 1. Stopping.
Kết quả vòng lặp: Generation complete, but 0 valid arrows found. Try again.
Không thể tạo thêm mũi tên ở độ dài này.
Đã đạt độ dài tối thiểu và không thể tạo thêm. Dừng.

========================================
--- ĐÃ HOÀN TẤT TẤT CẢ CÁC VÒNG LẶP ---
Tổng cộng đã tạo: 18 mũi tên.
Đã lấp đầy 199 / 208 ô (95.7%)
--- Đang lưu kết quả ra: level_set/level_set_3/2_result_test/22.json ---
Đã lưu thành công level 19x21 với 18 mũi tên.
--- Bản đồ kết quả (ASCII) ---
                       
           #           
           v           
          .##          
          ^##          
         .####         
         #####         
        ^######        
  <############<#####  
 .######^##v####^####. 
  ###################  
   .#.#####v#######.   
    ###############    
     .^######^####     
      ###<#####^#      
      <##########      
     ####<########     
     #############     
     ######>######     
     #^###   #####     
     ###       ##v     
     #           .     
                       
--- Đang render: 22 (19x21) ---
✅ Đã lưu hình ảnh vào: level_set/level_set_3/3_render/22.png
args: Args(level_set_path=PosixPath('level_set/level_set_3'), start_length=25, length_step=5, min_length=5, size=(25, 35), turn_probability=0.5, straight_weight=0.75, left_weight=0.25, right_weight=0.5, max_turns=6, generate_mode='basic', csv_path=PosixPath('level_set/level_set_3/[Data] levels - test dataframe.csv'), csv=    level_name    template_name  ...  difficulty  style
0           21     pentagon.png  ...      Normal    NaN
1           22         star.png  ...      Normal     AZ
2           23       square.png  ...        Hard    NaN
3           24     pentagon.png  ...      Normal    NaN
4           25  AIR BALLOON.png  ...      Normal    NaN
5           26       square.png  ...      Normal     AZ
6           27       circle.png  ...      Normal     AZ
7           28      hexagon.png  ...      Normal    NaN
8           29       square.png  ...        Hard     AZ
9           30         BODY.png  ...      Normal    NaN
10          31       circle.png  ...      Normal    NaN
11          32     pentagon.png  ...      Normal     AZ
12          33       square.png  ...        Hard    NaN
13          34         star.png  ...      Normal    NaN
14          35        CHESS.png  ...      Normal    NaN
15          36      hexagon.png  ...      Normal     AZ
16          37       square.png  ...      Normal     AZ
17          38       circle.png  ...      Normal    NaN
18          39       square.png  ...        Hard     AZ
19          40   CRUSTACEAN.png  ...      Normal    NaN

[20 rows x 10 columns], item_path='level_set/level_set_3/1_0_original_icons/square.png', item_name='square.png', alter_item_name='23')
Đang xử lý: 'level_set/level_set_3/1_0_original_icons/square.png' (Kích thước gốc: (250, 250))
==> Đã lưu vào: 'level_set/level_set_3/1_1_icons/square.png' (Kích thước mới: (25, 35))
Đã tải ảnh 'level_set/level_set_3/1_1_icons/square.png' (Kích thước: 25x35)
Sử dụng ngưỡng Alpha: 128
Hoàn thành! Đã lưu board vào 'level_set/level_set_3/1_board_test/23'.
--- Đang tải board từ: level_set/level_set_3/1_board_test/23 ---
Đã tải thành công 875 ô 'editable'.
Tổng số ô có thể vẽ: 875

========================================
--- BẮT ĐẦU VÒNG LẶP (Length = 25) ---
Ô đã chiếm: 0 / Ô còn trống: 875
Đề xuất tạo 35 mũi tên cho vòng lặp này...
Generating level in painted area... (This will be slow)
Trying to generate arrow 1/35...
Trying to generate arrow 2/35...
Trying to generate arrow 3/35...
Trying to generate arrow 4/35...
Trying to generate arrow 5/35...
Trying to generate arrow 6/35...
Trying to generate arrow 7/35...
Trying to generate arrow 8/35...
Trying to generate arrow 9/35...
Trying to generate arrow 10/35...
Trying to generate arrow 11/35...
Trying to generate arrow 12/35...
Trying to generate arrow 13/35...
Trying to generate arrow 14/35...
Trying to generate arrow 15/35...
Trying to generate arrow 16/35...
Trying to generate arrow 17/35...
Trying to generate arrow 18/35...
Trying to generate arrow 19/35...
Trying to generate arrow 20/35...
Trying to generate arrow 21/35...
Trying to generate arrow 22/35...
Trying to generate arrow 23/35...
Trying to generate arrow 24/35...
Trying to generate arrow 25/35...
Trying to generate arrow 26/35...
Trying to generate arrow 27/35...
Trying to generate arrow 28/35...
Trying to generate arrow 29/35...
Trying to generate arrow 30/35...
Trying to generate arrow 31/35...
Trying to generate arrow 32/35...
Trying to generate arrow 33/35...
Trying to generate arrow 34/35...
Trying to generate arrow 35/35...
Successfully generated 35 arrows!
Kết quả vòng lặp: Successfully generated 35 arrows!
Giảm độ dài từ 25...
Độ dài vòng tiếp theo: 20

========================================
--- BẮT ĐẦU VÒNG LẶP (Length = 20) ---
Ô đã chiếm: 658 / Ô còn trống: 217
Đề xuất tạo 11 mũi tên cho vòng lặp này...
Generating level in painted area... (This will be slow)
Trying to generate arrow 1/11...
Trying to generate arrow 2/11...
Trying to generate arrow 3/11...
Trying to generate arrow 4/11...
Trying to generate arrow 5/11...
Trying to generate arrow 6/11...
Trying to generate arrow 7/11...
Could not find valid arrow 7. Stopping.
Successfully generated 6 arrows!
Kết quả vòng lặp: Successfully generated 6 arrows!
Giảm độ dài từ 20...
Độ dài vòng tiếp theo: 15

========================================
--- BẮT ĐẦU VÒNG LẶP (Length = 15) ---
Ô đã chiếm: 722 / Ô còn trống: 153
Đề xuất tạo 10 mũi tên cho vòng lặp này...
Generating level in painted area... (This will be slow)
Trying to generate arrow 1/10...
Trying to generate arrow 2/10...
Trying to generate arrow 3/10...
Could not find valid arrow 3. Stopping.
Successfully generated 2 arrows!
Kết quả vòng lặp: Successfully generated 2 arrows!
Giảm độ dài từ 15...
Độ dài vòng tiếp theo: 10

========================================
--- BẮT ĐẦU VÒNG LẶP (Length = 10) ---
Ô đã chiếm: 738 / Ô còn trống: 137
Đề xuất tạo 14 mũi tên cho vòng lặp này...
Generating level in painted area... (This will be slow)
Trying to generate arrow 1/14...
Trying to generate arrow 2/14...
Trying to generate arrow 3/14...
Trying to generate arrow 4/14...
Trying to generate arrow 5/14...
Trying to generate arrow 6/14...
Trying to generate arrow 7/14...
Trying to generate arrow 8/14...
Trying to generate arrow 9/14...
Could not find valid arrow 9. Stopping.
Successfully generated 8 arrows!
Kết quả vòng lặp: Successfully generated 8 arrows!
Giảm độ dài từ 10...
Độ dài vòng tiếp theo: 5

========================================
--- BẮT ĐẦU VÒNG LẶP (Length = 5) ---
Ô đã chiếm: 780 / Ô còn trống: 95
Đề xuất tạo 19 mũi tên cho vòng lặp này...
Generating level in painted area... (This will be slow)
Trying to generate arrow 1/19...
Trying to generate arrow 2/19...
Trying to generate arrow 3/19...
Trying to generate arrow 4/19...
Trying to generate arrow 5/19...
Trying to generate arrow 6/19...
Trying to generate arrow 7/19...
Trying to generate arrow 8/19...
Trying to generate arrow 9/19...
Trying to generate arrow 10/19...
Trying to generate arrow 11/19...
Trying to generate arrow 12/19...
Trying to generate arrow 13/19...
Trying to generate arrow 14/19...
Trying to generate arrow 15/19...
Trying to generate arrow 16/19...
Trying to generate arrow 17/19...
Trying to generate arrow 18/19...
Trying to generate arrow 19/19...
Successfully generated 19 arrows!
Kết quả vòng lặp: Successfully generated 19 arrows!
Tiếp tục lặp lại ở độ dài tối thiểu (5)...

========================================
--- BẮT ĐẦU VÒNG LẶP (Length = 5) ---
Ô đã chiếm: 822 / Ô còn trống: 53
Đề xuất tạo 11 mũi tên cho vòng lặp này...
Generating level in painted area... (This will be slow)
Trying to generate arrow 1/11...
Trying to generate arrow 2/11...
Trying to generate arrow 3/11...
Trying to generate arrow 4/11...
Trying to generate arrow 5/11...
Trying to generate arrow 6/11...
Trying to generate arrow 7/11...
Trying to generate arrow 8/11...
Trying to generate arrow 9/11...
Could not find valid arrow 9. Stopping.
Successfully generated 8 arrows!
Kết quả vòng lặp: Successfully generated 8 arrows!
Tiếp tục lặp lại ở độ dài tối thiểu (5)...

========================================
--- BẮT ĐẦU VÒNG LẶP (Length = 5) ---
Ô đã chiếm: 842 / Ô còn trống: 33
Đề xuất tạo 7 mũi tên cho vòng lặp này...
Generating level in painted area... (This will be slow)
Trying to generate arrow 1/7...
Could not find valid arrow 1. Stopping.
Kết quả vòng lặp: Generation complete, but 0 valid arrows found. Try again.
Không thể tạo thêm mũi tên ở độ dài này.
Đã đạt độ dài tối thiểu và không thể tạo thêm. Dừng.

========================================
--- ĐÃ HOÀN TẤT TẤT CẢ CÁC VÒNG LẶP ---
Tổng cộng đã tạo: 78 mũi tên.
Đã lấp đầy 842 / 875 ô (96.2%)
--- Đang lưu kết quả ra: level_set/level_set_3/2_result_test/23.json ---
Đã lưu thành công level 25x35 với 78 mũi tên.
--- Bản đồ kết quả (ASCII) ---
                           
 ##<#<#################.#> 
 #####<#^###<#####<#<##### 
 ###################.##### 
 #<####################### 
 ####^################^#># 
 <###########<###^######># 
 <#########^^<#####.###### 
 ###>^#################### 
 #########^############<## 
 .###############.##^##### 
 ^#####^.####<####.^###### 
 ########^<############### 
 <########<##<######^##### 
 ##############<#####^#### 
 ######################### 
 ######.^##.#<##.<##<####. 
 ######################>## 
 #######^#v########^###### 
 #################>###^### 
 #^########.#v############ 
 ######>###>########^##### 
 #^####.###############.## 
 #####^<####.##<########## 
 ###.##.#######>#####>^### 
 ###>######>###.########## 
 #######^##########.#####> 
 ########################. 
 #########.###########.##> 
 ######################### 
 <###.##########v######### 
 .^#############.######### 
 ^###>.###############.### 
 ####.^##.<########v###### 
 ######v.####.############ 
 #########.<####<#.v<##v## 
                           
--- Đang render: 23 (25x35) ---
✅ Đã lưu hình ảnh vào: level_set/level_set_3/3_render/23.png
args: Args(level_set_path=PosixPath('level_set/level_set_3'), start_length=25, length_step=5, min_length=5, size=(25, 25), turn_probability=0.5, straight_weight=0.75, left_weight=0.25, right_weight=0.5, max_turns=6, generate_mode='basic', csv_path=PosixPath('level_set/level_set_3/[Data] levels - test dataframe.csv'), csv=    level_name    template_name  ...  difficulty  style
0           21     pentagon.png  ...      Normal    NaN
1           22         star.png  ...      Normal     AZ
2           23       square.png  ...        Hard    NaN
3           24     pentagon.png  ...      Normal    NaN
4           25  AIR BALLOON.png  ...      Normal    NaN
5           26       square.png  ...      Normal     AZ
6           27       circle.png  ...      Normal     AZ
7           28      hexagon.png  ...      Normal    NaN
8           29       square.png  ...        Hard     AZ
9           30         BODY.png  ...      Normal    NaN
10          31       circle.png  ...      Normal    NaN
11          32     pentagon.png  ...      Normal     AZ
12          33       square.png  ...        Hard    NaN
13          34         star.png  ...      Normal    NaN
14          35        CHESS.png  ...      Normal    NaN
15          36      hexagon.png  ...      Normal     AZ
16          37       square.png  ...      Normal     AZ
17          38       circle.png  ...      Normal    NaN
18          39       square.png  ...        Hard     AZ
19          40   CRUSTACEAN.png  ...      Normal    NaN

[20 rows x 10 columns], item_path='level_set/level_set_3/1_0_original_icons/pentagon.png', item_name='pentagon.png', alter_item_name='24')
Đang xử lý: 'level_set/level_set_3/1_0_original_icons/pentagon.png' (Kích thước gốc: (250, 250))
==> Đã lưu vào: 'level_set/level_set_3/1_1_icons/pentagon.png' (Kích thước mới: (25, 25))
Đã tải ảnh 'level_set/level_set_3/1_1_icons/pentagon.png' (Kích thước: 25x25)
Sử dụng ngưỡng Alpha: 128
Hoàn thành! Đã lưu board vào 'level_set/level_set_3/1_board_test/24'.
--- Đang tải board từ: level_set/level_set_3/1_board_test/24 ---
Đã tải thành công 412 ô 'editable'.
Tổng số ô có thể vẽ: 412

========================================
--- BẮT ĐẦU VÒNG LẶP (Length = 25) ---
Ô đã chiếm: 0 / Ô còn trống: 412
Đề xuất tạo 16 mũi tên cho vòng lặp này...
Generating level in painted area... (This will be slow)
Trying to generate arrow 1/16...
Trying to generate arrow 2/16...
Trying to generate arrow 3/16...
Trying to generate arrow 4/16...
Trying to generate arrow 5/16...
Trying to generate arrow 6/16...
Trying to generate arrow 7/16...
Trying to generate arrow 8/16...
Trying to generate arrow 9/16...
Trying to generate arrow 10/16...
Trying to generate arrow 11/16...
Trying to generate arrow 12/16...
Trying to generate arrow 13/16...
Trying to generate arrow 14/16...
Trying to generate arrow 15/16...
Trying to generate arrow 16/16...
Successfully generated 16 arrows!
Kết quả vòng lặp: Successfully generated 16 arrows!
Giảm độ dài từ 25...
Độ dài vòng tiếp theo: 20

========================================
--- BẮT ĐẦU VÒNG LẶP (Length = 20) ---
Ô đã chiếm: 306 / Ô còn trống: 106
Đề xuất tạo 5 mũi tên cho vòng lặp này...
Generating level in painted area... (This will be slow)
Trying to generate arrow 1/5...
Trying to generate arrow 2/5...
Trying to generate arrow 3/5...
Trying to generate arrow 4/5...
Could not find valid arrow 4. Stopping.
Successfully generated 3 arrows!
Kết quả vòng lặp: Successfully generated 3 arrows!
Giảm độ dài từ 20...
Độ dài vòng tiếp theo: 15

========================================
--- BẮT ĐẦU VÒNG LẶP (Length = 15) ---
Ô đã chiếm: 340 / Ô còn trống: 72
Đề xuất tạo 5 mũi tên cho vòng lặp này...
Generating level in painted area... (This will be slow)
Trying to generate arrow 1/5...
Trying to generate arrow 2/5...
Trying to generate arrow 3/5...
Could not find valid arrow 3. Stopping.
Successfully generated 2 arrows!
Kết quả vòng lặp: Successfully generated 2 arrows!
Giảm độ dài từ 15...
Độ dài vòng tiếp theo: 10

========================================
--- BẮT ĐẦU VÒNG LẶP (Length = 10) ---
Ô đã chiếm: 356 / Ô còn trống: 56
Đề xuất tạo 6 mũi tên cho vòng lặp này...
Generating level in painted area... (This will be slow)
Trying to generate arrow 1/6...
Trying to generate arrow 2/6...
Could not find valid arrow 2. Stopping.
Successfully generated 1 arrows!
Kết quả vòng lặp: Successfully generated 1 arrows!
Giảm độ dài từ 10...
Độ dài vòng tiếp theo: 5

========================================
--- BẮT ĐẦU VÒNG LẶP (Length = 5) ---
Ô đã chiếm: 361 / Ô còn trống: 51
Đề xuất tạo 10 mũi tên cho vòng lặp này...
Generating level in painted area... (This will be slow)
Trying to generate arrow 1/10...
Trying to generate arrow 2/10...
Trying to generate arrow 3/10...
Trying to generate arrow 4/10...
Trying to generate arrow 5/10...
Trying to generate arrow 6/10...
Trying to generate arrow 7/10...
Trying to generate arrow 8/10...
Trying to generate arrow 9/10...
Trying to generate arrow 10/10...
Successfully generated 10 arrows!
Kết quả vòng lặp: Successfully generated 10 arrows!
Tiếp tục lặp lại ở độ dài tối thiểu (5)...

========================================
--- BẮT ĐẦU VÒNG LẶP (Length = 5) ---
Ô đã chiếm: 383 / Ô còn trống: 29
Đề xuất tạo 6 mũi tên cho vòng lặp này...
Generating level in painted area... (This will be slow)
Trying to generate arrow 1/6...
Trying to generate arrow 2/6...
Trying to generate arrow 3/6...
Trying to generate arrow 4/6...
Trying to generate arrow 5/6...
Could not find valid arrow 5. Stopping.
Successfully generated 4 arrows!
Kết quả vòng lặp: Successfully generated 4 arrows!
Tiếp tục lặp lại ở độ dài tối thiểu (5)...

========================================
--- BẮT ĐẦU VÒNG LẶP (Length = 5) ---
Ô đã chiếm: 391 / Ô còn trống: 21
Đề xuất tạo 4 mũi tên cho vòng lặp này...
Generating level in painted area... (This will be slow)
Trying to generate arrow 1/4...
Could not find valid arrow 1. Stopping.
Kết quả vòng lặp: Generation complete, but 0 valid arrows found. Try again.
Không thể tạo thêm mũi tên ở độ dài này.
Đã đạt độ dài tối thiểu và không thể tạo thêm. Dừng.

========================================
--- ĐÃ HOÀN TẤT TẤT CẢ CÁC VÒNG LẶP ---
Tổng cộng đã tạo: 36 mũi tên.
Đã lấp đầy 391 / 412 ô (94.9%)
--- Đang lưu kết quả ra: level_set/level_set_3/2_result_test/24.json ---
Đã lưu thành công level 25x24 với 36 mũi tên.
--- Bản đồ kết quả (ASCII) ---
                           
             #             
            ##.            
          ^.#.<##          
         .#####.##         
        #>#######v.        
      ##############.      
     #################     
   ^.###################   
  #######^#>#####v.#>####  
 #############.#####.##### 
 #>##########v##^########v 
  ##########>############  
  ####>##.##>###.##.###>v  
  ####.<###############^.  
   ###################v#   
   #################^^##   
   ###########vv########   
    .####.#############    
    #######<#########.#    
    ##########>####>###    
     #######.#########     
     #>###.###########     
     #>#############>v     
      <######v####>#>      
                           
--- Đang render: 24 (25x24) ---
✅ Đã lưu hình ảnh vào: level_set/level_set_3/3_render/24.png
args: Args(level_set_path=PosixPath('level_set/level_set_3'), start_length=25, length_step=5, min_length=5, size=(25, 25), turn_probability=0.5, straight_weight=0.75, left_weight=0.25, right_weight=0.5, max_turns=6, generate_mode='basic', csv_path=PosixPath('level_set/level_set_3/[Data] levels - test dataframe.csv'), csv=    level_name    template_name  ...  difficulty  style
0           21     pentagon.png  ...      Normal    NaN
1           22         star.png  ...      Normal     AZ
2           23       square.png  ...        Hard    NaN
3           24     pentagon.png  ...      Normal    NaN
4           25  AIR BALLOON.png  ...      Normal    NaN
5           26       square.png  ...      Normal     AZ
6           27       circle.png  ...      Normal     AZ
7           28      hexagon.png  ...      Normal    NaN
8           29       square.png  ...        Hard     AZ
9           30         BODY.png  ...      Normal    NaN
10          31       circle.png  ...      Normal    NaN
11          32     pentagon.png  ...      Normal     AZ
12          33       square.png  ...        Hard    NaN
13          34         star.png  ...      Normal    NaN
14          35        CHESS.png  ...      Normal    NaN
15          36      hexagon.png  ...      Normal     AZ
16          37       square.png  ...      Normal     AZ
17          38       circle.png  ...      Normal    NaN
18          39       square.png  ...        Hard     AZ
19          40   CRUSTACEAN.png  ...      Normal    NaN

[20 rows x 10 columns], item_path='level_set/level_set_3/1_0_original_icons/AIR BALLOON.png', item_name='AIR BALLOON.png', alter_item_name='25')
Đang xử lý: 'level_set/level_set_3/1_0_original_icons/AIR BALLOON.png' (Kích thước gốc: (193, 256))
==> Đã lưu vào: 'level_set/level_set_3/1_1_icons/AIR BALLOON.png' (Kích thước mới: (25, 25))
Đã tải ảnh 'level_set/level_set_3/1_1_icons/AIR BALLOON.png' (Kích thước: 25x25)
Sử dụng ngưỡng Alpha: 128
Hoàn thành! Đã lưu board vào 'level_set/level_set_3/1_board_test/25'.
--- Đang tải board từ: level_set/level_set_3/1_board_test/25 ---
Đã tải thành công 357 ô 'editable'.
Tổng số ô có thể vẽ: 357

========================================
--- BẮT ĐẦU VÒNG LẶP (Length = 25) ---
Ô đã chiếm: 0 / Ô còn trống: 357
Đề xuất tạo 14 mũi tên cho vòng lặp này...
Generating level in painted area... (This will be slow)
Trying to generate arrow 1/14...
Trying to generate arrow 2/14...
Trying to generate arrow 3/14...
Trying to generate arrow 4/14...
Trying to generate arrow 5/14...
Trying to generate arrow 6/14...
Trying to generate arrow 7/14...
Trying to generate arrow 8/14...
Trying to generate arrow 9/14...
Trying to generate arrow 10/14...
Trying to generate arrow 11/14...
Trying to generate arrow 12/14...
Trying to generate arrow 13/14...
Trying to generate arrow 14/14...
Successfully generated 14 arrows!
Kết quả vòng lặp: Successfully generated 14 arrows!
Giảm độ dài từ 25...
Độ dài vòng tiếp theo: 20

========================================
--- BẮT ĐẦU VÒNG LẶP (Length = 20) ---
Ô đã chiếm: 261 / Ô còn trống: 96
Đề xuất tạo 5 mũi tên cho vòng lặp này...
Generating level in painted area... (This will be slow)
Trying to generate arrow 1/5...
Trying to generate arrow 2/5...
Trying to generate arrow 3/5...
Could not find valid arrow 3. Stopping.
Successfully generated 2 arrows!
Kết quả vòng lặp: Successfully generated 2 arrows!
Giảm độ dài từ 20...
Độ dài vòng tiếp theo: 15

========================================
--- BẮT ĐẦU VÒNG LẶP (Length = 15) ---
Ô đã chiếm: 292 / Ô còn trống: 65
Đề xuất tạo 4 mũi tên cho vòng lặp này...
Generating level in painted area... (This will be slow)
Trying to generate arrow 1/4...
Trying to generate arrow 2/4...
Could not find valid arrow 2. Stopping.
Successfully generated 1 arrows!
Kết quả vòng lặp: Successfully generated 1 arrows!
Giảm độ dài từ 15...
Độ dài vòng tiếp theo: 10

========================================
--- BẮT ĐẦU VÒNG LẶP (Length = 10) ---
Ô đã chiếm: 299 / Ô còn trống: 58
Đề xuất tạo 6 mũi tên cho vòng lặp này...
Generating level in painted area... (This will be slow)
Trying to generate arrow 1/6...
Trying to generate arrow 2/6...
Could not find valid arrow 2. Stopping.
Successfully generated 1 arrows!
Kết quả vòng lặp: Successfully generated 1 arrows!
Giảm độ dài từ 10...
Độ dài vòng tiếp theo: 5

========================================
--- BẮT ĐẦU VÒNG LẶP (Length = 5) ---
Ô đã chiếm: 304 / Ô còn trống: 53
Đề xuất tạo 11 mũi tên cho vòng lặp này...
Generating level in painted area... (This will be slow)
Trying to generate arrow 1/11...
Trying to generate arrow 2/11...
Trying to generate arrow 3/11...
Trying to generate arrow 4/11...
Trying to generate arrow 5/11...
Trying to generate arrow 6/11...
Trying to generate arrow 7/11...
Trying to generate arrow 8/11...
Trying to generate arrow 9/11...
Trying to generate arrow 10/11...
Trying to generate arrow 11/11...
Successfully generated 11 arrows!
Kết quả vòng lặp: Successfully generated 11 arrows!
Tiếp tục lặp lại ở độ dài tối thiểu (5)...

========================================
--- BẮT ĐẦU VÒNG LẶP (Length = 5) ---
Ô đã chiếm: 333 / Ô còn trống: 24
Đề xuất tạo 5 mũi tên cho vòng lặp này...
Generating level in painted area... (This will be slow)
Trying to generate arrow 1/5...
Trying to generate arrow 2/5...
Could not find valid arrow 2. Stopping.
Successfully generated 1 arrows!
Kết quả vòng lặp: Successfully generated 1 arrows!
Tiếp tục lặp lại ở độ dài tối thiểu (5)...

========================================
--- BẮT ĐẦU VÒNG LẶP (Length = 5) ---
Ô đã chiếm: 335 / Ô còn trống: 22
Đề xuất tạo 4 mũi tên cho vòng lặp này...
Generating level in painted area... (This will be slow)
Trying to generate arrow 1/4...
Could not find valid arrow 1. Stopping.
Kết quả vòng lặp: Generation complete, but 0 valid arrows found. Try again.
Không thể tạo thêm mũi tên ở độ dài này.
Đã đạt độ dài tối thiểu và không thể tạo thêm. Dừng.

========================================
--- ĐÃ HOÀN TẤT TẤT CẢ CÁC VÒNG LẶP ---
Tổng cộng đã tạo: 30 mũi tên.
Đã lấp đầy 335 / 357 ô (93.8%)
--- Đang lưu kết quả ra: level_set/level_set_3/2_result_test/25.json ---
Đã lưu thành công level 23x25 với 30 mũi tên.
--- Bản đồ kết quả (ASCII) ---
                         
           ####          
      .############      
    ############^.v.^    
   <#^############.##<#  
  ############v#######>. 
 .########v######>###### 
 #####.###########.##### 
 #.###<######.##.####### 
 ####################### 
 v###<####>###v####.#### 
  ############>######### 
  ########v#######v#^##  
   ####################  
    .######.###>######   
     .#####>#>######>    
      #>.##.###.###.     
       <###########      
        ######>##.       
        #########        
         #      #        
         v     #         
          .    v         
         .####>#>        
          #####          
          #####          
                         
--- Đang render: 25 (23x25) ---
✅ Đã lưu hình ảnh vào: level_set/level_set_3/3_render/25.png
args: Args(level_set_path=PosixPath('level_set/level_set_3'), start_length=20, length_step=5, min_length=5, size=(25, 25), turn_probability=0.5, straight_weight=0.75, left_weight=0.25, right_weight=0.5, max_turns=6, generate_mode='advance', csv_path=PosixPath('level_set/level_set_3/[Data] levels - test dataframe.csv'), csv=    level_name    template_name  ...  difficulty  style
0           21     pentagon.png  ...      Normal    NaN
1           22         star.png  ...      Normal     AZ
2           23       square.png  ...        Hard    NaN
3           24     pentagon.png  ...      Normal    NaN
4           25  AIR BALLOON.png  ...      Normal    NaN
5           26       square.png  ...      Normal     AZ
6           27       circle.png  ...      Normal     AZ
7           28      hexagon.png  ...      Normal    NaN
8           29       square.png  ...        Hard     AZ
9           30         BODY.png  ...      Normal    NaN
10          31       circle.png  ...      Normal    NaN
11          32     pentagon.png  ...      Normal     AZ
12          33       square.png  ...        Hard    NaN
13          34         star.png  ...      Normal    NaN
14          35        CHESS.png  ...      Normal    NaN
15          36      hexagon.png  ...      Normal     AZ
16          37       square.png  ...      Normal     AZ
17          38       circle.png  ...      Normal    NaN
18          39       square.png  ...        Hard     AZ
19          40   CRUSTACEAN.png  ...      Normal    NaN

[20 rows x 10 columns], item_path='level_set/level_set_3/1_0_original_icons/square.png', item_name='square.png', alter_item_name='26')
Đang xử lý: 'level_set/level_set_3/1_0_original_icons/square.png' (Kích thước gốc: (250, 250))
==> Đã lưu vào: 'level_set/level_set_3/1_1_icons/square.png' (Kích thước mới: (25, 25))
Đã tải ảnh 'level_set/level_set_3/1_1_icons/square.png' (Kích thước: 25x25)
Sử dụng ngưỡng Alpha: 128
Hoàn thành! Đã lưu board vào 'level_set/level_set_3/1_board_test/26'.
--- Đang tải board từ: level_set/level_set_3/1_board_test/26 ---
Đã tải thành công 625 ô 'editable'.
Tổng số ô có thể vẽ: 625

========================================
--- BẮT ĐẦU VÒNG LẶP (Length = 20) ---
Ô đã chiếm: 0 / Ô còn trống: 625
Đề xuất tạo 31 mũi tên cho vòng lặp này...
Generating ADVANCED level in painted area... (This will be slow)
Trying to generate (adv) arrow 1/31...
Trying to generate (adv) arrow 2/31...
Trying to generate (adv) arrow 3/31...
Trying to generate (adv) arrow 4/31...
Trying to generate (adv) arrow 5/31...
Trying to generate (adv) arrow 6/31...
Trying to generate (adv) arrow 7/31...
Trying to generate (adv) arrow 8/31...
Trying to generate (adv) arrow 9/31...
Trying to generate (adv) arrow 10/31...
Trying to generate (adv) arrow 11/31...
Trying to generate (adv) arrow 12/31...
Trying to generate (adv) arrow 13/31...
Trying to generate (adv) arrow 14/31...
Trying to generate (adv) arrow 15/31...
Trying to generate (adv) arrow 16/31...
Trying to generate (adv) arrow 17/31...
Trying to generate (adv) arrow 18/31...
Trying to generate (adv) arrow 19/31...
Trying to generate (adv) arrow 20/31...
Trying to generate (adv) arrow 21/31...
Trying to generate (adv) arrow 22/31...
Trying to generate (adv) arrow 23/31...
Trying to generate (adv) arrow 24/31...
Trying to generate (adv) arrow 25/31...
Trying to generate (adv) arrow 26/31...
Trying to generate (adv) arrow 27/31...
Trying to generate (adv) arrow 28/31...
Trying to generate (adv) arrow 29/31...
Trying to generate (adv) arrow 30/31...
Trying to generate (adv) arrow 31/31...
Successfully generated 31 arrows!
Kết quả vòng lặp: Successfully generated 31 arrows!
Giảm độ dài từ 20...
Độ dài vòng tiếp theo: 15

========================================
--- BẮT ĐẦU VÒNG LẶP (Length = 15) ---
Ô đã chiếm: 490 / Ô còn trống: 135
Đề xuất tạo 9 mũi tên cho vòng lặp này...
Generating ADVANCED level in painted area... (This will be slow)
Trying to generate (adv) arrow 1/9...
Trying to generate (adv) arrow 2/9...
Trying to generate (adv) arrow 3/9...
Trying to generate (adv) arrow 4/9...
Trying to generate (adv) arrow 5/9...
Trying to generate (adv) arrow 6/9...
Could not find valid arrow 6. Stopping.
Successfully generated 5 arrows!
Kết quả vòng lặp: Successfully generated 5 arrows!
Giảm độ dài từ 15...
Độ dài vòng tiếp theo: 10

========================================
--- BẮT ĐẦU VÒNG LẶP (Length = 10) ---
Ô đã chiếm: 527 / Ô còn trống: 98
Đề xuất tạo 10 mũi tên cho vòng lặp này...
Generating ADVANCED level in painted area... (This will be slow)
Trying to generate (adv) arrow 1/10...
Trying to generate (adv) arrow 2/10...
Trying to generate (adv) arrow 3/10...
Trying to generate (adv) arrow 4/10...
Trying to generate (adv) arrow 5/10...
Could not find valid arrow 5. Stopping.
Successfully generated 4 arrows!
Kết quả vòng lặp: Successfully generated 4 arrows!
Giảm độ dài từ 10...
Độ dài vòng tiếp theo: 5

========================================
--- BẮT ĐẦU VÒNG LẶP (Length = 5) ---
Ô đã chiếm: 548 / Ô còn trống: 77
Đề xuất tạo 15 mũi tên cho vòng lặp này...
Generating ADVANCED level in painted area... (This will be slow)
Trying to generate (adv) arrow 1/15...
Trying to generate (adv) arrow 2/15...
Trying to generate (adv) arrow 3/15...
Trying to generate (adv) arrow 4/15...
Trying to generate (adv) arrow 5/15...
Trying to generate (adv) arrow 6/15...
Trying to generate (adv) arrow 7/15...
Trying to generate (adv) arrow 8/15...
Trying to generate (adv) arrow 9/15...
Trying to generate (adv) arrow 10/15...
Trying to generate (adv) arrow 11/15...
Trying to generate (adv) arrow 12/15...
Trying to generate (adv) arrow 13/15...
Trying to generate (adv) arrow 14/15...
Trying to generate (adv) arrow 15/15...
Successfully generated 15 arrows!
Kết quả vòng lặp: Successfully generated 15 arrows!
Tiếp tục lặp lại ở độ dài tối thiểu (5)...

========================================
--- BẮT ĐẦU VÒNG LẶP (Length = 5) ---
Ô đã chiếm: 585 / Ô còn trống: 40
Đề xuất tạo 8 mũi tên cho vòng lặp này...
Generating ADVANCED level in painted area... (This will be slow)
Trying to generate (adv) arrow 1/8...
Trying to generate (adv) arrow 2/8...
Trying to generate (adv) arrow 3/8...
Trying to generate (adv) arrow 4/8...
Trying to generate (adv) arrow 5/8...
Trying to generate (adv) arrow 6/8...
Trying to generate (adv) arrow 7/8...
Trying to generate (adv) arrow 8/8...
Successfully generated 8 arrows!
Kết quả vòng lặp: Successfully generated 8 arrows!
Tiếp tục lặp lại ở độ dài tối thiểu (5)...

========================================
--- BẮT ĐẦU VÒNG LẶP (Length = 5) ---
Ô đã chiếm: 603 / Ô còn trống: 22
Đề xuất tạo 4 mũi tên cho vòng lặp này...
Generating ADVANCED level in painted area... (This will be slow)
Trying to generate (adv) arrow 1/4...
Trying to generate (adv) arrow 2/4...
Could not find valid arrow 2. Stopping.
Successfully generated 1 arrows!
Kết quả vòng lặp: Successfully generated 1 arrows!
Tiếp tục lặp lại ở độ dài tối thiểu (5)...

========================================
--- BẮT ĐẦU VÒNG LẶP (Length = 5) ---
Ô đã chiếm: 606 / Ô còn trống: 19
Đề xuất tạo 4 mũi tên cho vòng lặp này...
Generating ADVANCED level in painted area... (This will be slow)
Trying to generate (adv) arrow 1/4...
Could not find valid arrow 1. Stopping.
Kết quả vòng lặp: Generation complete, but 0 valid arrows found. Try again.
Không thể tạo thêm mũi tên ở độ dài này.
Đã đạt độ dài tối thiểu và không thể tạo thêm. Dừng.

========================================
--- ĐÃ HOÀN TẤT TẤT CẢ CÁC VÒNG LẶP ---
Tổng cộng đã tạo: 64 mũi tên.
Đã lấp đầy 606 / 625 ô (97.0%)
--- Đang lưu kết quả ra: level_set/level_set_3/2_result_test/26.json ---
Đã lưu thành công level 25x25 với 64 mũi tên.
--- Bản đồ kết quả (ASCII) ---
                           
 ######<###^<#^########### 
 ####################.#### 
 .############>.#######.## 
 ########.#############<## 
 #.####<###########^^##>.# 
 ################>######## 
 ####<####v###########.^## 
 ####^^###.####>#########v 
 #v##################^##v# 
 #######v###>#>##########v 
 ^v#######v#^###########v# 
 #########>############### 
 <#^####.###########>##### 
 <##v##################^#v 
 ###.######.##^<########v. 
 ####<#################### 
 ########v<############### 
 ###.##########<#<####v### 
 #####<######>###########> 
 ########.##<############> 
 #########>#######v####### 
 ###############v######### 
 #############^######.##v# 
 #v######v#.######v####### 
 v.#####v.#####vv######### 
                           
--- Đang render: 26 (25x25) ---
✅ Đã lưu hình ảnh vào: level_set/level_set_3/3_render/26.png
args: Args(level_set_path=PosixPath('level_set/level_set_3'), start_length=30, length_step=5, min_length=5, size=(30, 30), turn_probability=0.5, straight_weight=0.75, left_weight=0.25, right_weight=0.5, max_turns=6, generate_mode='advance', csv_path=PosixPath('level_set/level_set_3/[Data] levels - test dataframe.csv'), csv=    level_name    template_name  ...  difficulty  style
0           21     pentagon.png  ...      Normal    NaN
1           22         star.png  ...      Normal     AZ
2           23       square.png  ...        Hard    NaN
3           24     pentagon.png  ...      Normal    NaN
4           25  AIR BALLOON.png  ...      Normal    NaN
5           26       square.png  ...      Normal     AZ
6           27       circle.png  ...      Normal     AZ
7           28      hexagon.png  ...      Normal    NaN
8           29       square.png  ...        Hard     AZ
9           30         BODY.png  ...      Normal    NaN
10          31       circle.png  ...      Normal    NaN
11          32     pentagon.png  ...      Normal     AZ
12          33       square.png  ...        Hard    NaN
13          34         star.png  ...      Normal    NaN
14          35        CHESS.png  ...      Normal    NaN
15          36      hexagon.png  ...      Normal     AZ
16          37       square.png  ...      Normal     AZ
17          38       circle.png  ...      Normal    NaN
18          39       square.png  ...        Hard     AZ
19          40   CRUSTACEAN.png  ...      Normal    NaN

[20 rows x 10 columns], item_path='level_set/level_set_3/1_0_original_icons/circle.png', item_name='circle.png', alter_item_name='27')
Đang xử lý: 'level_set/level_set_3/1_0_original_icons/circle.png' (Kích thước gốc: (250, 250))
==> Đã lưu vào: 'level_set/level_set_3/1_1_icons/circle.png' (Kích thước mới: (30, 30))
Đã tải ảnh 'level_set/level_set_3/1_1_icons/circle.png' (Kích thước: 30x30)
Sử dụng ngưỡng Alpha: 128
Hoàn thành! Đã lưu board vào 'level_set/level_set_3/1_board_test/27'.
--- Đang tải board từ: level_set/level_set_3/1_board_test/27 ---
Đã tải thành công 716 ô 'editable'.
Tổng số ô có thể vẽ: 716

========================================
--- BẮT ĐẦU VÒNG LẶP (Length = 30) ---
Ô đã chiếm: 0 / Ô còn trống: 716
Đề xuất tạo 24 mũi tên cho vòng lặp này...
Generating ADVANCED level in painted area... (This will be slow)
Trying to generate (adv) arrow 1/24...
Trying to generate (adv) arrow 2/24...
Trying to generate (adv) arrow 3/24...
Trying to generate (adv) arrow 4/24...
Trying to generate (adv) arrow 5/24...
Trying to generate (adv) arrow 6/24...
Trying to generate (adv) arrow 7/24...
Trying to generate (adv) arrow 8/24...
Trying to generate (adv) arrow 9/24...
Trying to generate (adv) arrow 10/24...
Trying to generate (adv) arrow 11/24...
Trying to generate (adv) arrow 12/24...
Trying to generate (adv) arrow 13/24...
Trying to generate (adv) arrow 14/24...
Trying to generate (adv) arrow 15/24...
Trying to generate (adv) arrow 16/24...
Trying to generate (adv) arrow 17/24...
Trying to generate (adv) arrow 18/24...
Trying to generate (adv) arrow 19/24...
Trying to generate (adv) arrow 20/24...
Trying to generate (adv) arrow 21/24...
Trying to generate (adv) arrow 22/24...
Trying to generate (adv) arrow 23/24...
Trying to generate (adv) arrow 24/24...
Successfully generated 24 arrows!
Kết quả vòng lặp: Successfully generated 24 arrows!
Giảm độ dài từ 30...
Độ dài vòng tiếp theo: 25

========================================
--- BẮT ĐẦU VÒNG LẶP (Length = 25) ---
Ô đã chiếm: 493 / Ô còn trống: 223
Đề xuất tạo 9 mũi tên cho vòng lặp này...
Generating ADVANCED level in painted area... (This will be slow)
Trying to generate (adv) arrow 1/9...
Trying to generate (adv) arrow 2/9...
Trying to generate (adv) arrow 3/9...
Trying to generate (adv) arrow 4/9...
Could not find valid arrow 4. Stopping.
Successfully generated 3 arrows!
Kết quả vòng lặp: Successfully generated 3 arrows!
Giảm độ dài từ 25...
Độ dài vòng tiếp theo: 20

========================================
--- BẮT ĐẦU VÒNG LẶP (Length = 20) ---
Ô đã chiếm: 535 / Ô còn trống: 181
Đề xuất tạo 9 mũi tên cho vòng lặp này...
Generating ADVANCED level in painted area... (This will be slow)
Trying to generate (adv) arrow 1/9...
Trying to generate (adv) arrow 2/9...
Trying to generate (adv) arrow 3/9...
Trying to generate (adv) arrow 4/9...
Trying to generate (adv) arrow 5/9...
Trying to generate (adv) arrow 6/9...
Trying to generate (adv) arrow 7/9...
Could not find valid arrow 7. Stopping.
Successfully generated 6 arrows!
Kết quả vòng lặp: Successfully generated 6 arrows!
Giảm độ dài từ 20...
Độ dài vòng tiếp theo: 15

========================================
--- BẮT ĐẦU VÒNG LẶP (Length = 15) ---
Ô đã chiếm: 597 / Ô còn trống: 119
Đề xuất tạo 8 mũi tên cho vòng lặp này...
Generating ADVANCED level in painted area... (This will be slow)
Trying to generate (adv) arrow 1/8...
Trying to generate (adv) arrow 2/8...
Trying to generate (adv) arrow 3/8...
Trying to generate (adv) arrow 4/8...
Trying to generate (adv) arrow 5/8...
Could not find valid arrow 5. Stopping.
Successfully generated 4 arrows!
Kết quả vòng lặp: Successfully generated 4 arrows!
Giảm độ dài từ 15...
Độ dài vòng tiếp theo: 10

========================================
--- BẮT ĐẦU VÒNG LẶP (Length = 10) ---
Ô đã chiếm: 626 / Ô còn trống: 90
Đề xuất tạo 9 mũi tên cho vòng lặp này...
Generating ADVANCED level in painted area... (This will be slow)
Trying to generate (adv) arrow 1/9...
Trying to generate (adv) arrow 2/9...
Trying to generate (adv) arrow 3/9...
Trying to generate (adv) arrow 4/9...
Could not find valid arrow 4. Stopping.
Successfully generated 3 arrows!
Kết quả vòng lặp: Successfully generated 3 arrows!
Giảm độ dài từ 10...
Độ dài vòng tiếp theo: 5

========================================
--- BẮT ĐẦU VÒNG LẶP (Length = 5) ---
Ô đã chiếm: 642 / Ô còn trống: 74
Đề xuất tạo 15 mũi tên cho vòng lặp này...
Generating ADVANCED level in painted area... (This will be slow)
Trying to generate (adv) arrow 1/15...
Trying to generate (adv) arrow 2/15...
Trying to generate (adv) arrow 3/15...
Trying to generate (adv) arrow 4/15...
Trying to generate (adv) arrow 5/15...
Trying to generate (adv) arrow 6/15...
Trying to generate (adv) arrow 7/15...
Trying to generate (adv) arrow 8/15...
Trying to generate (adv) arrow 9/15...
Trying to generate (adv) arrow 10/15...
Trying to generate (adv) arrow 11/15...
Trying to generate (adv) arrow 12/15...
Trying to generate (adv) arrow 13/15...
Trying to generate (adv) arrow 14/15...
Trying to generate (adv) arrow 15/15...
Successfully generated 15 arrows!
Kết quả vòng lặp: Successfully generated 15 arrows!
Tiếp tục lặp lại ở độ dài tối thiểu (5)...

========================================
--- BẮT ĐẦU VÒNG LẶP (Length = 5) ---
Ô đã chiếm: 682 / Ô còn trống: 34
Đề xuất tạo 7 mũi tên cho vòng lặp này...
Generating ADVANCED level in painted area... (This will be slow)
Trying to generate (adv) arrow 1/7...
Trying to generate (adv) arrow 2/7...
Trying to generate (adv) arrow 3/7...
Trying to generate (adv) arrow 4/7...
Trying to generate (adv) arrow 5/7...
Trying to generate (adv) arrow 6/7...
Trying to generate (adv) arrow 7/7...
Successfully generated 7 arrows!
Kết quả vòng lặp: Successfully generated 7 arrows!
Tiếp tục lặp lại ở độ dài tối thiểu (5)...

========================================
--- BẮT ĐẦU VÒNG LẶP (Length = 5) ---
Ô đã chiếm: 696 / Ô còn trống: 20
Đề xuất tạo 4 mũi tên cho vòng lặp này...
Generating ADVANCED level in painted area... (This will be slow)
Trying to generate (adv) arrow 1/4...
Could not find valid arrow 1. Stopping.
Kết quả vòng lặp: Generation complete, but 0 valid arrows found. Try again.
Không thể tạo thêm mũi tên ở độ dài này.
Đã đạt độ dài tối thiểu và không thể tạo thêm. Dừng.

========================================
--- ĐÃ HOÀN TẤT TẤT CẢ CÁC VÒNG LẶP ---
Tổng cộng đã tạo: 62 mũi tên.
Đã lấp đầy 696 / 716 ô (97.2%)
--- Đang lưu kết quả ra: level_set/level_set_3/2_result_test/27.json ---
Đã lưu thành công level 30x30 với 62 mũi tên.
--- Bản đồ kết quả (ASCII) ---
                                
            #######>            
         ###########<##         
        ######>######>##        
      <##^<##########<###.      
     ############.v########     
    #>#########v############    
    #############.##########    
   ########>#####^#######^##^   
  .########^#######vv#########  
  ^##################>#>#^####  
  ############################  
 #####################.#v###v#. 
 #^.###>####################.## 
 #########v.################### 
 ###.#^####^################### 
 ############.###############v# 
 v###################.######### 
 ###.########################v# 
 v############################# 
  ###################>#####>##  
  ##############v####>vv###^##  
  ####.##>###################v  
   <#<######<######>#########   
    ############v###########    
    #################v###v##    
     .########>.###########     
      #v###>#########v###v      
        ###>#######>#>#.        
         .<########<###         
            ##>#>.v.            
                                
--- Đang render: 27 (30x30) ---
✅ Đã lưu hình ảnh vào: level_set/level_set_3/3_render/27.png
args: Args(level_set_path=PosixPath('level_set/level_set_3'), start_length=20, length_step=5, min_length=5, size=(30, 30), turn_probability=0.5, straight_weight=0.75, left_weight=0.25, right_weight=0.5, max_turns=6, generate_mode='basic', csv_path=PosixPath('level_set/level_set_3/[Data] levels - test dataframe.csv'), csv=    level_name    template_name  ...  difficulty  style
0           21     pentagon.png  ...      Normal    NaN
1           22         star.png  ...      Normal     AZ
2           23       square.png  ...        Hard    NaN
3           24     pentagon.png  ...      Normal    NaN
4           25  AIR BALLOON.png  ...      Normal    NaN
5           26       square.png  ...      Normal     AZ
6           27       circle.png  ...      Normal     AZ
7           28      hexagon.png  ...      Normal    NaN
8           29       square.png  ...        Hard     AZ
9           30         BODY.png  ...      Normal    NaN
10          31       circle.png  ...      Normal    NaN
11          32     pentagon.png  ...      Normal     AZ
12          33       square.png  ...        Hard    NaN
13          34         star.png  ...      Normal    NaN
14          35        CHESS.png  ...      Normal    NaN
15          36      hexagon.png  ...      Normal     AZ
16          37       square.png  ...      Normal     AZ
17          38       circle.png  ...      Normal    NaN
18          39       square.png  ...        Hard     AZ
19          40   CRUSTACEAN.png  ...      Normal    NaN

[20 rows x 10 columns], item_path='level_set/level_set_3/1_0_original_icons/hexagon.png', item_name='hexagon.png', alter_item_name='28')
Đang xử lý: 'level_set/level_set_3/1_0_original_icons/hexagon.png' (Kích thước gốc: (250, 250))
==> Đã lưu vào: 'level_set/level_set_3/1_1_icons/hexagon.png' (Kích thước mới: (30, 30))
Đã tải ảnh 'level_set/level_set_3/1_1_icons/hexagon.png' (Kích thước: 30x30)
Sử dụng ngưỡng Alpha: 128
Hoàn thành! Đã lưu board vào 'level_set/level_set_3/1_board_test/28'.
--- Đang tải board từ: level_set/level_set_3/1_board_test/28 ---
Đã tải thành công 588 ô 'editable'.
Tổng số ô có thể vẽ: 588

========================================
--- BẮT ĐẦU VÒNG LẶP (Length = 20) ---
Ô đã chiếm: 0 / Ô còn trống: 588
Đề xuất tạo 29 mũi tên cho vòng lặp này...
Generating level in painted area... (This will be slow)
Trying to generate arrow 1/29...
Trying to generate arrow 2/29...
Trying to generate arrow 3/29...
Trying to generate arrow 4/29...
Trying to generate arrow 5/29...
Trying to generate arrow 6/29...
Trying to generate arrow 7/29...
Trying to generate arrow 8/29...
Trying to generate arrow 9/29...
Trying to generate arrow 10/29...
Trying to generate arrow 11/29...
Trying to generate arrow 12/29...
Trying to generate arrow 13/29...
Trying to generate arrow 14/29...
Trying to generate arrow 15/29...
Trying to generate arrow 16/29...
Trying to generate arrow 17/29...
Trying to generate arrow 18/29...
Trying to generate arrow 19/29...
Trying to generate arrow 20/29...
Trying to generate arrow 21/29...
Trying to generate arrow 22/29...
Trying to generate arrow 23/29...
Trying to generate arrow 24/29...
Trying to generate arrow 25/29...
Trying to generate arrow 26/29...
Trying to generate arrow 27/29...
Trying to generate arrow 28/29...
Could not find valid arrow 28. Stopping.
Successfully generated 27 arrows!
Kết quả vòng lặp: Successfully generated 27 arrows!
Giảm độ dài từ 20...
Độ dài vòng tiếp theo: 15

========================================
--- BẮT ĐẦU VÒNG LẶP (Length = 15) ---
Ô đã chiếm: 434 / Ô còn trống: 154
Đề xuất tạo 10 mũi tên cho vòng lặp này...
Generating level in painted area... (This will be slow)
Trying to generate arrow 1/10...
Trying to generate arrow 2/10...
Trying to generate arrow 3/10...
Trying to generate arrow 4/10...
Trying to generate arrow 5/10...
Trying to generate arrow 6/10...
Trying to generate arrow 7/10...
Trying to generate arrow 8/10...
Could not find valid arrow 8. Stopping.
Successfully generated 7 arrows!
Kết quả vòng lặp: Successfully generated 7 arrows!
Giảm độ dài từ 15...
Độ dài vòng tiếp theo: 10

========================================
--- BẮT ĐẦU VÒNG LẶP (Length = 10) ---
Ô đã chiếm: 490 / Ô còn trống: 98
Đề xuất tạo 10 mũi tên cho vòng lặp này...
Generating level in painted area... (This will be slow)
Trying to generate arrow 1/10...
Trying to generate arrow 2/10...
Trying to generate arrow 3/10...
Trying to generate arrow 4/10...
Trying to generate arrow 5/10...
Trying to generate arrow 6/10...
Trying to generate arrow 7/10...
Could not find valid arrow 7. Stopping.
Successfully generated 6 arrows!
Kết quả vòng lặp: Successfully generated 6 arrows!
Giảm độ dài từ 10...
Độ dài vòng tiếp theo: 5

========================================
--- BẮT ĐẦU VÒNG LẶP (Length = 5) ---
Ô đã chiếm: 523 / Ô còn trống: 65
Đề xuất tạo 13 mũi tên cho vòng lặp này...
Generating level in painted area... (This will be slow)
Trying to generate arrow 1/13...
Trying to generate arrow 2/13...
Trying to generate arrow 3/13...
Trying to generate arrow 4/13...
Trying to generate arrow 5/13...
Trying to generate arrow 6/13...
Trying to generate arrow 7/13...
Trying to generate arrow 8/13...
Trying to generate arrow 9/13...
Trying to generate arrow 10/13...
Trying to generate arrow 11/13...
Trying to generate arrow 12/13...
Trying to generate arrow 13/13...
Successfully generated 13 arrows!
Kết quả vòng lặp: Successfully generated 13 arrows!
Tiếp tục lặp lại ở độ dài tối thiểu (5)...

========================================
--- BẮT ĐẦU VÒNG LẶP (Length = 5) ---
Ô đã chiếm: 551 / Ô còn trống: 37
Đề xuất tạo 7 mũi tên cho vòng lặp này...
Generating level in painted area... (This will be slow)
Trying to generate arrow 1/7...
Trying to generate arrow 2/7...
Trying to generate arrow 3/7...
Trying to generate arrow 4/7...
Could not find valid arrow 4. Stopping.
Successfully generated 3 arrows!
Kết quả vòng lặp: Successfully generated 3 arrows!
Tiếp tục lặp lại ở độ dài tối thiểu (5)...

========================================
--- BẮT ĐẦU VÒNG LẶP (Length = 5) ---
Ô đã chiếm: 557 / Ô còn trống: 31
Đề xuất tạo 6 mũi tên cho vòng lặp này...
Generating level in painted area... (This will be slow)
Trying to generate arrow 1/6...
Could not find valid arrow 1. Stopping.
Kết quả vòng lặp: Generation complete, but 0 valid arrows found. Try again.
Không thể tạo thêm mũi tên ở độ dài này.
Đã đạt độ dài tối thiểu và không thể tạo thêm. Dừng.

========================================
--- ĐÃ HOÀN TẤT TẤT CẢ CÁC VÒNG LẶP ---
Tổng cộng đã tạo: 56 mũi tên.
Đã lấp đầy 557 / 588 ô (94.7%)
--- Đang lưu kết quả ra: level_set/level_set_3/2_result_test/28.json ---
Đã lưu thành công level 30x26 với 56 mũi tên.
--- Bản đồ kết quả (ASCII) ---
                                
        <###<#########>.        
        ##^##^v########>        
       ##################       
      ^#.#<######.###.####      
      ####<###############      
     ^#########<##<#######.     
     ####^##^##.#####.#####     
    #########^#####.#####.##    
    ######################vv    
   ^##.######<########>####>^   
  ####<#####.^###############.  
  #####################.######  
 #>#####.#v##########>#>######^ 
 ###########.v############.#### 
  #####.^.#^###########v###.##  
  ##############v##.#####.#>#.  
   .####^###^################   
    #######v#####v##>##.v###    
    ##########v########<####    
     ##.<###.#.###.####<#<#     
     v##########<##########     
      ####################      
      <########>####>#.###      
       ###############^##       
        ############.^##        
        ##.###>v########        
                                
--- Đang render: 28 (30x26) ---
✅ Đã lưu hình ảnh vào: level_set/level_set_3/3_render/28.png
args: Args(level_set_path=PosixPath('level_set/level_set_3'), start_length=20, length_step=5, min_length=5, size=(30, 40), turn_probability=0.5, straight_weight=0.75, left_weight=0.25, right_weight=0.5, max_turns=6, generate_mode='advance', csv_path=PosixPath('level_set/level_set_3/[Data] levels - test dataframe.csv'), csv=    level_name    template_name  ...  difficulty  style
0           21     pentagon.png  ...      Normal    NaN
1           22         star.png  ...      Normal     AZ
2           23       square.png  ...        Hard    NaN
3           24     pentagon.png  ...      Normal    NaN
4           25  AIR BALLOON.png  ...      Normal    NaN
5           26       square.png  ...      Normal     AZ
6           27       circle.png  ...      Normal     AZ
7           28      hexagon.png  ...      Normal    NaN
8           29       square.png  ...        Hard     AZ
9           30         BODY.png  ...      Normal    NaN
10          31       circle.png  ...      Normal    NaN
11          32     pentagon.png  ...      Normal     AZ
12          33       square.png  ...        Hard    NaN
13          34         star.png  ...      Normal    NaN
14          35        CHESS.png  ...      Normal    NaN
15          36      hexagon.png  ...      Normal     AZ
16          37       square.png  ...      Normal     AZ
17          38       circle.png  ...      Normal    NaN
18          39       square.png  ...        Hard     AZ
19          40   CRUSTACEAN.png  ...      Normal    NaN

[20 rows x 10 columns], item_path='level_set/level_set_3/1_0_original_icons/square.png', item_name='square.png', alter_item_name='29')
Đang xử lý: 'level_set/level_set_3/1_0_original_icons/square.png' (Kích thước gốc: (250, 250))
==> Đã lưu vào: 'level_set/level_set_3/1_1_icons/square.png' (Kích thước mới: (30, 40))
Đã tải ảnh 'level_set/level_set_3/1_1_icons/square.png' (Kích thước: 30x40)
Sử dụng ngưỡng Alpha: 128
Hoàn thành! Đã lưu board vào 'level_set/level_set_3/1_board_test/29'.
--- Đang tải board từ: level_set/level_set_3/1_board_test/29 ---
Đã tải thành công 1200 ô 'editable'.
Tổng số ô có thể vẽ: 1200

========================================
--- BẮT ĐẦU VÒNG LẶP (Length = 20) ---
Ô đã chiếm: 0 / Ô còn trống: 1200
Đề xuất tạo 60 mũi tên cho vòng lặp này...
Generating ADVANCED level in painted area... (This will be slow)
Trying to generate (adv) arrow 1/60...
Trying to generate (adv) arrow 2/60...
Trying to generate (adv) arrow 3/60...
Trying to generate (adv) arrow 4/60...
Trying to generate (adv) arrow 5/60...
Trying to generate (adv) arrow 6/60...
Trying to generate (adv) arrow 7/60...
Trying to generate (adv) arrow 8/60...
Trying to generate (adv) arrow 9/60...
Trying to generate (adv) arrow 10/60...
Trying to generate (adv) arrow 11/60...
Trying to generate (adv) arrow 12/60...
Trying to generate (adv) arrow 13/60...
Trying to generate (adv) arrow 14/60...
Trying to generate (adv) arrow 15/60...
Trying to generate (adv) arrow 16/60...
Trying to generate (adv) arrow 17/60...
Trying to generate (adv) arrow 18/60...
Trying to generate (adv) arrow 19/60...
Trying to generate (adv) arrow 20/60...
Trying to generate (adv) arrow 21/60...
Trying to generate (adv) arrow 22/60...
Trying to generate (adv) arrow 23/60...
Trying to generate (adv) arrow 24/60...
Trying to generate (adv) arrow 25/60...
Trying to generate (adv) arrow 26/60...
Trying to generate (adv) arrow 27/60...
Trying to generate (adv) arrow 28/60...
Trying to generate (adv) arrow 29/60...
Trying to generate (adv) arrow 30/60...
Trying to generate (adv) arrow 31/60...
Trying to generate (adv) arrow 32/60...
Trying to generate (adv) arrow 33/60...
Trying to generate (adv) arrow 34/60...
Trying to generate (adv) arrow 35/60...
Trying to generate (adv) arrow 36/60...
Trying to generate (adv) arrow 37/60...
Trying to generate (adv) arrow 38/60...
Trying to generate (adv) arrow 39/60...
Trying to generate (adv) arrow 40/60...
Trying to generate (adv) arrow 41/60...
Trying to generate (adv) arrow 42/60...
Trying to generate (adv) arrow 43/60...
Trying to generate (adv) arrow 44/60...
Trying to generate (adv) arrow 45/60...
Trying to generate (adv) arrow 46/60...
Trying to generate (adv) arrow 47/60...
Trying to generate (adv) arrow 48/60...
Trying to generate (adv) arrow 49/60...
Trying to generate (adv) arrow 50/60...
Trying to generate (adv) arrow 51/60...
Trying to generate (adv) arrow 52/60...
Trying to generate (adv) arrow 53/60...
Trying to generate (adv) arrow 54/60...
Trying to generate (adv) arrow 55/60...
Trying to generate (adv) arrow 56/60...
Trying to generate (adv) arrow 57/60...
Could not find valid arrow 57. Stopping.
Successfully generated 56 arrows!
Kết quả vòng lặp: Successfully generated 56 arrows!
Giảm độ dài từ 20...
Độ dài vòng tiếp theo: 15

========================================
--- BẮT ĐẦU VÒNG LẶP (Length = 15) ---
Ô đã chiếm: 928 / Ô còn trống: 272
Đề xuất tạo 18 mũi tên cho vòng lặp này...
Generating ADVANCED level in painted area... (This will be slow)
Trying to generate (adv) arrow 1/18...
Trying to generate (adv) arrow 2/18...
Trying to generate (adv) arrow 3/18...
Trying to generate (adv) arrow 4/18...
Trying to generate (adv) arrow 5/18...
Trying to generate (adv) arrow 6/18...
Trying to generate (adv) arrow 7/18...
Trying to generate (adv) arrow 8/18...
Could not find valid arrow 8. Stopping.
Successfully generated 7 arrows!
Kết quả vòng lặp: Successfully generated 7 arrows!
Giảm độ dài từ 15...
Độ dài vòng tiếp theo: 10

========================================
--- BẮT ĐẦU VÒNG LẶP (Length = 10) ---
Ô đã chiếm: 984 / Ô còn trống: 216
Đề xuất tạo 22 mũi tên cho vòng lặp này...
Generating ADVANCED level in painted area... (This will be slow)
Trying to generate (adv) arrow 1/22...
Trying to generate (adv) arrow 2/22...
Trying to generate (adv) arrow 3/22...
Trying to generate (adv) arrow 4/22...
Trying to generate (adv) arrow 5/22...
Trying to generate (adv) arrow 6/22...
Trying to generate (adv) arrow 7/22...
Trying to generate (adv) arrow 8/22...
Trying to generate (adv) arrow 9/22...
Trying to generate (adv) arrow 10/22...
Trying to generate (adv) arrow 11/22...
Trying to generate (adv) arrow 12/22...
Could not find valid arrow 12. Stopping.
Successfully generated 11 arrows!
Kết quả vòng lặp: Successfully generated 11 arrows!
Giảm độ dài từ 10...
Độ dài vòng tiếp theo: 5

========================================
--- BẮT ĐẦU VÒNG LẶP (Length = 5) ---
Ô đã chiếm: 1048 / Ô còn trống: 152
Đề xuất tạo 30 mũi tên cho vòng lặp này...
Generating ADVANCED level in painted area... (This will be slow)
Trying to generate (adv) arrow 1/30...
Trying to generate (adv) arrow 2/30...
Trying to generate (adv) arrow 3/30...
Trying to generate (adv) arrow 4/30...
Trying to generate (adv) arrow 5/30...
Trying to generate (adv) arrow 6/30...
Trying to generate (adv) arrow 7/30...
Trying to generate (adv) arrow 8/30...
Trying to generate (adv) arrow 9/30...
Trying to generate (adv) arrow 10/30...
Trying to generate (adv) arrow 11/30...
Trying to generate (adv) arrow 12/30...
Trying to generate (adv) arrow 13/30...
Trying to generate (adv) arrow 14/30...
Trying to generate (adv) arrow 15/30...
Trying to generate (adv) arrow 16/30...
Trying to generate (adv) arrow 17/30...
Trying to generate (adv) arrow 18/30...
Trying to generate (adv) arrow 19/30...
Trying to generate (adv) arrow 20/30...
Trying to generate (adv) arrow 21/30...
Trying to generate (adv) arrow 22/30...
Trying to generate (adv) arrow 23/30...
Trying to generate (adv) arrow 24/30...
Trying to generate (adv) arrow 25/30...
Trying to generate (adv) arrow 26/30...
Trying to generate (adv) arrow 27/30...
Trying to generate (adv) arrow 28/30...
Trying to generate (adv) arrow 29/30...
Trying to generate (adv) arrow 30/30...
Successfully generated 30 arrows!
Kết quả vòng lặp: Successfully generated 30 arrows!
Tiếp tục lặp lại ở độ dài tối thiểu (5)...

========================================
--- BẮT ĐẦU VÒNG LẶP (Length = 5) ---
Ô đã chiếm: 1120 / Ô còn trống: 80
Đề xuất tạo 16 mũi tên cho vòng lặp này...
Generating ADVANCED level in painted area... (This will be slow)
Trying to generate (adv) arrow 1/16...
Trying to generate (adv) arrow 2/16...
Trying to generate (adv) arrow 3/16...
Trying to generate (adv) arrow 4/16...
Trying to generate (adv) arrow 5/16...
Trying to generate (adv) arrow 6/16...
Trying to generate (adv) arrow 7/16...
Trying to generate (adv) arrow 8/16...
Trying to generate (adv) arrow 9/16...
Trying to generate (adv) arrow 10/16...
Trying to generate (adv) arrow 11/16...
Trying to generate (adv) arrow 12/16...
Trying to generate (adv) arrow 13/16...
Trying to generate (adv) arrow 14/16...
Trying to generate (adv) arrow 15/16...
Trying to generate (adv) arrow 16/16...
Successfully generated 16 arrows!
Kết quả vòng lặp: Successfully generated 16 arrows!
Tiếp tục lặp lại ở độ dài tối thiểu (5)...

========================================
--- BẮT ĐẦU VÒNG LẶP (Length = 5) ---
Ô đã chiếm: 1156 / Ô còn trống: 44
Đề xuất tạo 9 mũi tên cho vòng lặp này...
Generating ADVANCED level in painted area... (This will be slow)
Trying to generate (adv) arrow 1/9...
Trying to generate (adv) arrow 2/9...
Trying to generate (adv) arrow 3/9...
Trying to generate (adv) arrow 4/9...
Trying to generate (adv) arrow 5/9...
Could not find valid arrow 5. Stopping.
Successfully generated 4 arrows!
Kết quả vòng lặp: Successfully generated 4 arrows!
Tiếp tục lặp lại ở độ dài tối thiểu (5)...

========================================
--- BẮT ĐẦU VÒNG LẶP (Length = 5) ---
Ô đã chiếm: 1165 / Ô còn trống: 35
Đề xuất tạo 7 mũi tên cho vòng lặp này...
Generating ADVANCED level in painted area... (This will be slow)
Trying to generate (adv) arrow 1/7...
Could not find valid arrow 1. Stopping.
Kết quả vòng lặp: Generation complete, but 0 valid arrows found. Try again.
Không thể tạo thêm mũi tên ở độ dài này.
Đã đạt độ dài tối thiểu và không thể tạo thêm. Dừng.

========================================
--- ĐÃ HOÀN TẤT TẤT CẢ CÁC VÒNG LẶP ---
Tổng cộng đã tạo: 124 mũi tên.
Đã lấp đầy 1165 / 1200 ô (97.1%)
--- Đang lưu kết quả ra: level_set/level_set_3/2_result_test/29.json ---
Đã lưu thành công level 30x40 với 124 mũi tên.
--- Bản đồ kết quả (ASCII) ---
                                
 ^<##################^.######## 
 #####.v####<#########<#.###>## 
 #########.^<################v# 
 ######v##^#####^<###########.# 
 ######.######^#####<########## 
 ##.<#####^###########>.^#####> 
 #############################> 
 #########..################### 
 ##>#>####^###^##v###########># 
 ####>##v###^################># 
 ####>.###^#####.####^#^.....## 
 #####^###########>###v######## 
 #######<##^###############>### 
 #######################^###### 
 <#<############^######v####### 
 <##########>#>#####>#########> 
 .######>#####>######>######### 
 .#<##########^<#<######<###### 
 .########v#################### 
 #####<######v####^############ 
 #########v<#############>##>.# 
 #######.###################>.# 
 #v########^################### 
 ########.v#####>####.######### 
 #v####>#>######>#>##>######### 
 #.####<#####>###>###>########> 
 #.############^##########^#### 
 ###<####################v#<### 
 ^####>###v#####^############## 
 #########.<################.## 
 #############<#########v#>#### 
 #############<################ 
 ###########v#^^########v###### 
 #########v#############<###<## 
 ###########################>## 
 ######v####################.## 
 .<#######################>#>## 
 #########>#vvv######v#####>.## 
 ##########v.<########<######## 
 #>.vv##>.##########v########## 
                                
--- Đang render: 29 (30x40) ---
✅ Đã lưu hình ảnh vào: level_set/level_set_3/3_render/29.png
args: Args(level_set_path=PosixPath('level_set/level_set_3'), start_length=20, length_step=5, min_length=5, size=(25, 25), turn_probability=0.5, straight_weight=0.75, left_weight=0.25, right_weight=0.5, max_turns=6, generate_mode='basic', csv_path=PosixPath('level_set/level_set_3/[Data] levels - test dataframe.csv'), csv=    level_name    template_name  ...  difficulty  style
0           21     pentagon.png  ...      Normal    NaN
1           22         star.png  ...      Normal     AZ
2           23       square.png  ...        Hard    NaN
3           24     pentagon.png  ...      Normal    NaN
4           25  AIR BALLOON.png  ...      Normal    NaN
5           26       square.png  ...      Normal     AZ
6           27       circle.png  ...      Normal     AZ
7           28      hexagon.png  ...      Normal    NaN
8           29       square.png  ...        Hard     AZ
9           30         BODY.png  ...      Normal    NaN
10          31       circle.png  ...      Normal    NaN
11          32     pentagon.png  ...      Normal     AZ
12          33       square.png  ...        Hard    NaN
13          34         star.png  ...      Normal    NaN
14          35        CHESS.png  ...      Normal    NaN
15          36      hexagon.png  ...      Normal     AZ
16          37       square.png  ...      Normal     AZ
17          38       circle.png  ...      Normal    NaN
18          39       square.png  ...        Hard     AZ
19          40   CRUSTACEAN.png  ...      Normal    NaN

[20 rows x 10 columns], item_path='level_set/level_set_3/1_0_original_icons/BODY.png', item_name='BODY.png', alter_item_name='30')
Đang xử lý: 'level_set/level_set_3/1_0_original_icons/BODY.png' (Kích thước gốc: (117, 222))
==> Đã lưu vào: 'level_set/level_set_3/1_1_icons/BODY.png' (Kích thước mới: (25, 25))
Đã tải ảnh 'level_set/level_set_3/1_1_icons/BODY.png' (Kích thước: 25x25)
Sử dụng ngưỡng Alpha: 128
Hoàn thành! Đã lưu board vào 'level_set/level_set_3/1_board_test/30'.
--- Đang tải board từ: level_set/level_set_3/1_board_test/30 ---
Đã tải thành công 240 ô 'editable'.
Tổng số ô có thể vẽ: 240

========================================
--- BẮT ĐẦU VÒNG LẶP (Length = 20) ---
Ô đã chiếm: 0 / Ô còn trống: 240
Đề xuất tạo 12 mũi tên cho vòng lặp này...
Generating level in painted area... (This will be slow)
Trying to generate arrow 1/12...
Trying to generate arrow 2/12...
Trying to generate arrow 3/12...
Trying to generate arrow 4/12...
Trying to generate arrow 5/12...
Trying to generate arrow 6/12...
Trying to generate arrow 7/12...
Trying to generate arrow 8/12...
Trying to generate arrow 9/12...
Trying to generate arrow 10/12...
Trying to generate arrow 11/12...
Trying to generate arrow 12/12...
Successfully generated 12 arrows!
Kết quả vòng lặp: Successfully generated 12 arrows!
Giảm độ dài từ 20...
Độ dài vòng tiếp theo: 15

========================================
--- BẮT ĐẦU VÒNG LẶP (Length = 15) ---
Ô đã chiếm: 184 / Ô còn trống: 56
Đề xuất tạo 4 mũi tên cho vòng lặp này...
Generating level in painted area... (This will be slow)
Trying to generate arrow 1/4...
Trying to generate arrow 2/4...
Trying to generate arrow 3/4...
Trying to generate arrow 4/4...
Could not find valid arrow 4. Stopping.
Successfully generated 3 arrows!
Kết quả vòng lặp: Successfully generated 3 arrows!
Giảm độ dài từ 15...
Độ dài vòng tiếp theo: 10

========================================
--- BẮT ĐẦU VÒNG LẶP (Length = 10) ---
Ô đã chiếm: 206 / Ô còn trống: 34
Đề xuất tạo 3 mũi tên cho vòng lặp này...
Generating level in painted area... (This will be slow)
Trying to generate arrow 1/3...
Trying to generate arrow 2/3...
Could not find valid arrow 2. Stopping.
Successfully generated 1 arrows!
Kết quả vòng lặp: Successfully generated 1 arrows!
Giảm độ dài từ 10...
Độ dài vòng tiếp theo: 5

========================================
--- BẮT ĐẦU VÒNG LẶP (Length = 5) ---
Ô đã chiếm: 212 / Ô còn trống: 28
Đề xuất tạo 6 mũi tên cho vòng lặp này...
Generating level in painted area... (This will be slow)
Trying to generate arrow 1/6...
Trying to generate arrow 2/6...
Trying to generate arrow 3/6...
Trying to generate arrow 4/6...
Trying to generate arrow 5/6...
Trying to generate arrow 6/6...
Successfully generated 6 arrows!
Kết quả vòng lặp: Successfully generated 6 arrows!
Tiếp tục lặp lại ở độ dài tối thiểu (5)...

========================================
--- BẮT ĐẦU VÒNG LẶP (Length = 5) ---
Ô đã chiếm: 230 / Ô còn trống: 10
Đề xuất tạo 2 mũi tên cho vòng lặp này...
Generating level in painted area... (This will be slow)
Trying to generate arrow 1/2...
Could not find valid arrow 1. Stopping.
Kết quả vòng lặp: Generation complete, but 0 valid arrows found. Try again.
Không thể tạo thêm mũi tên ở độ dài này.
Đã đạt độ dài tối thiểu và không thể tạo thêm. Dừng.

========================================
--- ĐÃ HOÀN TẤT TẤT CẢ CÁC VÒNG LẶP ---
Tổng cộng đã tạo: 22 mũi tên.
Đã lấp đầy 230 / 240 ô (95.8%)
--- Đang lưu kết quả ra: level_set/level_set_3/2_result_test/30.json ---
Đã lưu thành công level 23x23 với 22 mũi tên.
--- Bản đồ kết quả (ASCII) ---
                         
         <######         
        .^######.        
         #######         
                         
                         
       .#########>       
      #>###########>     
     ^##############     
    ##.^##########v##    
   .########<#######v.   
  ##############^######  
  ##^  ###v####v##  #### 
 ####  ##########.  #### 
       ####.#####^       
       ###v   .###       
       ####   ####       
       ####   ####       
       ####   ####       
       ####   v###       
       ####   ####       
       #<##   ###>       
       ##>#   .###       
       <###   <###       
                         
--- Đang render: 30 (23x23) ---
✅ Đã lưu hình ảnh vào: level_set/level_set_3/3_render/30.png
args: Args(level_set_path=PosixPath('level_set/level_set_3'), start_length=25, length_step=5, min_length=5, size=(30, 30), turn_probability=0.5, straight_weight=0.75, left_weight=0.25, right_weight=0.5, max_turns=6, generate_mode='basic', csv_path=PosixPath('level_set/level_set_3/[Data] levels - test dataframe.csv'), csv=    level_name    template_name  ...  difficulty  style
0           21     pentagon.png  ...      Normal    NaN
1           22         star.png  ...      Normal     AZ
2           23       square.png  ...        Hard    NaN
3           24     pentagon.png  ...      Normal    NaN
4           25  AIR BALLOON.png  ...      Normal    NaN
5           26       square.png  ...      Normal     AZ
6           27       circle.png  ...      Normal     AZ
7           28      hexagon.png  ...      Normal    NaN
8           29       square.png  ...        Hard     AZ
9           30         BODY.png  ...      Normal    NaN
10          31       circle.png  ...      Normal    NaN
11          32     pentagon.png  ...      Normal     AZ
12          33       square.png  ...        Hard    NaN
13          34         star.png  ...      Normal    NaN
14          35        CHESS.png  ...      Normal    NaN
15          36      hexagon.png  ...      Normal     AZ
16          37       square.png  ...      Normal     AZ
17          38       circle.png  ...      Normal    NaN
18          39       square.png  ...        Hard     AZ
19          40   CRUSTACEAN.png  ...      Normal    NaN

[20 rows x 10 columns], item_path='level_set/level_set_3/1_0_original_icons/circle.png', item_name='circle.png', alter_item_name='31')
Đang xử lý: 'level_set/level_set_3/1_0_original_icons/circle.png' (Kích thước gốc: (250, 250))
==> Đã lưu vào: 'level_set/level_set_3/1_1_icons/circle.png' (Kích thước mới: (30, 30))
Đã tải ảnh 'level_set/level_set_3/1_1_icons/circle.png' (Kích thước: 30x30)
Sử dụng ngưỡng Alpha: 128
Hoàn thành! Đã lưu board vào 'level_set/level_set_3/1_board_test/31'.
--- Đang tải board từ: level_set/level_set_3/1_board_test/31 ---
Đã tải thành công 716 ô 'editable'.
Tổng số ô có thể vẽ: 716

========================================
--- BẮT ĐẦU VÒNG LẶP (Length = 25) ---
Ô đã chiếm: 0 / Ô còn trống: 716
Đề xuất tạo 29 mũi tên cho vòng lặp này...
Generating level in painted area... (This will be slow)
Trying to generate arrow 1/29...
Trying to generate arrow 2/29...
Trying to generate arrow 3/29...
Trying to generate arrow 4/29...
Trying to generate arrow 5/29...
Trying to generate arrow 6/29...
Trying to generate arrow 7/29...
Trying to generate arrow 8/29...
Trying to generate arrow 9/29...
Trying to generate arrow 10/29...
Trying to generate arrow 11/29...
Trying to generate arrow 12/29...
Trying to generate arrow 13/29...
Trying to generate arrow 14/29...
Trying to generate arrow 15/29...
Trying to generate arrow 16/29...
Trying to generate arrow 17/29...
Trying to generate arrow 18/29...
Trying to generate arrow 19/29...
Trying to generate arrow 20/29...
Trying to generate arrow 21/29...
Trying to generate arrow 22/29...
Trying to generate arrow 23/29...
Trying to generate arrow 24/29...
Trying to generate arrow 25/29...
Could not find valid arrow 25. Stopping.
Successfully generated 24 arrows!
Kết quả vòng lặp: Successfully generated 24 arrows!
Giảm độ dài từ 25...
Độ dài vòng tiếp theo: 20

========================================
--- BẮT ĐẦU VÒNG LẶP (Length = 20) ---
Ô đã chiếm: 504 / Ô còn trống: 212
Đề xuất tạo 11 mũi tên cho vòng lặp này...
Generating level in painted area... (This will be slow)
Trying to generate arrow 1/11...
Trying to generate arrow 2/11...
Trying to generate arrow 3/11...
Trying to generate arrow 4/11...
Trying to generate arrow 5/11...
Could not find valid arrow 5. Stopping.
Successfully generated 4 arrows!
Kết quả vòng lặp: Successfully generated 4 arrows!
Giảm độ dài từ 20...
Độ dài vòng tiếp theo: 15

========================================
--- BẮT ĐẦU VÒNG LẶP (Length = 15) ---
Ô đã chiếm: 551 / Ô còn trống: 165
Đề xuất tạo 11 mũi tên cho vòng lặp này...
Generating level in painted area... (This will be slow)
Trying to generate arrow 1/11...
Trying to generate arrow 2/11...
Trying to generate arrow 3/11...
Trying to generate arrow 4/11...
Could not find valid arrow 4. Stopping.
Successfully generated 3 arrows!
Kết quả vòng lặp: Successfully generated 3 arrows!
Giảm độ dài từ 15...
Độ dài vòng tiếp theo: 10

========================================
--- BẮT ĐẦU VÒNG LẶP (Length = 10) ---
Ô đã chiếm: 573 / Ô còn trống: 143
Đề xuất tạo 14 mũi tên cho vòng lặp này...
Generating level in painted area... (This will be slow)
Trying to generate arrow 1/14...
Trying to generate arrow 2/14...
Trying to generate arrow 3/14...
Trying to generate arrow 4/14...
Trying to generate arrow 5/14...
Could not find valid arrow 5. Stopping.
Successfully generated 4 arrows!
Kết quả vòng lặp: Successfully generated 4 arrows!
Giảm độ dài từ 10...
Độ dài vòng tiếp theo: 5

========================================
--- BẮT ĐẦU VÒNG LẶP (Length = 5) ---
Ô đã chiếm: 597 / Ô còn trống: 119
Đề xuất tạo 24 mũi tên cho vòng lặp này...
Generating level in painted area... (This will be slow)
Trying to generate arrow 1/24...
Trying to generate arrow 2/24...
Trying to generate arrow 3/24...
Trying to generate arrow 4/24...
Trying to generate arrow 5/24...
Trying to generate arrow 6/24...
Trying to generate arrow 7/24...
Trying to generate arrow 8/24...
Trying to generate arrow 9/24...
Trying to generate arrow 10/24...
Trying to generate arrow 11/24...
Trying to generate arrow 12/24...
Trying to generate arrow 13/24...
Trying to generate arrow 14/24...
Trying to generate arrow 15/24...
Trying to generate arrow 16/24...
Trying to generate arrow 17/24...
Trying to generate arrow 18/24...
Trying to generate arrow 19/24...
Trying to generate arrow 20/24...
Trying to generate arrow 21/24...
Trying to generate arrow 22/24...
Trying to generate arrow 23/24...
Trying to generate arrow 24/24...
Successfully generated 24 arrows!
Kết quả vòng lặp: Successfully generated 24 arrows!
Tiếp tục lặp lại ở độ dài tối thiểu (5)...

========================================
--- BẮT ĐẦU VÒNG LẶP (Length = 5) ---
Ô đã chiếm: 653 / Ô còn trống: 63
Đề xuất tạo 13 mũi tên cho vòng lặp này...
Generating level in painted area... (This will be slow)
Trying to generate arrow 1/13...
Trying to generate arrow 2/13...
Trying to generate arrow 3/13...
Trying to generate arrow 4/13...
Trying to generate arrow 5/13...
Trying to generate arrow 6/13...
Trying to generate arrow 7/13...
Trying to generate arrow 8/13...
Trying to generate arrow 9/13...
Could not find valid arrow 9. Stopping.
Successfully generated 8 arrows!
Kết quả vòng lặp: Successfully generated 8 arrows!
Tiếp tục lặp lại ở độ dài tối thiểu (5)...

========================================
--- BẮT ĐẦU VÒNG LẶP (Length = 5) ---
Ô đã chiếm: 673 / Ô còn trống: 43
Đề xuất tạo 9 mũi tên cho vòng lặp này...
Generating level in painted area... (This will be slow)
Trying to generate arrow 1/9...
Could not find valid arrow 1. Stopping.
Kết quả vòng lặp: Generation complete, but 0 valid arrows found. Try again.
Không thể tạo thêm mũi tên ở độ dài này.
Đã đạt độ dài tối thiểu và không thể tạo thêm. Dừng.

========================================
--- ĐÃ HOÀN TẤT TẤT CẢ CÁC VÒNG LẶP ---
Tổng cộng đã tạo: 67 mũi tên.
Đã lấp đầy 673 / 716 ô (94.0%)
--- Đang lưu kết quả ra: level_set/level_set_3/2_result_test/31.json ---
Đã lưu thành công level 30x30 với 67 mũi tên.
--- Bản đồ kết quả (ASCII) ---
                                
            .###.^##            
         ###>#########>         
        #########^######        
      ^###>###.######>.###      
     ###<############.<####     
    .####>#>#############.##    
    ^#^#####.####>####^#####    
   .####^###########>^######.   
  #>.#############^##########^  
  #################^#####>#>##  
  <##^##.########.############  
 ###############^^###.######.## 
 #######################^###### 
 ####.#########.#############<# 
 #.####.#<###v####v#######<#### 
 ################v############# 
 <#########v#####.#.########v## 
 ^^############v##############v 
 ######^####.##.##.#.<#####.##. 
  #######.##############.####.  
  #######>#########^######>###  
  #####^####v####v#####.######  
   ##^###^^#################>   
    #######.##vv.###.#######    
    ########################    
     #######....vv########.     
      ##^^##############<#      
        ####v.########<#        
         <#<########.v.         
            .######v            
                                
--- Đang render: 31 (30x30) ---
✅ Đã lưu hình ảnh vào: level_set/level_set_3/3_render/31.png
args: Args(level_set_path=PosixPath('level_set/level_set_3'), start_length=35, length_step=5, min_length=5, size=(30, 30), turn_probability=0.5, straight_weight=0.75, left_weight=0.25, right_weight=0.5, max_turns=6, generate_mode='advance', csv_path=PosixPath('level_set/level_set_3/[Data] levels - test dataframe.csv'), csv=    level_name    template_name  ...  difficulty  style
0           21     pentagon.png  ...      Normal    NaN
1           22         star.png  ...      Normal     AZ
2           23       square.png  ...        Hard    NaN
3           24     pentagon.png  ...      Normal    NaN
4           25  AIR BALLOON.png  ...      Normal    NaN
5           26       square.png  ...      Normal     AZ
6           27       circle.png  ...      Normal     AZ
7           28      hexagon.png  ...      Normal    NaN
8           29       square.png  ...        Hard     AZ
9           30         BODY.png  ...      Normal    NaN
10          31       circle.png  ...      Normal    NaN
11          32     pentagon.png  ...      Normal     AZ
12          33       square.png  ...        Hard    NaN
13          34         star.png  ...      Normal    NaN
14          35        CHESS.png  ...      Normal    NaN
15          36      hexagon.png  ...      Normal     AZ
16          37       square.png  ...      Normal     AZ
17          38       circle.png  ...      Normal    NaN
18          39       square.png  ...        Hard     AZ
19          40   CRUSTACEAN.png  ...      Normal    NaN

[20 rows x 10 columns], item_path='level_set/level_set_3/1_0_original_icons/pentagon.png', item_name='pentagon.png', alter_item_name='32')
Đang xử lý: 'level_set/level_set_3/1_0_original_icons/pentagon.png' (Kích thước gốc: (250, 250))
==> Đã lưu vào: 'level_set/level_set_3/1_1_icons/pentagon.png' (Kích thước mới: (30, 30))
Đã tải ảnh 'level_set/level_set_3/1_1_icons/pentagon.png' (Kích thước: 30x30)
Sử dụng ngưỡng Alpha: 128
Hoàn thành! Đã lưu board vào 'level_set/level_set_3/1_board_test/32'.
--- Đang tải board từ: level_set/level_set_3/1_board_test/32 ---
Đã tải thành công 590 ô 'editable'.
Tổng số ô có thể vẽ: 590

========================================
--- BẮT ĐẦU VÒNG LẶP (Length = 35) ---
Ô đã chiếm: 0 / Ô còn trống: 590
Đề xuất tạo 17 mũi tên cho vòng lặp này...
Generating ADVANCED level in painted area... (This will be slow)
Trying to generate (adv) arrow 1/17...
Trying to generate (adv) arrow 2/17...
Trying to generate (adv) arrow 3/17...
Trying to generate (adv) arrow 4/17...
Trying to generate (adv) arrow 5/17...
Trying to generate (adv) arrow 6/17...
Trying to generate (adv) arrow 7/17...
Trying to generate (adv) arrow 8/17...
Trying to generate (adv) arrow 9/17...
Trying to generate (adv) arrow 10/17...
Trying to generate (adv) arrow 11/17...
Trying to generate (adv) arrow 12/17...
Trying to generate (adv) arrow 13/17...
Trying to generate (adv) arrow 14/17...
Trying to generate (adv) arrow 15/17...
Trying to generate (adv) arrow 16/17...
Trying to generate (adv) arrow 17/17...
Successfully generated 17 arrows!
Kết quả vòng lặp: Successfully generated 17 arrows!
Giảm độ dài từ 35...
Độ dài vòng tiếp theo: 30

========================================
--- BẮT ĐẦU VÒNG LẶP (Length = 30) ---
Ô đã chiếm: 358 / Ô còn trống: 232
Đề xuất tạo 8 mũi tên cho vòng lặp này...
Generating ADVANCED level in painted area... (This will be slow)
Trying to generate (adv) arrow 1/8...
Trying to generate (adv) arrow 2/8...
Trying to generate (adv) arrow 3/8...
Could not find valid arrow 3. Stopping.
Successfully generated 2 arrows!
Kết quả vòng lặp: Successfully generated 2 arrows!
Giảm độ dài từ 30...
Độ dài vòng tiếp theo: 25

========================================
--- BẮT ĐẦU VÒNG LẶP (Length = 25) ---
Ô đã chiếm: 395 / Ô còn trống: 195
Đề xuất tạo 8 mũi tên cho vòng lặp này...
Generating ADVANCED level in painted area... (This will be slow)
Trying to generate (adv) arrow 1/8...
Trying to generate (adv) arrow 2/8...
Trying to generate (adv) arrow 3/8...
Trying to generate (adv) arrow 4/8...
Could not find valid arrow 4. Stopping.
Successfully generated 3 arrows!
Kết quả vòng lặp: Successfully generated 3 arrows!
Giảm độ dài từ 25...
Độ dài vòng tiếp theo: 20

========================================
--- BẮT ĐẦU VÒNG LẶP (Length = 20) ---
Ô đã chiếm: 434 / Ô còn trống: 156
Đề xuất tạo 8 mũi tên cho vòng lặp này...
Generating ADVANCED level in painted area... (This will be slow)
Trying to generate (adv) arrow 1/8...
Trying to generate (adv) arrow 2/8...
Could not find valid arrow 2. Stopping.
Successfully generated 1 arrows!
Kết quả vòng lặp: Successfully generated 1 arrows!
Giảm độ dài từ 20...
Độ dài vòng tiếp theo: 15

========================================
--- BẮT ĐẦU VÒNG LẶP (Length = 15) ---
Ô đã chiếm: 444 / Ô còn trống: 146
Đề xuất tạo 10 mũi tên cho vòng lặp này...
Generating ADVANCED level in painted area... (This will be slow)
Trying to generate (adv) arrow 1/10...
Trying to generate (adv) arrow 2/10...
Trying to generate (adv) arrow 3/10...
Trying to generate (adv) arrow 4/10...
Trying to generate (adv) arrow 5/10...
Trying to generate (adv) arrow 6/10...
Could not find valid arrow 6. Stopping.
Successfully generated 5 arrows!
Kết quả vòng lặp: Successfully generated 5 arrows!
Giảm độ dài từ 15...
Độ dài vòng tiếp theo: 10

========================================
--- BẮT ĐẦU VÒNG LẶP (Length = 10) ---
Ô đã chiếm: 484 / Ô còn trống: 106
Đề xuất tạo 11 mũi tên cho vòng lặp này...
Generating ADVANCED level in painted area... (This will be slow)
Trying to generate (adv) arrow 1/11...
Trying to generate (adv) arrow 2/11...
Trying to generate (adv) arrow 3/11...
Trying to generate (adv) arrow 4/11...
Trying to generate (adv) arrow 5/11...
Trying to generate (adv) arrow 6/11...
Trying to generate (adv) arrow 7/11...
Trying to generate (adv) arrow 8/11...
Trying to generate (adv) arrow 9/11...
Trying to generate (adv) arrow 10/11...
Trying to generate (adv) arrow 11/11...
Could not find valid arrow 11. Stopping.
Successfully generated 10 arrows!
Kết quả vòng lặp: Successfully generated 10 arrows!
Giảm độ dài từ 10...
Độ dài vòng tiếp theo: 5

========================================
--- BẮT ĐẦU VÒNG LẶP (Length = 5) ---
Ô đã chiếm: 537 / Ô còn trống: 53
Đề xuất tạo 11 mũi tên cho vòng lặp này...
Generating ADVANCED level in painted area... (This will be slow)
Trying to generate (adv) arrow 1/11...
Trying to generate (adv) arrow 2/11...
Trying to generate (adv) arrow 3/11...
Trying to generate (adv) arrow 4/11...
Trying to generate (adv) arrow 5/11...
Trying to generate (adv) arrow 6/11...
Trying to generate (adv) arrow 7/11...
Trying to generate (adv) arrow 8/11...
Trying to generate (adv) arrow 9/11...
Trying to generate (adv) arrow 10/11...
Trying to generate (adv) arrow 11/11...
Successfully generated 11 arrows!
Kết quả vòng lặp: Successfully generated 11 arrows!
Tiếp tục lặp lại ở độ dài tối thiểu (5)...

========================================
--- BẮT ĐẦU VÒNG LẶP (Length = 5) ---
Ô đã chiếm: 561 / Ô còn trống: 29
Đề xuất tạo 6 mũi tên cho vòng lặp này...
Generating ADVANCED level in painted area... (This will be slow)
Trying to generate (adv) arrow 1/6...
Trying to generate (adv) arrow 2/6...
Trying to generate (adv) arrow 3/6...
Trying to generate (adv) arrow 4/6...
Trying to generate (adv) arrow 5/6...
Trying to generate (adv) arrow 6/6...
Could not find valid arrow 6. Stopping.
Successfully generated 5 arrows!
Kết quả vòng lặp: Successfully generated 5 arrows!
Tiếp tục lặp lại ở độ dài tối thiểu (5)...

========================================
--- BẮT ĐẦU VÒNG LẶP (Length = 5) ---
Ô đã chiếm: 574 / Ô còn trống: 16
Đề xuất tạo 3 mũi tên cho vòng lặp này...
Generating ADVANCED level in painted area... (This will be slow)
Trying to generate (adv) arrow 1/3...
Could not find valid arrow 1. Stopping.
Kết quả vòng lặp: Generation complete, but 0 valid arrows found. Try again.
Không thể tạo thêm mũi tên ở độ dài này.
Đã đạt độ dài tối thiểu và không thể tạo thêm. Dừng.

========================================
--- ĐÃ HOÀN TẤT TẤT CẢ CÁC VÒNG LẶP ---
Tổng cộng đã tạo: 54 mũi tên.
Đã lấp đầy 574 / 590 ô (97.3%)
--- Đang lưu kết quả ra: level_set/level_set_3/2_result_test/32.json ---
Đã lưu thành công level 30x28 với 54 mũi tên.
--- Bản đồ kết quả (ASCII) ---
                                
               #>               
             ######             
            <#.#####            
          ########>##>          
         ##############         
        .v########.v.^#^        
      <####<####.#######<#      
     ########>##^####^#####     
    ##<########^##########v.    
  ##################>########>  
 ##^<########################## 
 v##.######>##>################ 
  ##^v##########<#############  
  #v#########^#########>#####^  
  #############^#########^####  
   ########>###########.####v   
   ##########################   
   v########################v   
    #############.####v#####    
    ########v##>########.###    
    #>######.###########>.##    
     #################>##^#     
     ##################^###     
     v##<##################     
      ##.<##########<#####      
      ####.<##############      
      v#.########<###.##^v      
       ##################       
                                
--- Đang render: 32 (30x28) ---
✅ Đã lưu hình ảnh vào: level_set/level_set_3/3_render/32.png
args: Args(level_set_path=PosixPath('level_set/level_set_3'), start_length=25, length_step=5, min_length=5, size=(30, 40), turn_probability=0.5, straight_weight=0.75, left_weight=0.25, right_weight=0.5, max_turns=6, generate_mode='basic', csv_path=PosixPath('level_set/level_set_3/[Data] levels - test dataframe.csv'), csv=    level_name    template_name  ...  difficulty  style
0           21     pentagon.png  ...      Normal    NaN
1           22         star.png  ...      Normal     AZ
2           23       square.png  ...        Hard    NaN
3           24     pentagon.png  ...      Normal    NaN
4           25  AIR BALLOON.png  ...      Normal    NaN
5           26       square.png  ...      Normal     AZ
6           27       circle.png  ...      Normal     AZ
7           28      hexagon.png  ...      Normal    NaN
8           29       square.png  ...        Hard     AZ
9           30         BODY.png  ...      Normal    NaN
10          31       circle.png  ...      Normal    NaN
11          32     pentagon.png  ...      Normal     AZ
12          33       square.png  ...        Hard    NaN
13          34         star.png  ...      Normal    NaN
14          35        CHESS.png  ...      Normal    NaN
15          36      hexagon.png  ...      Normal     AZ
16          37       square.png  ...      Normal     AZ
17          38       circle.png  ...      Normal    NaN
18          39       square.png  ...        Hard     AZ
19          40   CRUSTACEAN.png  ...      Normal    NaN

[20 rows x 10 columns], item_path='level_set/level_set_3/1_0_original_icons/square.png', item_name='square.png', alter_item_name='33')
Đang xử lý: 'level_set/level_set_3/1_0_original_icons/square.png' (Kích thước gốc: (250, 250))
==> Đã lưu vào: 'level_set/level_set_3/1_1_icons/square.png' (Kích thước mới: (30, 40))
Đã tải ảnh 'level_set/level_set_3/1_1_icons/square.png' (Kích thước: 30x40)
Sử dụng ngưỡng Alpha: 128
Hoàn thành! Đã lưu board vào 'level_set/level_set_3/1_board_test/33'.
--- Đang tải board từ: level_set/level_set_3/1_board_test/33 ---
Đã tải thành công 1200 ô 'editable'.
Tổng số ô có thể vẽ: 1200

========================================
--- BẮT ĐẦU VÒNG LẶP (Length = 25) ---
Ô đã chiếm: 0 / Ô còn trống: 1200
Đề xuất tạo 48 mũi tên cho vòng lặp này...
Generating level in painted area... (This will be slow)
Trying to generate arrow 1/48...
Trying to generate arrow 2/48...
Trying to generate arrow 3/48...
Trying to generate arrow 4/48...
Trying to generate arrow 5/48...
Trying to generate arrow 6/48...
Trying to generate arrow 7/48...
Trying to generate arrow 8/48...
Trying to generate arrow 9/48...
Trying to generate arrow 10/48...
Trying to generate arrow 11/48...
Trying to generate arrow 12/48...
Trying to generate arrow 13/48...
Trying to generate arrow 14/48...
Trying to generate arrow 15/48...
Trying to generate arrow 16/48...
Trying to generate arrow 17/48...
Trying to generate arrow 18/48...
Trying to generate arrow 19/48...
Trying to generate arrow 20/48...
Trying to generate arrow 21/48...
Trying to generate arrow 22/48...
Trying to generate arrow 23/48...
Trying to generate arrow 24/48...
Trying to generate arrow 25/48...
Trying to generate arrow 26/48...
Trying to generate arrow 27/48...
Trying to generate arrow 28/48...
Trying to generate arrow 29/48...
Trying to generate arrow 30/48...
Trying to generate arrow 31/48...
Trying to generate arrow 32/48...
Trying to generate arrow 33/48...
Trying to generate arrow 34/48...
Trying to generate arrow 35/48...
Trying to generate arrow 36/48...
Trying to generate arrow 37/48...
Trying to generate arrow 38/48...
Trying to generate arrow 39/48...
Trying to generate arrow 40/48...
Trying to generate arrow 41/48...
Trying to generate arrow 42/48...
Trying to generate arrow 43/48...
Trying to generate arrow 44/48...
Trying to generate arrow 45/48...
Trying to generate arrow 46/48...
Trying to generate arrow 47/48...
Trying to generate arrow 48/48...
Successfully generated 48 arrows!
Kết quả vòng lặp: Successfully generated 48 arrows!
Giảm độ dài từ 25...
Độ dài vòng tiếp theo: 20

========================================
--- BẮT ĐẦU VÒNG LẶP (Length = 20) ---
Ô đã chiếm: 937 / Ô còn trống: 263
Đề xuất tạo 13 mũi tên cho vòng lặp này...
Generating level in painted area... (This will be slow)
Trying to generate arrow 1/13...
Trying to generate arrow 2/13...
Trying to generate arrow 3/13...
Trying to generate arrow 4/13...
Trying to generate arrow 5/13...
Could not find valid arrow 5. Stopping.
Successfully generated 4 arrows!
Kết quả vòng lặp: Successfully generated 4 arrows!
Giảm độ dài từ 20...
Độ dài vòng tiếp theo: 15

========================================
--- BẮT ĐẦU VÒNG LẶP (Length = 15) ---
Ô đã chiếm: 982 / Ô còn trống: 218
Đề xuất tạo 15 mũi tên cho vòng lặp này...
Generating level in painted area... (This will be slow)
Trying to generate arrow 1/15...
Trying to generate arrow 2/15...
Trying to generate arrow 3/15...
Trying to generate arrow 4/15...
Trying to generate arrow 5/15...
Could not find valid arrow 5. Stopping.
Successfully generated 4 arrows!
Kết quả vòng lặp: Successfully generated 4 arrows!
Giảm độ dài từ 15...
Độ dài vòng tiếp theo: 10

========================================
--- BẮT ĐẦU VÒNG LẶP (Length = 10) ---
Ô đã chiếm: 1011 / Ô còn trống: 189
Đề xuất tạo 19 mũi tên cho vòng lặp này...
Generating level in painted area... (This will be slow)
Trying to generate arrow 1/19...
Trying to generate arrow 2/19...
Trying to generate arrow 3/19...
Trying to generate arrow 4/19...
Trying to generate arrow 5/19...
Trying to generate arrow 6/19...
Trying to generate arrow 7/19...
Trying to generate arrow 8/19...
Trying to generate arrow 9/19...
Trying to generate arrow 10/19...
Could not find valid arrow 10. Stopping.
Successfully generated 9 arrows!
Kết quả vòng lặp: Successfully generated 9 arrows!
Giảm độ dài từ 10...
Độ dài vòng tiếp theo: 5

========================================
--- BẮT ĐẦU VÒNG LẶP (Length = 5) ---
Ô đã chiếm: 1059 / Ô còn trống: 141
Đề xuất tạo 28 mũi tên cho vòng lặp này...
Generating level in painted area... (This will be slow)
Trying to generate arrow 1/28...
Trying to generate arrow 2/28...
Trying to generate arrow 3/28...
Trying to generate arrow 4/28...
Trying to generate arrow 5/28...
Trying to generate arrow 6/28...
Trying to generate arrow 7/28...
Trying to generate arrow 8/28...
Trying to generate arrow 9/28...
Trying to generate arrow 10/28...
Trying to generate arrow 11/28...
Trying to generate arrow 12/28...
Trying to generate arrow 13/28...
Trying to generate arrow 14/28...
Trying to generate arrow 15/28...
Trying to generate arrow 16/28...
Trying to generate arrow 17/28...
Trying to generate arrow 18/28...
Trying to generate arrow 19/28...
Trying to generate arrow 20/28...
Trying to generate arrow 21/28...
Trying to generate arrow 22/28...
Trying to generate arrow 23/28...
Trying to generate arrow 24/28...
Trying to generate arrow 25/28...
Trying to generate arrow 26/28...
Trying to generate arrow 27/28...
Trying to generate arrow 28/28...
Successfully generated 28 arrows!
Kết quả vòng lặp: Successfully generated 28 arrows!
Tiếp tục lặp lại ở độ dài tối thiểu (5)...

========================================
--- BẮT ĐẦU VÒNG LẶP (Length = 5) ---
Ô đã chiếm: 1121 / Ô còn trống: 79
Đề xuất tạo 16 mũi tên cho vòng lặp này...
Generating level in painted area... (This will be slow)
Trying to generate arrow 1/16...
Trying to generate arrow 2/16...
Trying to generate arrow 3/16...
Trying to generate arrow 4/16...
Trying to generate arrow 5/16...
Trying to generate arrow 6/16...
Trying to generate arrow 7/16...
Trying to generate arrow 8/16...
Trying to generate arrow 9/16...
Trying to generate arrow 10/16...
Trying to generate arrow 11/16...
Trying to generate arrow 12/16...
Trying to generate arrow 13/16...
Trying to generate arrow 14/16...
Could not find valid arrow 14. Stopping.
Successfully generated 13 arrows!
Kết quả vòng lặp: Successfully generated 13 arrows!
Tiếp tục lặp lại ở độ dài tối thiểu (5)...

========================================
--- BẮT ĐẦU VÒNG LẶP (Length = 5) ---
Ô đã chiếm: 1149 / Ô còn trống: 51
Đề xuất tạo 10 mũi tên cho vòng lặp này...
Generating level in painted area... (This will be slow)
Trying to generate arrow 1/10...
Could not find valid arrow 1. Stopping.
Kết quả vòng lặp: Generation complete, but 0 valid arrows found. Try again.
Không thể tạo thêm mũi tên ở độ dài này.
Đã đạt độ dài tối thiểu và không thể tạo thêm. Dừng.

========================================
--- ĐÃ HOÀN TẤT TẤT CẢ CÁC VÒNG LẶP ---
Tổng cộng đã tạo: 106 mũi tên.
Đã lấp đầy 1149 / 1200 ô (95.8%)
--- Đang lưu kết quả ra: level_set/level_set_3/2_result_test/33.json ---
Đã lưu thành công level 30x40 với 106 mũi tên.
--- Bản đồ kết quả (ASCII) ---
                                
 .<######<##.###########>.####^ 
 <#^##.###>#####.###>##>^###### 
 .########.###############^^##> 
 ###########<#^###############^ 
 #<#^#######.################## 
 #########>###.################ 
 ###############<###.####^##### 
 #<########.################### 
 ###############.#######v#####^ 
 #####^#>.#####^############>## 
 ###v####>##^#######>.^.####### 
 ###.#########^^####.^######### 
 ##########################<### 
 ##^##.######<################# 
 ###v###.#####^#^.############. 
 #########<#################### 
 ###v########################## 
 ###########.################## 
 ###############.v#####^###^### 
 ##<#############.###.######### 
 v######<##########.###^#####>. 
 <###<######<##^.#####.###.###> 
 ######<###.################### 
 v####<####<###^############v#v 
 ######.##<########v##<#######. 
 ######<#########>##########v## 
 #############<##.########.#### 
 ######>######.################ 
 #v################>######v##v# 
 v.##########^#############^#># 
 ####<########<#####.##v#.##### 
 ####.####v.####.############## 
 ######^##.##.##^##>########### 
 ############>#####>###>####### 
 .##v#####>.################### 
 ############^###########>##v## 
 #####<##.#^################>## 
 #####.###################.^.v# 
 #####################>######## 
 <#vv####################>###>. 
                                
--- Đang render: 33 (30x40) ---
✅ Đã lưu hình ảnh vào: level_set/level_set_3/3_render/33.png
args: Args(level_set_path=PosixPath('level_set/level_set_3'), start_length=25, length_step=5, min_length=5, size=(30, 30), turn_probability=0.5, straight_weight=0.75, left_weight=0.25, right_weight=0.5, max_turns=6, generate_mode='basic', csv_path=PosixPath('level_set/level_set_3/[Data] levels - test dataframe.csv'), csv=    level_name    template_name  ...  difficulty  style
0           21     pentagon.png  ...      Normal    NaN
1           22         star.png  ...      Normal     AZ
2           23       square.png  ...        Hard    NaN
3           24     pentagon.png  ...      Normal    NaN
4           25  AIR BALLOON.png  ...      Normal    NaN
5           26       square.png  ...      Normal     AZ
6           27       circle.png  ...      Normal     AZ
7           28      hexagon.png  ...      Normal    NaN
8           29       square.png  ...        Hard     AZ
9           30         BODY.png  ...      Normal    NaN
10          31       circle.png  ...      Normal    NaN
11          32     pentagon.png  ...      Normal     AZ
12          33       square.png  ...        Hard    NaN
13          34         star.png  ...      Normal    NaN
14          35        CHESS.png  ...      Normal    NaN
15          36      hexagon.png  ...      Normal     AZ
16          37       square.png  ...      Normal     AZ
17          38       circle.png  ...      Normal    NaN
18          39       square.png  ...        Hard     AZ
19          40   CRUSTACEAN.png  ...      Normal    NaN

[20 rows x 10 columns], item_path='level_set/level_set_3/1_0_original_icons/star.png', item_name='star.png', alter_item_name='34')
Đang xử lý: 'level_set/level_set_3/1_0_original_icons/star.png' (Kích thước gốc: (250, 250))
==> Đã lưu vào: 'level_set/level_set_3/1_1_icons/star.png' (Kích thước mới: (30, 30))
Đã tải ảnh 'level_set/level_set_3/1_1_icons/star.png' (Kích thước: 30x30)
Sử dụng ngưỡng Alpha: 128
Hoàn thành! Đã lưu board vào 'level_set/level_set_3/1_board_test/34'.
--- Đang tải board từ: level_set/level_set_3/1_board_test/34 ---
Đã tải thành công 306 ô 'editable'.
Tổng số ô có thể vẽ: 306

========================================
--- BẮT ĐẦU VÒNG LẶP (Length = 25) ---
Ô đã chiếm: 0 / Ô còn trống: 306
Đề xuất tạo 12 mũi tên cho vòng lặp này...
Generating level in painted area... (This will be slow)
Trying to generate arrow 1/12...
Trying to generate arrow 2/12...
Trying to generate arrow 3/12...
Trying to generate arrow 4/12...
Trying to generate arrow 5/12...
Trying to generate arrow 6/12...
Trying to generate arrow 7/12...
Trying to generate arrow 8/12...
Trying to generate arrow 9/12...
Trying to generate arrow 10/12...
Trying to generate arrow 11/12...
Trying to generate arrow 12/12...
Successfully generated 12 arrows!
Kết quả vòng lặp: Successfully generated 12 arrows!
Giảm độ dài từ 25...
Độ dài vòng tiếp theo: 20

========================================
--- BẮT ĐẦU VÒNG LẶP (Length = 20) ---
Ô đã chiếm: 243 / Ô còn trống: 63
Đề xuất tạo 3 mũi tên cho vòng lặp này...
Generating level in painted area... (This will be slow)
Trying to generate arrow 1/3...
Could not find valid arrow 1. Stopping.
Kết quả vòng lặp: Generation complete, but 0 valid arrows found. Try again.
Không thể tạo thêm mũi tên ở độ dài này.
Giảm độ dài từ 20...
Độ dài vòng tiếp theo: 15

========================================
--- BẮT ĐẦU VÒNG LẶP (Length = 15) ---
Ô đã chiếm: 243 / Ô còn trống: 63
Đề xuất tạo 4 mũi tên cho vòng lặp này...
Generating level in painted area... (This will be slow)
Trying to generate arrow 1/4...
Trying to generate arrow 2/4...
Trying to generate arrow 3/4...
Could not find valid arrow 3. Stopping.
Successfully generated 2 arrows!
Kết quả vòng lặp: Successfully generated 2 arrows!
Giảm độ dài từ 15...
Độ dài vòng tiếp theo: 10

========================================
--- BẮT ĐẦU VÒNG LẶP (Length = 10) ---
Ô đã chiếm: 257 / Ô còn trống: 49
Đề xuất tạo 5 mũi tên cho vòng lặp này...
Generating level in painted area... (This will be slow)
Trying to generate arrow 1/5...
Trying to generate arrow 2/5...
Trying to generate arrow 3/5...
Trying to generate arrow 4/5...
Could not find valid arrow 4. Stopping.
Successfully generated 3 arrows!
Kết quả vòng lặp: Successfully generated 3 arrows!
Giảm độ dài từ 10...
Độ dài vòng tiếp theo: 5

========================================
--- BẮT ĐẦU VÒNG LẶP (Length = 5) ---
Ô đã chiếm: 272 / Ô còn trống: 34
Đề xuất tạo 7 mũi tên cho vòng lặp này...
Generating level in painted area... (This will be slow)
Trying to generate arrow 1/7...
Trying to generate arrow 2/7...
Trying to generate arrow 3/7...
Trying to generate arrow 4/7...
Trying to generate arrow 5/7...
Trying to generate arrow 6/7...
Trying to generate arrow 7/7...
Successfully generated 7 arrows!
Kết quả vòng lặp: Successfully generated 7 arrows!
Tiếp tục lặp lại ở độ dài tối thiểu (5)...

========================================
--- BẮT ĐẦU VÒNG LẶP (Length = 5) ---
Ô đã chiếm: 286 / Ô còn trống: 20
Đề xuất tạo 4 mũi tên cho vòng lặp này...
Generating level in painted area... (This will be slow)
Trying to generate arrow 1/4...
Could not find valid arrow 1. Stopping.
Kết quả vòng lặp: Generation complete, but 0 valid arrows found. Try again.
Không thể tạo thêm mũi tên ở độ dài này.
Đã đạt độ dài tối thiểu và không thể tạo thêm. Dừng.

========================================
--- ĐÃ HOÀN TẤT TẤT CẢ CÁC VÒNG LẶP ---
Tổng cộng đã tạo: 24 mũi tên.
Đã lấp đầy 286 / 306 ô (93.5%)
--- Đang lưu kết quả ra: level_set/level_set_3/2_result_test/34.json ---
Đã lưu thành công level 26x24 với 24 mũi tên.
--- Bản đồ kết quả (ASCII) ---
                            
             ##             
             #v             
            ^###            
            ####            
           ######           
           ######           
          ####.###          
        ########vv<#        
 <##^#####################> 
 .#######################^. 
  #####################.##  
   .##############.######   
    .######v####.####^##    
     v###########>####.     
      ############v##>      
       #.^v#####.####       
       #####.########       
       .#<###########       
       #####.####.###       
      ^#########.##.#.      
      ###v##.  ######^      
      ######    <##.##      
      ^###        #>##      
      ##            ##      
                            
--- Đang render: 34 (26x24) ---
✅ Đã lưu hình ảnh vào: level_set/level_set_3/3_render/34.png
args: Args(level_set_path=PosixPath('level_set/level_set_3'), start_length=25, length_step=5, min_length=5, size=(30, 30), turn_probability=0.5, straight_weight=0.75, left_weight=0.25, right_weight=0.5, max_turns=6, generate_mode='basic', csv_path=PosixPath('level_set/level_set_3/[Data] levels - test dataframe.csv'), csv=    level_name    template_name  ...  difficulty  style
0           21     pentagon.png  ...      Normal    NaN
1           22         star.png  ...      Normal     AZ
2           23       square.png  ...        Hard    NaN
3           24     pentagon.png  ...      Normal    NaN
4           25  AIR BALLOON.png  ...      Normal    NaN
5           26       square.png  ...      Normal     AZ
6           27       circle.png  ...      Normal     AZ
7           28      hexagon.png  ...      Normal    NaN
8           29       square.png  ...        Hard     AZ
9           30         BODY.png  ...      Normal    NaN
10          31       circle.png  ...      Normal    NaN
11          32     pentagon.png  ...      Normal     AZ
12          33       square.png  ...        Hard    NaN
13          34         star.png  ...      Normal    NaN
14          35        CHESS.png  ...      Normal    NaN
15          36      hexagon.png  ...      Normal     AZ
16          37       square.png  ...      Normal     AZ
17          38       circle.png  ...      Normal    NaN
18          39       square.png  ...        Hard     AZ
19          40   CRUSTACEAN.png  ...      Normal    NaN

[20 rows x 10 columns], item_path='level_set/level_set_3/1_0_original_icons/CHESS.png', item_name='CHESS.png', alter_item_name='35')
Đang xử lý: 'level_set/level_set_3/1_0_original_icons/CHESS.png' (Kích thước gốc: (165, 232))
==> Đã lưu vào: 'level_set/level_set_3/1_1_icons/CHESS.png' (Kích thước mới: (30, 30))
Đã tải ảnh 'level_set/level_set_3/1_1_icons/CHESS.png' (Kích thước: 30x30)
Sử dụng ngưỡng Alpha: 128
Hoàn thành! Đã lưu board vào 'level_set/level_set_3/1_board_test/35'.
--- Đang tải board từ: level_set/level_set_3/1_board_test/35 ---
Đã tải thành công 324 ô 'editable'.
Tổng số ô có thể vẽ: 324

========================================
--- BẮT ĐẦU VÒNG LẶP (Length = 25) ---
Ô đã chiếm: 0 / Ô còn trống: 324
Đề xuất tạo 13 mũi tên cho vòng lặp này...
Generating level in painted area... (This will be slow)
Trying to generate arrow 1/13...
Trying to generate arrow 2/13...
Trying to generate arrow 3/13...
Trying to generate arrow 4/13...
Trying to generate arrow 5/13...
Trying to generate arrow 6/13...
Trying to generate arrow 7/13...
Trying to generate arrow 8/13...
Trying to generate arrow 9/13...
Trying to generate arrow 10/13...
Trying to generate arrow 11/13...
Trying to generate arrow 12/13...
Trying to generate arrow 13/13...
Could not find valid arrow 13. Stopping.
Successfully generated 12 arrows!
Kết quả vòng lặp: Successfully generated 12 arrows!
Giảm độ dài từ 25...
Độ dài vòng tiếp theo: 20

========================================
--- BẮT ĐẦU VÒNG LẶP (Length = 20) ---
Ô đã chiếm: 235 / Ô còn trống: 89
Đề xuất tạo 4 mũi tên cho vòng lặp này...
Generating level in painted area... (This will be slow)
Trying to generate arrow 1/4...
Could not find valid arrow 1. Stopping.
Kết quả vòng lặp: Generation complete, but 0 valid arrows found. Try again.
Không thể tạo thêm mũi tên ở độ dài này.
Giảm độ dài từ 20...
Độ dài vòng tiếp theo: 15

========================================
--- BẮT ĐẦU VÒNG LẶP (Length = 15) ---
Ô đã chiếm: 235 / Ô còn trống: 89
Đề xuất tạo 6 mũi tên cho vòng lặp này...
Generating level in painted area... (This will be slow)
Trying to generate arrow 1/6...
Trying to generate arrow 2/6...
Trying to generate arrow 3/6...
Trying to generate arrow 4/6...
Trying to generate arrow 5/6...
Trying to generate arrow 6/6...
Could not find valid arrow 6. Stopping.
Successfully generated 5 arrows!
Kết quả vòng lặp: Successfully generated 5 arrows!
Giảm độ dài từ 15...
Độ dài vòng tiếp theo: 10

========================================
--- BẮT ĐẦU VÒNG LẶP (Length = 10) ---
Ô đã chiếm: 276 / Ô còn trống: 48
Đề xuất tạo 5 mũi tên cho vòng lặp này...
Generating level in painted area... (This will be slow)
Trying to generate arrow 1/5...
Trying to generate arrow 2/5...
Trying to generate arrow 3/5...
Could not find valid arrow 3. Stopping.
Successfully generated 2 arrows!
Kết quả vòng lặp: Successfully generated 2 arrows!
Giảm độ dài từ 10...
Độ dài vòng tiếp theo: 5

========================================
--- BẮT ĐẦU VÒNG LẶP (Length = 5) ---
Ô đã chiếm: 286 / Ô còn trống: 38
Đề xuất tạo 8 mũi tên cho vòng lặp này...
Generating level in painted area... (This will be slow)
Trying to generate arrow 1/8...
Trying to generate arrow 2/8...
Trying to generate arrow 3/8...
Trying to generate arrow 4/8...
Trying to generate arrow 5/8...
Trying to generate arrow 6/8...
Trying to generate arrow 7/8...
Trying to generate arrow 8/8...
Successfully generated 8 arrows!
Kết quả vòng lặp: Successfully generated 8 arrows!
Tiếp tục lặp lại ở độ dài tối thiểu (5)...

========================================
--- BẮT ĐẦU VÒNG LẶP (Length = 5) ---
Ô đã chiếm: 304 / Ô còn trống: 20
Đề xuất tạo 4 mũi tên cho vòng lặp này...
Generating level in painted area... (This will be slow)
Trying to generate arrow 1/4...
Could not find valid arrow 1. Stopping.
Kết quả vòng lặp: Generation complete, but 0 valid arrows found. Try again.
Không thể tạo thêm mũi tên ở độ dài này.
Đã đạt độ dài tối thiểu và không thể tạo thêm. Dừng.

========================================
--- ĐÃ HOÀN TẤT TẤT CẢ CÁC VÒNG LẶP ---
Tổng cộng đã tạo: 27 mũi tên.
Đã lấp đầy 304 / 324 ô (93.8%)
--- Đang lưu kết quả ra: level_set/level_set_3/2_result_test/35.json ---
Đã lưu thành công level 28x28 với 27 mũi tên.
--- Bản đồ kết quả (ASCII) ---
                              
               .              
           #######>           
          .########>          
         #>####.#####         
         ########.###         
         v########.<#         
         .^<#########         
          ##########          
           ###### .           
                              
                              
        #########>.####       
        v##<###########       
                              
                              
           ########.          
          ##########          
          ########.v          
         <##.^###>##^         
         ############         
        <#############        
       ###############^       
      .v############.##.      
                              
                              
   .#########<##########.###  
 ######v#####.####>#v######## 
 #.####.<#################### 
 #################>.v#####>#> 
                              
--- Đang render: 35 (28x28) ---
✅ Đã lưu hình ảnh vào: level_set/level_set_3/3_render/35.png
args: Args(level_set_path=PosixPath('level_set/level_set_3'), start_length=20, length_step=5, min_length=5, size=(25, 25), turn_probability=0.5, straight_weight=0.75, left_weight=0.25, right_weight=0.5, max_turns=6, generate_mode='advance', csv_path=PosixPath('level_set/level_set_3/[Data] levels - test dataframe.csv'), csv=    level_name    template_name  ...  difficulty  style
0           21     pentagon.png  ...      Normal    NaN
1           22         star.png  ...      Normal     AZ
2           23       square.png  ...        Hard    NaN
3           24     pentagon.png  ...      Normal    NaN
4           25  AIR BALLOON.png  ...      Normal    NaN
5           26       square.png  ...      Normal     AZ
6           27       circle.png  ...      Normal     AZ
7           28      hexagon.png  ...      Normal    NaN
8           29       square.png  ...        Hard     AZ
9           30         BODY.png  ...      Normal    NaN
10          31       circle.png  ...      Normal    NaN
11          32     pentagon.png  ...      Normal     AZ
12          33       square.png  ...        Hard    NaN
13          34         star.png  ...      Normal    NaN
14          35        CHESS.png  ...      Normal    NaN
15          36      hexagon.png  ...      Normal     AZ
16          37       square.png  ...      Normal     AZ
17          38       circle.png  ...      Normal    NaN
18          39       square.png  ...        Hard     AZ
19          40   CRUSTACEAN.png  ...      Normal    NaN

[20 rows x 10 columns], item_path='level_set/level_set_3/1_0_original_icons/hexagon.png', item_name='hexagon.png', alter_item_name='36')
Đang xử lý: 'level_set/level_set_3/1_0_original_icons/hexagon.png' (Kích thước gốc: (250, 250))
==> Đã lưu vào: 'level_set/level_set_3/1_1_icons/hexagon.png' (Kích thước mới: (25, 25))
Đã tải ảnh 'level_set/level_set_3/1_1_icons/hexagon.png' (Kích thước: 25x25)
Sử dụng ngưỡng Alpha: 128
Hoàn thành! Đã lưu board vào 'level_set/level_set_3/1_board_test/36'.
--- Đang tải board từ: level_set/level_set_3/1_board_test/36 ---
Đã tải thành công 397 ô 'editable'.
Tổng số ô có thể vẽ: 397

========================================
--- BẮT ĐẦU VÒNG LẶP (Length = 20) ---
Ô đã chiếm: 0 / Ô còn trống: 397
Đề xuất tạo 20 mũi tên cho vòng lặp này...
Generating ADVANCED level in painted area... (This will be slow)
Trying to generate (adv) arrow 1/20...
Trying to generate (adv) arrow 2/20...
Trying to generate (adv) arrow 3/20...
Trying to generate (adv) arrow 4/20...
Trying to generate (adv) arrow 5/20...
Trying to generate (adv) arrow 6/20...
Trying to generate (adv) arrow 7/20...
Trying to generate (adv) arrow 8/20...
Trying to generate (adv) arrow 9/20...
Trying to generate (adv) arrow 10/20...
Trying to generate (adv) arrow 11/20...
Trying to generate (adv) arrow 12/20...
Trying to generate (adv) arrow 13/20...
Trying to generate (adv) arrow 14/20...
Trying to generate (adv) arrow 15/20...
Trying to generate (adv) arrow 16/20...
Trying to generate (adv) arrow 17/20...
Trying to generate (adv) arrow 18/20...
Trying to generate (adv) arrow 19/20...
Trying to generate (adv) arrow 20/20...
Could not find valid arrow 20. Stopping.
Successfully generated 19 arrows!
Kết quả vòng lặp: Successfully generated 19 arrows!
Giảm độ dài từ 20...
Độ dài vòng tiếp theo: 15

========================================
--- BẮT ĐẦU VÒNG LẶP (Length = 15) ---
Ô đã chiếm: 296 / Ô còn trống: 101
Đề xuất tạo 7 mũi tên cho vòng lặp này...
Generating ADVANCED level in painted area... (This will be slow)
Trying to generate (adv) arrow 1/7...
Trying to generate (adv) arrow 2/7...
Could not find valid arrow 2. Stopping.
Successfully generated 1 arrows!
Kết quả vòng lặp: Successfully generated 1 arrows!
Giảm độ dài từ 15...
Độ dài vòng tiếp theo: 10

========================================
--- BẮT ĐẦU VÒNG LẶP (Length = 10) ---
Ô đã chiếm: 304 / Ô còn trống: 93
Đề xuất tạo 9 mũi tên cho vòng lặp này...
Generating ADVANCED level in painted area... (This will be slow)
Trying to generate (adv) arrow 1/9...
Trying to generate (adv) arrow 2/9...
Trying to generate (adv) arrow 3/9...
Trying to generate (adv) arrow 4/9...
Trying to generate (adv) arrow 5/9...
Trying to generate (adv) arrow 6/9...
Trying to generate (adv) arrow 7/9...
Trying to generate (adv) arrow 8/9...
Trying to generate (adv) arrow 9/9...
Could not find valid arrow 9. Stopping.
Successfully generated 8 arrows!
Kết quả vòng lặp: Successfully generated 8 arrows!
Giảm độ dài từ 10...
Độ dài vòng tiếp theo: 5

========================================
--- BẮT ĐẦU VÒNG LẶP (Length = 5) ---
Ô đã chiếm: 349 / Ô còn trống: 48
Đề xuất tạo 10 mũi tên cho vòng lặp này...
Generating ADVANCED level in painted area... (This will be slow)
Trying to generate (adv) arrow 1/10...
Trying to generate (adv) arrow 2/10...
Trying to generate (adv) arrow 3/10...
Trying to generate (adv) arrow 4/10...
Trying to generate (adv) arrow 5/10...
Trying to generate (adv) arrow 6/10...
Trying to generate (adv) arrow 7/10...
Trying to generate (adv) arrow 8/10...
Trying to generate (adv) arrow 9/10...
Trying to generate (adv) arrow 10/10...
Successfully generated 10 arrows!
Kết quả vòng lặp: Successfully generated 10 arrows!
Tiếp tục lặp lại ở độ dài tối thiểu (5)...

========================================
--- BẮT ĐẦU VÒNG LẶP (Length = 5) ---
Ô đã chiếm: 377 / Ô còn trống: 20
Đề xuất tạo 4 mũi tên cho vòng lặp này...
Generating ADVANCED level in painted area... (This will be slow)
Trying to generate (adv) arrow 1/4...
Trying to generate (adv) arrow 2/4...
Trying to generate (adv) arrow 3/4...
Trying to generate (adv) arrow 4/4...
Could not find valid arrow 4. Stopping.
Successfully generated 3 arrows!
Kết quả vòng lặp: Successfully generated 3 arrows!
Tiếp tục lặp lại ở độ dài tối thiểu (5)...

========================================
--- BẮT ĐẦU VÒNG LẶP (Length = 5) ---
Ô đã chiếm: 384 / Ô còn trống: 13
Đề xuất tạo 3 mũi tên cho vòng lặp này...
Generating ADVANCED level in painted area... (This will be slow)
Trying to generate (adv) arrow 1/3...
Could not find valid arrow 1. Stopping.
Kết quả vòng lặp: Generation complete, but 0 valid arrows found. Try again.
Không thể tạo thêm mũi tên ở độ dài này.
Đã đạt độ dài tối thiểu và không thể tạo thêm. Dừng.

========================================
--- ĐÃ HOÀN TẤT TẤT CẢ CÁC VÒNG LẶP ---
Tổng cộng đã tạo: 41 mũi tên.
Đã lấp đầy 384 / 397 ô (96.7%)
--- Đang lưu kết quả ra: level_set/level_set_3/2_result_test/36.json ---
Đã lưu thành công level 24x21 với 41 mũi tên.
--- Bản đồ kết quả (ASCII) ---
                           
       ############.       
      #####>#########      
      #<##########<#v      
     .#####.###<####<#     
    <###<##<#.##>.##>##    
    ###>#########>####v    
   #####################   
   ##<##################   
  ^##<##########.##<####^  
  ######.##<#^###########  
 #############v.#########. 
  <####.#########<#######  
  <########v#############  
   ^<###############v###   
   ############v########   
    ####^####^#########    
    ############^###>^.    
     .#######^########     
      ^###v###v######      
      ##^############      
       #######v.####       
                           
--- Đang render: 36 (24x21) ---
✅ Đã lưu hình ảnh vào: level_set/level_set_3/3_render/36.png
args: Args(level_set_path=PosixPath('level_set/level_set_3'), start_length=35, length_step=5, min_length=5, size=(30, 30), turn_probability=0.5, straight_weight=0.75, left_weight=0.25, right_weight=0.5, max_turns=6, generate_mode='advance', csv_path=PosixPath('level_set/level_set_3/[Data] levels - test dataframe.csv'), csv=    level_name    template_name  ...  difficulty  style
0           21     pentagon.png  ...      Normal    NaN
1           22         star.png  ...      Normal     AZ
2           23       square.png  ...        Hard    NaN
3           24     pentagon.png  ...      Normal    NaN
4           25  AIR BALLOON.png  ...      Normal    NaN
5           26       square.png  ...      Normal     AZ
6           27       circle.png  ...      Normal     AZ
7           28      hexagon.png  ...      Normal    NaN
8           29       square.png  ...        Hard     AZ
9           30         BODY.png  ...      Normal    NaN
10          31       circle.png  ...      Normal    NaN
11          32     pentagon.png  ...      Normal     AZ
12          33       square.png  ...        Hard    NaN
13          34         star.png  ...      Normal    NaN
14          35        CHESS.png  ...      Normal    NaN
15          36      hexagon.png  ...      Normal     AZ
16          37       square.png  ...      Normal     AZ
17          38       circle.png  ...      Normal    NaN
18          39       square.png  ...        Hard     AZ
19          40   CRUSTACEAN.png  ...      Normal    NaN

[20 rows x 10 columns], item_path='level_set/level_set_3/1_0_original_icons/square.png', item_name='square.png', alter_item_name='37')
Đang xử lý: 'level_set/level_set_3/1_0_original_icons/square.png' (Kích thước gốc: (250, 250))
==> Đã lưu vào: 'level_set/level_set_3/1_1_icons/square.png' (Kích thước mới: (30, 30))
Đã tải ảnh 'level_set/level_set_3/1_1_icons/square.png' (Kích thước: 30x30)
Sử dụng ngưỡng Alpha: 128
Hoàn thành! Đã lưu board vào 'level_set/level_set_3/1_board_test/37'.
--- Đang tải board từ: level_set/level_set_3/1_board_test/37 ---
Đã tải thành công 900 ô 'editable'.
Tổng số ô có thể vẽ: 900

========================================
--- BẮT ĐẦU VÒNG LẶP (Length = 35) ---
Ô đã chiếm: 0 / Ô còn trống: 900
Đề xuất tạo 26 mũi tên cho vòng lặp này...
Generating ADVANCED level in painted area... (This will be slow)
Trying to generate (adv) arrow 1/26...
Trying to generate (adv) arrow 2/26...
Trying to generate (adv) arrow 3/26...
Trying to generate (adv) arrow 4/26...
Trying to generate (adv) arrow 5/26...
Trying to generate (adv) arrow 6/26...
Trying to generate (adv) arrow 7/26...
Trying to generate (adv) arrow 8/26...
Trying to generate (adv) arrow 9/26...
Trying to generate (adv) arrow 10/26...
Trying to generate (adv) arrow 11/26...
Trying to generate (adv) arrow 12/26...
Trying to generate (adv) arrow 13/26...
Trying to generate (adv) arrow 14/26...
Trying to generate (adv) arrow 15/26...
Trying to generate (adv) arrow 16/26...
Trying to generate (adv) arrow 17/26...
Trying to generate (adv) arrow 18/26...
Trying to generate (adv) arrow 19/26...
Trying to generate (adv) arrow 20/26...
Trying to generate (adv) arrow 21/26...
Trying to generate (adv) arrow 22/26...
Trying to generate (adv) arrow 23/26...
Trying to generate (adv) arrow 24/26...
Trying to generate (adv) arrow 25/26...
Trying to generate (adv) arrow 26/26...
Successfully generated 26 arrows!
Kết quả vòng lặp: Successfully generated 26 arrows!
Giảm độ dài từ 35...
Độ dài vòng tiếp theo: 30

========================================
--- BẮT ĐẦU VÒNG LẶP (Length = 30) ---
Ô đã chiếm: 548 / Ô còn trống: 352
Đề xuất tạo 12 mũi tên cho vòng lặp này...
Generating ADVANCED level in painted area... (This will be slow)
Trying to generate (adv) arrow 1/12...
Trying to generate (adv) arrow 2/12...
Could not find valid arrow 2. Stopping.
Successfully generated 1 arrows!
Kết quả vòng lặp: Successfully generated 1 arrows!
Giảm độ dài từ 30...
Độ dài vòng tiếp theo: 25

========================================
--- BẮT ĐẦU VÒNG LẶP (Length = 25) ---
Ô đã chiếm: 563 / Ô còn trống: 337
Đề xuất tạo 13 mũi tên cho vòng lặp này...
Generating ADVANCED level in painted area... (This will be slow)
Trying to generate (adv) arrow 1/13...
Trying to generate (adv) arrow 2/13...
Trying to generate (adv) arrow 3/13...
Trying to generate (adv) arrow 4/13...
Trying to generate (adv) arrow 5/13...
Trying to generate (adv) arrow 6/13...
Trying to generate (adv) arrow 7/13...
Trying to generate (adv) arrow 8/13...
Could not find valid arrow 8. Stopping.
Successfully generated 7 arrows!
Kết quả vòng lặp: Successfully generated 7 arrows!
Giảm độ dài từ 25...
Độ dài vòng tiếp theo: 20

========================================
--- BẮT ĐẦU VÒNG LẶP (Length = 20) ---
Ô đã chiếm: 652 / Ô còn trống: 248
Đề xuất tạo 12 mũi tên cho vòng lặp này...
Generating ADVANCED level in painted area... (This will be slow)
Trying to generate (adv) arrow 1/12...
Trying to generate (adv) arrow 2/12...
Trying to generate (adv) arrow 3/12...
Trying to generate (adv) arrow 4/12...
Could not find valid arrow 4. Stopping.
Successfully generated 3 arrows!
Kết quả vòng lặp: Successfully generated 3 arrows!
Giảm độ dài từ 20...
Độ dài vòng tiếp theo: 15

========================================
--- BẮT ĐẦU VÒNG LẶP (Length = 15) ---
Ô đã chiếm: 686 / Ô còn trống: 214
Đề xuất tạo 14 mũi tên cho vòng lặp này...
Generating ADVANCED level in painted area... (This will be slow)
Trying to generate (adv) arrow 1/14...
Trying to generate (adv) arrow 2/14...
Trying to generate (adv) arrow 3/14...
Trying to generate (adv) arrow 4/14...
Trying to generate (adv) arrow 5/14...
Trying to generate (adv) arrow 6/14...
Trying to generate (adv) arrow 7/14...
Trying to generate (adv) arrow 8/14...
Trying to generate (adv) arrow 9/14...
Trying to generate (adv) arrow 10/14...
Trying to generate (adv) arrow 11/14...
Trying to generate (adv) arrow 12/14...
Trying to generate (adv) arrow 13/14...
Trying to generate (adv) arrow 14/14...
Could not find valid arrow 14. Stopping.
Successfully generated 13 arrows!
Kết quả vòng lặp: Successfully generated 13 arrows!
Giảm độ dài từ 15...
Độ dài vòng tiếp theo: 10

========================================
--- BẮT ĐẦU VÒNG LẶP (Length = 10) ---
Ô đã chiếm: 801 / Ô còn trống: 99
Đề xuất tạo 10 mũi tên cho vòng lặp này...
Generating ADVANCED level in painted area... (This will be slow)
Trying to generate (adv) arrow 1/10...
Trying to generate (adv) arrow 2/10...
Trying to generate (adv) arrow 3/10...
Trying to generate (adv) arrow 4/10...
Trying to generate (adv) arrow 5/10...
Could not find valid arrow 5. Stopping.
Successfully generated 4 arrows!
Kết quả vòng lặp: Successfully generated 4 arrows!
Giảm độ dài từ 10...
Độ dài vòng tiếp theo: 5

========================================
--- BẮT ĐẦU VÒNG LẶP (Length = 5) ---
Ô đã chiếm: 821 / Ô còn trống: 79
Đề xuất tạo 16 mũi tên cho vòng lặp này...
Generating ADVANCED level in painted area... (This will be slow)
Trying to generate (adv) arrow 1/16...
Trying to generate (adv) arrow 2/16...
Trying to generate (adv) arrow 3/16...
Trying to generate (adv) arrow 4/16...
Trying to generate (adv) arrow 5/16...
Trying to generate (adv) arrow 6/16...
Trying to generate (adv) arrow 7/16...
Trying to generate (adv) arrow 8/16...
Trying to generate (adv) arrow 9/16...
Trying to generate (adv) arrow 10/16...
Trying to generate (adv) arrow 11/16...
Trying to generate (adv) arrow 12/16...
Trying to generate (adv) arrow 13/16...
Trying to generate (adv) arrow 14/16...
Trying to generate (adv) arrow 15/16...
Trying to generate (adv) arrow 16/16...
Successfully generated 16 arrows!
Kết quả vòng lặp: Successfully generated 16 arrows!
Tiếp tục lặp lại ở độ dài tối thiểu (5)...

========================================
--- BẮT ĐẦU VÒNG LẶP (Length = 5) ---
Ô đã chiếm: 855 / Ô còn trống: 45
Đề xuất tạo 9 mũi tên cho vòng lặp này...
Generating ADVANCED level in painted area... (This will be slow)
Trying to generate (adv) arrow 1/9...
Trying to generate (adv) arrow 2/9...
Trying to generate (adv) arrow 3/9...
Trying to generate (adv) arrow 4/9...
Trying to generate (adv) arrow 5/9...
Trying to generate (adv) arrow 6/9...
Trying to generate (adv) arrow 7/9...
Trying to generate (adv) arrow 8/9...
Trying to generate (adv) arrow 9/9...
Could not find valid arrow 9. Stopping.
Successfully generated 8 arrows!
Kết quả vòng lặp: Successfully generated 8 arrows!
Tiếp tục lặp lại ở độ dài tối thiểu (5)...

========================================
--- BẮT ĐẦU VÒNG LẶP (Length = 5) ---
Ô đã chiếm: 871 / Ô còn trống: 29
Đề xuất tạo 6 mũi tên cho vòng lặp này...
Generating ADVANCED level in painted area... (This will be slow)
Trying to generate (adv) arrow 1/6...
Could not find valid arrow 1. Stopping.
Kết quả vòng lặp: Generation complete, but 0 valid arrows found. Try again.
Không thể tạo thêm mũi tên ở độ dài này.
Đã đạt độ dài tối thiểu và không thể tạo thêm. Dừng.

========================================
--- ĐÃ HOÀN TẤT TẤT CẢ CÁC VÒNG LẶP ---
Tổng cộng đã tạo: 78 mũi tên.
Đã lấp đầy 871 / 900 ô (96.8%)
--- Đang lưu kết quả ra: level_set/level_set_3/2_result_test/37.json ---
Đã lưu thành công level 30x30 với 78 mũi tên.
--- Bản đồ kết quả (ASCII) ---
                                
 ###########.###########>##^### 
 #<#######.#^#^###########.#### 
 #############################> 
 ##<#######.^##>########>##>.#> 
 #######^##^#<###.##########>#. 
 #############################^ 
 ###########<################## 
 ##############>#########>##### 
 #>#>###.###########>####>##### 
 ###.##>.#.^################### 
 #^#############^##.########### 
 ##############v#v#^^########## 
 ###########>.^#######^^####### 
 ###############<############## 
 ###>####^^###########^######## 
 ############v###########>.#### 
 ###.##########v#v#^##########> 
 #######v########.############# 
 ###^##v####################### 
 #vv#####^###############.###># 
 ########################^###^# 
 #.<#######.####v############## 
 ############v.##########^###^# 
 ###############v############## 
 ##<#########..#############.## 
 ###>.#####.#.^#####v#####.#### 
 ############################## 
 #<#<#########^##v###########v# 
 ##################vv###v####.# 
 #>#>#################>v.###### 
                                
--- Đang render: 37 (30x30) ---
✅ Đã lưu hình ảnh vào: level_set/level_set_3/3_render/37.png
args: Args(level_set_path=PosixPath('level_set/level_set_3'), start_length=20, length_step=5, min_length=5, size=(30, 30), turn_probability=0.5, straight_weight=0.75, left_weight=0.25, right_weight=0.5, max_turns=6, generate_mode='basic', csv_path=PosixPath('level_set/level_set_3/[Data] levels - test dataframe.csv'), csv=    level_name    template_name  ...  difficulty  style
0           21     pentagon.png  ...      Normal    NaN
1           22         star.png  ...      Normal     AZ
2           23       square.png  ...        Hard    NaN
3           24     pentagon.png  ...      Normal    NaN
4           25  AIR BALLOON.png  ...      Normal    NaN
5           26       square.png  ...      Normal     AZ
6           27       circle.png  ...      Normal     AZ
7           28      hexagon.png  ...      Normal    NaN
8           29       square.png  ...        Hard     AZ
9           30         BODY.png  ...      Normal    NaN
10          31       circle.png  ...      Normal    NaN
11          32     pentagon.png  ...      Normal     AZ
12          33       square.png  ...        Hard    NaN
13          34         star.png  ...      Normal    NaN
14          35        CHESS.png  ...      Normal    NaN
15          36      hexagon.png  ...      Normal     AZ
16          37       square.png  ...      Normal     AZ
17          38       circle.png  ...      Normal    NaN
18          39       square.png  ...        Hard     AZ
19          40   CRUSTACEAN.png  ...      Normal    NaN

[20 rows x 10 columns], item_path='level_set/level_set_3/1_0_original_icons/circle.png', item_name='circle.png', alter_item_name='38')
Đang xử lý: 'level_set/level_set_3/1_0_original_icons/circle.png' (Kích thước gốc: (250, 250))
==> Đã lưu vào: 'level_set/level_set_3/1_1_icons/circle.png' (Kích thước mới: (30, 30))
Đã tải ảnh 'level_set/level_set_3/1_1_icons/circle.png' (Kích thước: 30x30)
Sử dụng ngưỡng Alpha: 128
Hoàn thành! Đã lưu board vào 'level_set/level_set_3/1_board_test/38'.
--- Đang tải board từ: level_set/level_set_3/1_board_test/38 ---
Đã tải thành công 716 ô 'editable'.
Tổng số ô có thể vẽ: 716

========================================
--- BẮT ĐẦU VÒNG LẶP (Length = 20) ---
Ô đã chiếm: 0 / Ô còn trống: 716
Đề xuất tạo 36 mũi tên cho vòng lặp này...
Generating level in painted area... (This will be slow)
Trying to generate arrow 1/36...
Trying to generate arrow 2/36...
Trying to generate arrow 3/36...
Trying to generate arrow 4/36...
Trying to generate arrow 5/36...
Trying to generate arrow 6/36...
Trying to generate arrow 7/36...
Trying to generate arrow 8/36...
Trying to generate arrow 9/36...
Trying to generate arrow 10/36...
Trying to generate arrow 11/36...
Trying to generate arrow 12/36...
Trying to generate arrow 13/36...
Trying to generate arrow 14/36...
Trying to generate arrow 15/36...
Trying to generate arrow 16/36...
Trying to generate arrow 17/36...
Trying to generate arrow 18/36...
Trying to generate arrow 19/36...
Trying to generate arrow 20/36...
Trying to generate arrow 21/36...
Trying to generate arrow 22/36...
Trying to generate arrow 23/36...
Trying to generate arrow 24/36...
Trying to generate arrow 25/36...
Trying to generate arrow 26/36...
Trying to generate arrow 27/36...
Trying to generate arrow 28/36...
Trying to generate arrow 29/36...
Trying to generate arrow 30/36...
Trying to generate arrow 31/36...
Trying to generate arrow 32/36...
Trying to generate arrow 33/36...
Trying to generate arrow 34/36...
Could not find valid arrow 34. Stopping.
Successfully generated 33 arrows!
Kết quả vòng lặp: Successfully generated 33 arrows!
Giảm độ dài từ 20...
Độ dài vòng tiếp theo: 15

========================================
--- BẮT ĐẦU VÒNG LẶP (Length = 15) ---
Ô đã chiếm: 551 / Ô còn trống: 165
Đề xuất tạo 11 mũi tên cho vòng lặp này...
Generating level in painted area... (This will be slow)
Trying to generate arrow 1/11...
Trying to generate arrow 2/11...
Trying to generate arrow 3/11...
Trying to generate arrow 4/11...
Trying to generate arrow 5/11...
Trying to generate arrow 6/11...
Trying to generate arrow 7/11...
Trying to generate arrow 8/11...
Trying to generate arrow 9/11...
Trying to generate arrow 10/11...
Could not find valid arrow 10. Stopping.
Successfully generated 9 arrows!
Kết quả vòng lặp: Successfully generated 9 arrows!
Giảm độ dài từ 15...
Độ dài vòng tiếp theo: 10

========================================
--- BẮT ĐẦU VÒNG LẶP (Length = 10) ---
Ô đã chiếm: 619 / Ô còn trống: 97
Đề xuất tạo 10 mũi tên cho vòng lặp này...
Generating level in painted area... (This will be slow)
Trying to generate arrow 1/10...
Trying to generate arrow 2/10...
Trying to generate arrow 3/10...
Trying to generate arrow 4/10...
Trying to generate arrow 5/10...
Trying to generate arrow 6/10...
Trying to generate arrow 7/10...
Trying to generate arrow 8/10...
Could not find valid arrow 8. Stopping.
Successfully generated 7 arrows!
Kết quả vòng lặp: Successfully generated 7 arrows!
Giảm độ dài từ 10...
Độ dài vòng tiếp theo: 5

========================================
--- BẮT ĐẦU VÒNG LẶP (Length = 5) ---
Ô đã chiếm: 659 / Ô còn trống: 57
Đề xuất tạo 11 mũi tên cho vòng lặp này...
Generating level in painted area... (This will be slow)
Trying to generate arrow 1/11...
Trying to generate arrow 2/11...
Trying to generate arrow 3/11...
Trying to generate arrow 4/11...
Trying to generate arrow 5/11...
Trying to generate arrow 6/11...
Trying to generate arrow 7/11...
Trying to generate arrow 8/11...
Trying to generate arrow 9/11...
Trying to generate arrow 10/11...
Trying to generate arrow 11/11...
Successfully generated 11 arrows!
Kết quả vòng lặp: Successfully generated 11 arrows!
Tiếp tục lặp lại ở độ dài tối thiểu (5)...

========================================
--- BẮT ĐẦU VÒNG LẶP (Length = 5) ---
Ô đã chiếm: 682 / Ô còn trống: 34
Đề xuất tạo 7 mũi tên cho vòng lặp này...
Generating level in painted area... (This will be slow)
Trying to generate arrow 1/7...
Trying to generate arrow 2/7...
Trying to generate arrow 3/7...
Trying to generate arrow 4/7...
Could not find valid arrow 4. Stopping.
Successfully generated 3 arrows!
Kết quả vòng lặp: Successfully generated 3 arrows!
Tiếp tục lặp lại ở độ dài tối thiểu (5)...

========================================
--- BẮT ĐẦU VÒNG LẶP (Length = 5) ---
Ô đã chiếm: 689 / Ô còn trống: 27
Đề xuất tạo 5 mũi tên cho vòng lặp này...
Generating level in painted area... (This will be slow)
Trying to generate arrow 1/5...
Could not find valid arrow 1. Stopping.
Kết quả vòng lặp: Generation complete, but 0 valid arrows found. Try again.
Không thể tạo thêm mũi tên ở độ dài này.
Đã đạt độ dài tối thiểu và không thể tạo thêm. Dừng.

========================================
--- ĐÃ HOÀN TẤT TẤT CẢ CÁC VÒNG LẶP ---
Tổng cộng đã tạo: 63 mũi tên.
Đã lấp đầy 689 / 716 ô (96.2%)
--- Đang lưu kết quả ra: level_set/level_set_3/2_result_test/38.json ---
Đã lưu thành công level 30x30 với 63 mũi tên.
--- Bản đồ kết quả (ASCII) ---
                                
            ####>#>.            
         #########.^###         
        ^########^^####.        
      #>#####.#####^######      
     .#####^^#############.     
    <###############<######.    
    #########.####^######^##    
   #########################.   
  ##^#####.#^##<###^##>.######  
  ####>##.^###################  
  ####>.########.###.###>#####  
 ############v################# 
 ##################>###^####### 
 ####^##^#####>################ 
 #####v#####>#######.########## 
 ############v#####.^###v###### 
 ###########################>#> 
 v###.########v###.##>^#######^ 
 .#######.##################### 
  #######^####################  
  ##<############>####>#######  
  v#<############.#>#########.  
   ###########>##>##.^######v   
    #########<##############    
    ##>####.##>####>#######v    
     #################>####     
      ##############>####>      
        .##.############        
         ##############         
            ##<##v<#            
                                
--- Đang render: 38 (30x30) ---
✅ Đã lưu hình ảnh vào: level_set/level_set_3/3_render/38.png
args: Args(level_set_path=PosixPath('level_set/level_set_3'), start_length=20, length_step=5, min_length=5, size=(30, 45), turn_probability=0.5, straight_weight=0.75, left_weight=0.25, right_weight=0.5, max_turns=6, generate_mode='advance', csv_path=PosixPath('level_set/level_set_3/[Data] levels - test dataframe.csv'), csv=    level_name    template_name  ...  difficulty  style
0           21     pentagon.png  ...      Normal    NaN
1           22         star.png  ...      Normal     AZ
2           23       square.png  ...        Hard    NaN
3           24     pentagon.png  ...      Normal    NaN
4           25  AIR BALLOON.png  ...      Normal    NaN
5           26       square.png  ...      Normal     AZ
6           27       circle.png  ...      Normal     AZ
7           28      hexagon.png  ...      Normal    NaN
8           29       square.png  ...        Hard     AZ
9           30         BODY.png  ...      Normal    NaN
10          31       circle.png  ...      Normal    NaN
11          32     pentagon.png  ...      Normal     AZ
12          33       square.png  ...        Hard    NaN
13          34         star.png  ...      Normal    NaN
14          35        CHESS.png  ...      Normal    NaN
15          36      hexagon.png  ...      Normal     AZ
16          37       square.png  ...      Normal     AZ
17          38       circle.png  ...      Normal    NaN
18          39       square.png  ...        Hard     AZ
19          40   CRUSTACEAN.png  ...      Normal    NaN

[20 rows x 10 columns], item_path='level_set/level_set_3/1_0_original_icons/square.png', item_name='square.png', alter_item_name='39')
Đang xử lý: 'level_set/level_set_3/1_0_original_icons/square.png' (Kích thước gốc: (250, 250))
==> Đã lưu vào: 'level_set/level_set_3/1_1_icons/square.png' (Kích thước mới: (30, 45))
Đã tải ảnh 'level_set/level_set_3/1_1_icons/square.png' (Kích thước: 30x45)
Sử dụng ngưỡng Alpha: 128
Hoàn thành! Đã lưu board vào 'level_set/level_set_3/1_board_test/39'.
--- Đang tải board từ: level_set/level_set_3/1_board_test/39 ---
Đã tải thành công 1350 ô 'editable'.
Tổng số ô có thể vẽ: 1350

========================================
--- BẮT ĐẦU VÒNG LẶP (Length = 20) ---
Ô đã chiếm: 0 / Ô còn trống: 1350
Đề xuất tạo 68 mũi tên cho vòng lặp này...
Generating ADVANCED level in painted area... (This will be slow)
Trying to generate (adv) arrow 1/68...
Trying to generate (adv) arrow 2/68...
Trying to generate (adv) arrow 3/68...
Trying to generate (adv) arrow 4/68...
Trying to generate (adv) arrow 5/68...
Trying to generate (adv) arrow 6/68...
Trying to generate (adv) arrow 7/68...
Trying to generate (adv) arrow 8/68...
Trying to generate (adv) arrow 9/68...
Trying to generate (adv) arrow 10/68...
Trying to generate (adv) arrow 11/68...
Trying to generate (adv) arrow 12/68...
Trying to generate (adv) arrow 13/68...
Trying to generate (adv) arrow 14/68...
Trying to generate (adv) arrow 15/68...
Trying to generate (adv) arrow 16/68...
Trying to generate (adv) arrow 17/68...
Trying to generate (adv) arrow 18/68...
Trying to generate (adv) arrow 19/68...
Trying to generate (adv) arrow 20/68...
Trying to generate (adv) arrow 21/68...
Trying to generate (adv) arrow 22/68...
Trying to generate (adv) arrow 23/68...
Trying to generate (adv) arrow 24/68...
Trying to generate (adv) arrow 25/68...
Trying to generate (adv) arrow 26/68...
Trying to generate (adv) arrow 27/68...
Trying to generate (adv) arrow 28/68...
Trying to generate (adv) arrow 29/68...
Trying to generate (adv) arrow 30/68...
Trying to generate (adv) arrow 31/68...
Trying to generate (adv) arrow 32/68...
Trying to generate (adv) arrow 33/68...
Trying to generate (adv) arrow 34/68...
Trying to generate (adv) arrow 35/68...
Trying to generate (adv) arrow 36/68...
Trying to generate (adv) arrow 37/68...
Trying to generate (adv) arrow 38/68...
Trying to generate (adv) arrow 39/68...
Trying to generate (adv) arrow 40/68...
Trying to generate (adv) arrow 41/68...
Trying to generate (adv) arrow 42/68...
Trying to generate (adv) arrow 43/68...
Trying to generate (adv) arrow 44/68...
Trying to generate (adv) arrow 45/68...
Trying to generate (adv) arrow 46/68...
Trying to generate (adv) arrow 47/68...
Trying to generate (adv) arrow 48/68...
Trying to generate (adv) arrow 49/68...
Trying to generate (adv) arrow 50/68...
Trying to generate (adv) arrow 51/68...
Trying to generate (adv) arrow 52/68...
Trying to generate (adv) arrow 53/68...
Trying to generate (adv) arrow 54/68...
Trying to generate (adv) arrow 55/68...
Trying to generate (adv) arrow 56/68...
Trying to generate (adv) arrow 57/68...
Trying to generate (adv) arrow 58/68...
Trying to generate (adv) arrow 59/68...
Trying to generate (adv) arrow 60/68...
Trying to generate (adv) arrow 61/68...
Trying to generate (adv) arrow 62/68...
Trying to generate (adv) arrow 63/68...
Trying to generate (adv) arrow 64/68...
Trying to generate (adv) arrow 65/68...
Trying to generate (adv) arrow 66/68...
Trying to generate (adv) arrow 67/68...
Trying to generate (adv) arrow 68/68...
Successfully generated 68 arrows!
Kết quả vòng lặp: Successfully generated 68 arrows!
Giảm độ dài từ 20...
Độ dài vòng tiếp theo: 15

========================================
--- BẮT ĐẦU VÒNG LẶP (Length = 15) ---
Ô đã chiếm: 1045 / Ô còn trống: 305
Đề xuất tạo 20 mũi tên cho vòng lặp này...
Generating ADVANCED level in painted area... (This will be slow)
Trying to generate (adv) arrow 1/20...
Trying to generate (adv) arrow 2/20...
Trying to generate (adv) arrow 3/20...
Trying to generate (adv) arrow 4/20...
Trying to generate (adv) arrow 5/20...
Trying to generate (adv) arrow 6/20...
Trying to generate (adv) arrow 7/20...
Trying to generate (adv) arrow 8/20...
Trying to generate (adv) arrow 9/20...
Trying to generate (adv) arrow 10/20...
Trying to generate (adv) arrow 11/20...
Trying to generate (adv) arrow 12/20...
Trying to generate (adv) arrow 13/20...
Trying to generate (adv) arrow 14/20...
Trying to generate (adv) arrow 15/20...
Trying to generate (adv) arrow 16/20...
Could not find valid arrow 16. Stopping.
Successfully generated 15 arrows!
Kết quả vòng lặp: Successfully generated 15 arrows!
Giảm độ dài từ 15...
Độ dài vòng tiếp theo: 10

========================================
--- BẮT ĐẦU VÒNG LẶP (Length = 10) ---
Ô đã chiếm: 1170 / Ô còn trống: 180
Đề xuất tạo 18 mũi tên cho vòng lặp này...
Generating ADVANCED level in painted area... (This will be slow)
Trying to generate (adv) arrow 1/18...
Trying to generate (adv) arrow 2/18...
Trying to generate (adv) arrow 3/18...
Trying to generate (adv) arrow 4/18...
Trying to generate (adv) arrow 5/18...
Trying to generate (adv) arrow 6/18...
Trying to generate (adv) arrow 7/18...
Trying to generate (adv) arrow 8/18...
Trying to generate (adv) arrow 9/18...
Could not find valid arrow 9. Stopping.
Successfully generated 8 arrows!
Kết quả vòng lặp: Successfully generated 8 arrows!
Giảm độ dài từ 10...
Độ dài vòng tiếp theo: 5

========================================
--- BẮT ĐẦU VÒNG LẶP (Length = 5) ---
Ô đã chiếm: 1219 / Ô còn trống: 131
Đề xuất tạo 26 mũi tên cho vòng lặp này...
Generating ADVANCED level in painted area... (This will be slow)
Trying to generate (adv) arrow 1/26...
Trying to generate (adv) arrow 2/26...
Trying to generate (adv) arrow 3/26...
Trying to generate (adv) arrow 4/26...
Trying to generate (adv) arrow 5/26...
Trying to generate (adv) arrow 6/26...
Trying to generate (adv) arrow 7/26...
Trying to generate (adv) arrow 8/26...
Trying to generate (adv) arrow 9/26...
Trying to generate (adv) arrow 10/26...
Trying to generate (adv) arrow 11/26...
Trying to generate (adv) arrow 12/26...
Trying to generate (adv) arrow 13/26...
Trying to generate (adv) arrow 14/26...
Trying to generate (adv) arrow 15/26...
Trying to generate (adv) arrow 16/26...
Trying to generate (adv) arrow 17/26...
Trying to generate (adv) arrow 18/26...
Trying to generate (adv) arrow 19/26...
Trying to generate (adv) arrow 20/26...
Trying to generate (adv) arrow 21/26...
Trying to generate (adv) arrow 22/26...
Trying to generate (adv) arrow 23/26...
Trying to generate (adv) arrow 24/26...
Trying to generate (adv) arrow 25/26...
Trying to generate (adv) arrow 26/26...
Successfully generated 26 arrows!
Kết quả vòng lặp: Successfully generated 26 arrows!
Tiếp tục lặp lại ở độ dài tối thiểu (5)...

========================================
--- BẮT ĐẦU VÒNG LẶP (Length = 5) ---
Ô đã chiếm: 1286 / Ô còn trống: 64
Đề xuất tạo 13 mũi tên cho vòng lặp này...
Generating ADVANCED level in painted area... (This will be slow)
Trying to generate (adv) arrow 1/13...
Trying to generate (adv) arrow 2/13...
Trying to generate (adv) arrow 3/13...
Trying to generate (adv) arrow 4/13...
Trying to generate (adv) arrow 5/13...
Trying to generate (adv) arrow 6/13...
Trying to generate (adv) arrow 7/13...
Trying to generate (adv) arrow 8/13...
Trying to generate (adv) arrow 9/13...
Trying to generate (adv) arrow 10/13...
Could not find valid arrow 10. Stopping.
Successfully generated 9 arrows!
Kết quả vòng lặp: Successfully generated 9 arrows!
Tiếp tục lặp lại ở độ dài tối thiểu (5)...

========================================
--- BẮT ĐẦU VÒNG LẶP (Length = 5) ---
Ô đã chiếm: 1306 / Ô còn trống: 44
Đề xuất tạo 9 mũi tên cho vòng lặp này...
Generating ADVANCED level in painted area... (This will be slow)
Trying to generate (adv) arrow 1/9...
Could not find valid arrow 1. Stopping.
Kết quả vòng lặp: Generation complete, but 0 valid arrows found. Try again.
Không thể tạo thêm mũi tên ở độ dài này.
Đã đạt độ dài tối thiểu và không thể tạo thêm. Dừng.

========================================
--- ĐÃ HOÀN TẤT TẤT CẢ CÁC VÒNG LẶP ---
Tổng cộng đã tạo: 126 mũi tên.
Đã lấp đầy 1306 / 1350 ô (96.7%)
--- Đang lưu kết quả ra: level_set/level_set_3/2_result_test/39.json ---
Đã lưu thành công level 30x45 với 126 mũi tên.
--- Bản đồ kết quả (ASCII) ---
                                
 <################>######^#>.## 
 #################>#######^##.# 
 ###############>.^############ 
 #############################> 
 #########>##>##^#^############ 
 #v#######################>##># 
 #########^##^#>#######>#####># 
 ######################>####### 
 ####v######################### 
 ####<###.<##.########.######## 
 ####.<##<##################### 
 ##>######>#################### 
 ########>###.################# 
 <#########.#<####>.#########># 
 #######.######>############>## 
 #########^###>.######>#>#####> 
 #######################.##.#>. 
 #####^#########..######^.##.## 
 #######^#######^^#######^##### 
 ###########^#######v###^##.### 
 ######<###########v.<#####>### 
 ############^#>#######>###>##> 
 ############################<# 
 ##########^################### 
 ################..#v##.####### 
 ###v#<######################## 
 #######^###############.###### 
 ########v#^^#############<##v# 
 #v##v########.########v#####.# 
 v<################>v###v####.# 
 ##.#########<#<########.###### 
 ############.^^########<###### 
 <######.##^#^####.########.<## 
 <#<####<#########.####..v#<### 
 ####################v######### 
 #########################<#### 
 ########################v#>### 
 ######################.####### 
 #######.####v##>#>############ 
 ##>#######>v.v#>^^#########v#> 
 ##.########################### 
 <######.###>#########>v####### 
 ###############>##v########### 
 ##########.<########.######vv# 
 v####>###########vv#>v######>v 
                                
--- Đang render: 39 (30x45) ---
✅ Đã lưu hình ảnh vào: level_set/level_set_3/3_render/39.png
args: Args(level_set_path=PosixPath('level_set/level_set_3'), start_length=20, length_step=5, min_length=5, size=(30, 30), turn_probability=0.5, straight_weight=0.75, left_weight=0.25, right_weight=0.5, max_turns=6, generate_mode='basic', csv_path=PosixPath('level_set/level_set_3/[Data] levels - test dataframe.csv'), csv=    level_name    template_name  ...  difficulty  style
0           21     pentagon.png  ...      Normal    NaN
1           22         star.png  ...      Normal     AZ
2           23       square.png  ...        Hard    NaN
3           24     pentagon.png  ...      Normal    NaN
4           25  AIR BALLOON.png  ...      Normal    NaN
5           26       square.png  ...      Normal     AZ
6           27       circle.png  ...      Normal     AZ
7           28      hexagon.png  ...      Normal    NaN
8           29       square.png  ...        Hard     AZ
9           30         BODY.png  ...      Normal    NaN
10          31       circle.png  ...      Normal    NaN
11          32     pentagon.png  ...      Normal     AZ
12          33       square.png  ...        Hard    NaN
13          34         star.png  ...      Normal    NaN
14          35        CHESS.png  ...      Normal    NaN
15          36      hexagon.png  ...      Normal     AZ
16          37       square.png  ...      Normal     AZ
17          38       circle.png  ...      Normal    NaN
18          39       square.png  ...        Hard     AZ
19          40   CRUSTACEAN.png  ...      Normal    NaN

[20 rows x 10 columns], item_path='level_set/level_set_3/1_0_original_icons/CRUSTACEAN.png', item_name='CRUSTACEAN.png', alter_item_name='40')
Đang xử lý: 'level_set/level_set_3/1_0_original_icons/CRUSTACEAN.png' (Kích thước gốc: (246, 199))
==> Đã lưu vào: 'level_set/level_set_3/1_1_icons/CRUSTACEAN.png' (Kích thước mới: (30, 30))
Đã tải ảnh 'level_set/level_set_3/1_1_icons/CRUSTACEAN.png' (Kích thước: 30x30)
Sử dụng ngưỡng Alpha: 128
Hoàn thành! Đã lưu board vào 'level_set/level_set_3/1_board_test/40'.
--- Đang tải board từ: level_set/level_set_3/1_board_test/40 ---
Đã tải thành công 468 ô 'editable'.
Tổng số ô có thể vẽ: 468

========================================
--- BẮT ĐẦU VÒNG LẶP (Length = 20) ---
Ô đã chiếm: 0 / Ô còn trống: 468
Đề xuất tạo 23 mũi tên cho vòng lặp này...
Generating level in painted area... (This will be slow)
Trying to generate arrow 1/23...
Trying to generate arrow 2/23...
Trying to generate arrow 3/23...
Trying to generate arrow 4/23...
Trying to generate arrow 5/23...
Trying to generate arrow 6/23...
Trying to generate arrow 7/23...
Trying to generate arrow 8/23...
Trying to generate arrow 9/23...
Trying to generate arrow 10/23...
Trying to generate arrow 11/23...
Trying to generate arrow 12/23...
Trying to generate arrow 13/23...
Trying to generate arrow 14/23...
Trying to generate arrow 15/23...
Trying to generate arrow 16/23...
Trying to generate arrow 17/23...
Trying to generate arrow 18/23...
Trying to generate arrow 19/23...
Trying to generate arrow 20/23...
Trying to generate arrow 21/23...
Trying to generate arrow 22/23...
Trying to generate arrow 23/23...
Successfully generated 23 arrows!
Kết quả vòng lặp: Successfully generated 23 arrows!
Giảm độ dài từ 20...
Độ dài vòng tiếp theo: 15

========================================
--- BẮT ĐẦU VÒNG LẶP (Length = 15) ---
Ô đã chiếm: 356 / Ô còn trống: 112
Đề xuất tạo 7 mũi tên cho vòng lặp này...
Generating level in painted area... (This will be slow)
Trying to generate arrow 1/7...
Trying to generate arrow 2/7...
Trying to generate arrow 3/7...
Trying to generate arrow 4/7...
Could not find valid arrow 4. Stopping.
Successfully generated 3 arrows!
Kết quả vòng lặp: Successfully generated 3 arrows!
Giảm độ dài từ 15...
Độ dài vòng tiếp theo: 10

========================================
--- BẮT ĐẦU VÒNG LẶP (Length = 10) ---
Ô đã chiếm: 377 / Ô còn trống: 91
Đề xuất tạo 9 mũi tên cho vòng lặp này...
Generating level in painted area... (This will be slow)
Trying to generate arrow 1/9...
Trying to generate arrow 2/9...
Trying to generate arrow 3/9...
Trying to generate arrow 4/9...
Trying to generate arrow 5/9...
Could not find valid arrow 5. Stopping.
Successfully generated 4 arrows!
Kết quả vòng lặp: Successfully generated 4 arrows!
Giảm độ dài từ 10...
Độ dài vòng tiếp theo: 5

========================================
--- BẮT ĐẦU VÒNG LẶP (Length = 5) ---
Ô đã chiếm: 399 / Ô còn trống: 69
Đề xuất tạo 14 mũi tên cho vòng lặp này...
Generating level in painted area... (This will be slow)
Trying to generate arrow 1/14...
Trying to generate arrow 2/14...
Trying to generate arrow 3/14...
Trying to generate arrow 4/14...
Trying to generate arrow 5/14...
Trying to generate arrow 6/14...
Trying to generate arrow 7/14...
Trying to generate arrow 8/14...
Trying to generate arrow 9/14...
Trying to generate arrow 10/14...
Trying to generate arrow 11/14...
Trying to generate arrow 12/14...
Trying to generate arrow 13/14...
Trying to generate arrow 14/14...
Successfully generated 14 arrows!
Kết quả vòng lặp: Successfully generated 14 arrows!
Tiếp tục lặp lại ở độ dài tối thiểu (5)...

========================================
--- BẮT ĐẦU VÒNG LẶP (Length = 5) ---
Ô đã chiếm: 427 / Ô còn trống: 41
Đề xuất tạo 8 mũi tên cho vòng lặp này...
Generating level in painted area... (This will be slow)
Trying to generate arrow 1/8...
Trying to generate arrow 2/8...
Trying to generate arrow 3/8...
Trying to generate arrow 4/8...
Could not find valid arrow 4. Stopping.
Successfully generated 3 arrows!
Kết quả vòng lặp: Successfully generated 3 arrows!
Tiếp tục lặp lại ở độ dài tối thiểu (5)...

========================================
--- BẮT ĐẦU VÒNG LẶP (Length = 5) ---
Ô đã chiếm: 433 / Ô còn trống: 35
Đề xuất tạo 7 mũi tên cho vòng lặp này...
Generating level in painted area... (This will be slow)
Trying to generate arrow 1/7...
Could not find valid arrow 1. Stopping.
Kết quả vòng lặp: Generation complete, but 0 valid arrows found. Try again.
Không thể tạo thêm mũi tên ở độ dài này.
Đã đạt độ dài tối thiểu và không thể tạo thêm. Dừng.

========================================
--- ĐÃ HOÀN TẤT TẤT CẢ CÁC VÒNG LẶP ---
Tổng cộng đã tạo: 47 mũi tên.
Đã lấp đầy 433 / 468 ô (92.5%)
--- Đang lưu kết quả ra: level_set/level_set_3/2_result_test/40.json ---
Đã lưu thành công level 28x28 với 47 mũi tên.
--- Bản đồ kết quả (ASCII) ---
                              
   ####                <###   
  #####                #####  
 ##.###                ###### 
 #<######            ######## 
 ###.<####           v######. 
 <##^##.##           ######## 
 ########            #<#<#### 
 ###^##^^            ######## 
  #######    .###    .^#>###v 
  ######   .######<#  ###.##  
    ##.  .###########   ###   
    .#  ####>.###.####  #v    
     ## #############v  #.    
     .##v############.###     
      #############.#####     
    ####>#########.#####^#    
   ^#############v.########   
  ^##  v####<######.v##   ##  
  #    .#####.##<######    v  
     ####<#####v####<##>.     
    ######>#######>######.    
   .##  ####>.####^###  ###   
   <#  <#######.####>#.  ##   
  <#  ######.#######.###  <#  
     ###  .v###>####  .v#     
     #.     ######     .#     
    ^#                  #.    
    ##                  #>    
                              
--- Đang render: 40 (28x28) ---
✅ Đã lưu hình ảnh vào: level_set/level_set_3/3_render/40.png
