[LOGGING] Bắt đầu ghi log vào logs/debug_2025-10-30_14-28-57.log

    level_name    template_name  ...  size_y  is_icon
0           21     pentagon.png  ...      25      NaN
1           22         star.png  ...      25      NaN
2           23       square.png  ...      35      NaN
3           24     pentagon.png  ...      25      NaN
4           25  AIR BALLOON.png  ...      25        *
5           26       square.png  ...      25      NaN
6           27       circle.png  ...      30      NaN
7           28      hexagon.png  ...      30      NaN
8           29       square.png  ...      40      NaN
9           30         BODY.png  ...      25        *
10          31       circle.png  ...      30      NaN
11          32     pentagon.png  ...      30      NaN
12          33       square.png  ...      40      NaN
13          34         star.png  ...      30      NaN
14          35        CHESS.png  ...      30        *
15          36      hexagon.png  ...      25      NaN
16          37       square.png  ...      30      NaN
17          38       circle.png  ...      30      NaN
18          39       square.png  ...      45      NaN
19          40   CRUSTACEAN.png  ...      30        *
20          41     pentagon.png  ...      30      NaN
21          42         star.png  ...      30      NaN
22          43        rectangle  ...      45      NaN
23          44     pentagon.png  ...      35      NaN
24          45  FLAT SHAPES.png  ...      30        *
25          46         star.png  ...      30      NaN
26          47       circle.png  ...      35      NaN
27          48      hexagon.png  ...      35      NaN
28          49        rectangle  ...      45      NaN
29          50        HOUSE.png  ...      30        *
30          51       circle.png  ...      30      NaN
31          52     pentagon.png  ...      35      NaN
32          53        rectangle  ...      40      NaN
33          54       square.png  ...      35      NaN
34          55        PLANE.png  ...      30        *
35          56      hexagon.png  ...      35      NaN
36          57       square.png  ...      40      NaN
37          58       circle.png  ...      35      NaN
38          59        rectangle  ...      45      NaN
39          60       SPIDER.png  ...      35        *

[40 rows x 8 columns]
0 pentagon.png 25
args: Args(level_set_path=PosixPath('level_set/level_set_3'), start_length=17, length_step=5, min_length=5, size=(25, 25), turn_probability=0.75, straight_weight=2, left_weight=0.5, right_weight=0.5, max_turns=30, generate_mode='basic', csv_path=PosixPath('level_set/level_set_3/[Data] levels - test dataframe.csv'), csv=    level_name    template_name  ...  size_y  is_icon
0           21     pentagon.png  ...      25      NaN
1           22         star.png  ...      25      NaN
2           23       square.png  ...      35      NaN
3           24     pentagon.png  ...      25      NaN
4           25  AIR BALLOON.png  ...      25        *
5           26       square.png  ...      25      NaN
6           27       circle.png  ...      30      NaN
7           28      hexagon.png  ...      30      NaN
8           29       square.png  ...      40      NaN
9           30         BODY.png  ...      25        *
10          31       circle.png  ...      30      NaN
11          32     pentagon.png  ...      30      NaN
12          33       square.png  ...      40      NaN
13          34         star.png  ...      30      NaN
14          35        CHESS.png  ...      30        *
15          36      hexagon.png  ...      25      NaN
16          37       square.png  ...      30      NaN
17          38       circle.png  ...      30      NaN
18          39       square.png  ...      45      NaN
19          40   CRUSTACEAN.png  ...      30        *
20          41     pentagon.png  ...      30      NaN
21          42         star.png  ...      30      NaN
22          43        rectangle  ...      45      NaN
23          44     pentagon.png  ...      35      NaN
24          45  FLAT SHAPES.png  ...      30        *
25          46         star.png  ...      30      NaN
26          47       circle.png  ...      35      NaN
27          48      hexagon.png  ...      35      NaN
28          49        rectangle  ...      45      NaN
29          50        HOUSE.png  ...      30        *
30          51       circle.png  ...      30      NaN
31          52     pentagon.png  ...      35      NaN
32          53        rectangle  ...      40      NaN
33          54       square.png  ...      35      NaN
34          55        PLANE.png  ...      30        *
35          56      hexagon.png  ...      35      NaN
36          57       square.png  ...      40      NaN
37          58       circle.png  ...      35      NaN
38          59        rectangle  ...      45      NaN
39          60       SPIDER.png  ...      35        *

[40 rows x 8 columns], item_name='pentagon.png', alter_item_name='21', item_path='level_set/level_set_3/1_0_original_icons/pentagon.png')
Đang xử lý: 'level_set/level_set_3/1_0_original_icons/pentagon.png' (Kích thước gốc: (250, 250))
==> Đã lưu vào: 'level_set/level_set_3/1_1_icons/pentagon.png' (Kích thước mới: (25, 25))
Đã tải ảnh 'level_set/level_set_3/1_1_icons/pentagon.png' (Kích thước: 25x25)
Sử dụng ngưỡng Alpha: 128
Hoàn thành! Đã lưu board vào 'level_set/level_set_3/1_board_test/21'.
--- Đang tải board từ: level_set/level_set_3/1_board_test/21 ---
Đã tải thành công 412 ô 'editable'.
Tổng số ô có thể vẽ: 412

========================================
--- BẮT ĐẦU VÒNG LẶP (Length = 17) ---
Ô đã chiếm: 0 / Ô còn trống: 412
Đề xuất tạo 24 mũi tên cho vòng lặp này...
Generating level in painted area... (This will be slow)
Trying to generate arrow 1/24...
Trying to generate arrow 2/24...
Trying to generate arrow 3/24...
Trying to generate arrow 4/24...
Trying to generate arrow 5/24...
Trying to generate arrow 6/24...
Trying to generate arrow 7/24...
Trying to generate arrow 8/24...
Trying to generate arrow 9/24...
Trying to generate arrow 10/24...
Trying to generate arrow 11/24...
Trying to generate arrow 12/24...
Trying to generate arrow 13/24...
Trying to generate arrow 14/24...
Trying to generate arrow 15/24...
Trying to generate arrow 16/24...
Trying to generate arrow 17/24...
Trying to generate arrow 18/24...
Trying to generate arrow 19/24...
Trying to generate arrow 20/24...
Trying to generate arrow 21/24...
Trying to generate arrow 22/24...
Trying to generate arrow 23/24...
Trying to generate arrow 24/24...
Successfully generated 24 arrows!
Kết quả vòng lặp: Successfully generated 24 arrows!
Giảm độ dài từ 17...
Độ dài vòng tiếp theo: 12

========================================
--- BẮT ĐẦU VÒNG LẶP (Length = 12) ---
Ô đã chiếm: 321 / Ô còn trống: 91
Đề xuất tạo 8 mũi tên cho vòng lặp này...
Generating level in painted area... (This will be slow)
Trying to generate arrow 1/8...
Trying to generate arrow 2/8...
Trying to generate arrow 3/8...
Trying to generate arrow 4/8...
Trying to generate arrow 5/8...
Could not find valid arrow 5. Stopping.
Successfully generated 4 arrows!
Kết quả vòng lặp: Successfully generated 4 arrows!
Giảm độ dài từ 12...
Độ dài vòng tiếp theo: 7

========================================
--- BẮT ĐẦU VÒNG LẶP (Length = 7) ---
Ô đã chiếm: 349 / Ô còn trống: 63
Đề xuất tạo 9 mũi tên cho vòng lặp này...
Generating level in painted area... (This will be slow)
Trying to generate arrow 1/9...
Trying to generate arrow 2/9...
Trying to generate arrow 3/9...
Trying to generate arrow 4/9...
Trying to generate arrow 5/9...
Trying to generate arrow 6/9...
Trying to generate arrow 7/9...
Trying to generate arrow 8/9...
Could not find valid arrow 8. Stopping.
Successfully generated 7 arrows!
Kết quả vòng lặp: Successfully generated 7 arrows!
Giảm độ dài từ 7...
Độ dài vòng tiếp theo: 5

========================================
--- BẮT ĐẦU VÒNG LẶP (Length = 5) ---
Ô đã chiếm: 372 / Ô còn trống: 40
Đề xuất tạo 8 mũi tên cho vòng lặp này...
Generating level in painted area... (This will be slow)
Trying to generate arrow 1/8...
Trying to generate arrow 2/8...
Trying to generate arrow 3/8...
Trying to generate arrow 4/8...
Trying to generate arrow 5/8...
Trying to generate arrow 6/8...
Trying to generate arrow 7/8...
Trying to generate arrow 8/8...
Successfully generated 8 arrows!
Kết quả vòng lặp: Successfully generated 8 arrows!
Tiếp tục lặp lại ở độ dài tối thiểu (5)...

========================================
--- BẮT ĐẦU VÒNG LẶP (Length = 5) ---
Ô đã chiếm: 388 / Ô còn trống: 24
Đề xuất tạo 5 mũi tên cho vòng lặp này...
Generating level in painted area... (This will be slow)
Trying to generate arrow 1/5...
Trying to generate arrow 2/5...
Trying to generate arrow 3/5...
Trying to generate arrow 4/5...
Could not find valid arrow 4. Stopping.
Successfully generated 3 arrows!
Kết quả vòng lặp: Successfully generated 3 arrows!
Tiếp tục lặp lại ở độ dài tối thiểu (5)...

========================================
--- BẮT ĐẦU VÒNG LẶP (Length = 5) ---
Ô đã chiếm: 394 / Ô còn trống: 18
Đề xuất tạo 4 mũi tên cho vòng lặp này...
Generating level in painted area... (This will be slow)
Trying to generate arrow 1/4...
Could not find valid arrow 1. Stopping.
Kết quả vòng lặp: Generation complete, but 0 valid arrows found. Try again.
Không thể tạo thêm mũi tên ở độ dài này.
Đã đạt độ dài tối thiểu và không thể tạo thêm. Dừng.

========================================
--- ĐÃ HOÀN TẤT TẤT CẢ CÁC VÒNG LẶP ---
Tổng cộng đã tạo: 46 mũi tên.
Đã lấp đầy 394 / 412 ô (95.6%)
--- Đang lưu kết quả ra: level_set/level_set_3/2_result_test/21.json ---
Đã lưu thành công level 25x23 với 46 mũi tên.
--- Bản đồ kết quả (ASCII) ---
                           
             .             
            <##            
          #######          
         #####^##>         
        .###.#####.        
      ###############      
     #####<####.######     
   <##<#<#^##<#######v##   
  ###.##>################  
 ^######^############.###^ 
 ##<#############>#####.v# 
  #############v###>#####  
  ####v#####>##>^########  
  #>.####>.####>#^######v  
   ###################v#   
   ######>.#############   
   ###########<####v##vv   
    .###^##############    
    ############.###>##    
    ##########.#######.    
     v##vv##<#########     
     #######<##.######     
     ######.########<#     
      #>###>v######v.      
                           
--- Đang render: 21 (25x23) ---
✅ Đã lưu hình ảnh vào: level_set/level_set_3/3_render/21.png
1 star.png 25
args: Args(level_set_path=PosixPath('level_set/level_set_3'), start_length=17, length_step=5, min_length=5, size=(25, 25), turn_probability=0.75, straight_weight=2, left_weight=0.5, right_weight=0.5, max_turns=30, generate_mode='basic', csv_path=PosixPath('level_set/level_set_3/[Data] levels - test dataframe.csv'), csv=    level_name    template_name  ...  size_y  is_icon
0           21     pentagon.png  ...      25      NaN
1           22         star.png  ...      25      NaN
2           23       square.png  ...      35      NaN
3           24     pentagon.png  ...      25      NaN
4           25  AIR BALLOON.png  ...      25        *
5           26       square.png  ...      25      NaN
6           27       circle.png  ...      30      NaN
7           28      hexagon.png  ...      30      NaN
8           29       square.png  ...      40      NaN
9           30         BODY.png  ...      25        *
10          31       circle.png  ...      30      NaN
11          32     pentagon.png  ...      30      NaN
12          33       square.png  ...      40      NaN
13          34         star.png  ...      30      NaN
14          35        CHESS.png  ...      30        *
15          36      hexagon.png  ...      25      NaN
16          37       square.png  ...      30      NaN
17          38       circle.png  ...      30      NaN
18          39       square.png  ...      45      NaN
19          40   CRUSTACEAN.png  ...      30        *
20          41     pentagon.png  ...      30      NaN
21          42         star.png  ...      30      NaN
22          43        rectangle  ...      45      NaN
23          44     pentagon.png  ...      35      NaN
24          45  FLAT SHAPES.png  ...      30        *
25          46         star.png  ...      30      NaN
26          47       circle.png  ...      35      NaN
27          48      hexagon.png  ...      35      NaN
28          49        rectangle  ...      45      NaN
29          50        HOUSE.png  ...      30        *
30          51       circle.png  ...      30      NaN
31          52     pentagon.png  ...      35      NaN
32          53        rectangle  ...      40      NaN
33          54       square.png  ...      35      NaN
34          55        PLANE.png  ...      30        *
35          56      hexagon.png  ...      35      NaN
36          57       square.png  ...      40      NaN
37          58       circle.png  ...      35      NaN
38          59        rectangle  ...      45      NaN
39          60       SPIDER.png  ...      35        *

[40 rows x 8 columns], item_path='level_set/level_set_3/1_0_original_icons/star.png', item_name='star.png', alter_item_name='22')
Đang xử lý: 'level_set/level_set_3/1_0_original_icons/star.png' (Kích thước gốc: (250, 250))
==> Đã lưu vào: 'level_set/level_set_3/1_1_icons/star.png' (Kích thước mới: (25, 25))
Đã tải ảnh 'level_set/level_set_3/1_1_icons/star.png' (Kích thước: 25x25)
Sử dụng ngưỡng Alpha: 128
Hoàn thành! Đã lưu board vào 'level_set/level_set_3/1_board_test/22'.
--- Đang tải board từ: level_set/level_set_3/1_board_test/22 ---
Đã tải thành công 208 ô 'editable'.
Tổng số ô có thể vẽ: 208

========================================
--- BẮT ĐẦU VÒNG LẶP (Length = 17) ---
Ô đã chiếm: 0 / Ô còn trống: 208
Đề xuất tạo 12 mũi tên cho vòng lặp này...
Generating level in painted area... (This will be slow)
Trying to generate arrow 1/12...
Trying to generate arrow 2/12...
Trying to generate arrow 3/12...
Trying to generate arrow 4/12...
Trying to generate arrow 5/12...
Trying to generate arrow 6/12...
Trying to generate arrow 7/12...
Trying to generate arrow 8/12...
Trying to generate arrow 9/12...
Trying to generate arrow 10/12...
Trying to generate arrow 11/12...
Trying to generate arrow 12/12...
Successfully generated 12 arrows!
Kết quả vòng lặp: Successfully generated 12 arrows!
Giảm độ dài từ 17...
Độ dài vòng tiếp theo: 12

========================================
--- BẮT ĐẦU VÒNG LẶP (Length = 12) ---
Ô đã chiếm: 149 / Ô còn trống: 59
Đề xuất tạo 5 mũi tên cho vòng lặp này...
Generating level in painted area... (This will be slow)
Trying to generate arrow 1/5...
Trying to generate arrow 2/5...
Trying to generate arrow 3/5...
Could not find valid arrow 3. Stopping.
Successfully generated 2 arrows!
Kết quả vòng lặp: Successfully generated 2 arrows!
Giảm độ dài từ 12...
Độ dài vòng tiếp theo: 7

========================================
--- BẮT ĐẦU VÒNG LẶP (Length = 7) ---
Ô đã chiếm: 164 / Ô còn trống: 44
Đề xuất tạo 6 mũi tên cho vòng lặp này...
Generating level in painted area... (This will be slow)
Trying to generate arrow 1/6...
Trying to generate arrow 2/6...
Trying to generate arrow 3/6...
Trying to generate arrow 4/6...
Trying to generate arrow 5/6...
Trying to generate arrow 6/6...
Successfully generated 6 arrows!
Kết quả vòng lặp: Successfully generated 6 arrows!
Giảm độ dài từ 7...
Độ dài vòng tiếp theo: 5

========================================
--- BẮT ĐẦU VÒNG LẶP (Length = 5) ---
Ô đã chiếm: 183 / Ô còn trống: 25
Đề xuất tạo 5 mũi tên cho vòng lặp này...
Generating level in painted area... (This will be slow)
Trying to generate arrow 1/5...
Trying to generate arrow 2/5...
Trying to generate arrow 3/5...
Trying to generate arrow 4/5...
Trying to generate arrow 5/5...
Successfully generated 5 arrows!
Kết quả vòng lặp: Successfully generated 5 arrows!
Tiếp tục lặp lại ở độ dài tối thiểu (5)...

========================================
--- BẮT ĐẦU VÒNG LẶP (Length = 5) ---
Ô đã chiếm: 195 / Ô còn trống: 13
Đề xuất tạo 3 mũi tên cho vòng lặp này...
Generating level in painted area... (This will be slow)
Trying to generate arrow 1/3...
Could not find valid arrow 1. Stopping.
Kết quả vòng lặp: Generation complete, but 0 valid arrows found. Try again.
Không thể tạo thêm mũi tên ở độ dài này.
Đã đạt độ dài tối thiểu và không thể tạo thêm. Dừng.

========================================
--- ĐÃ HOÀN TẤT TẤT CẢ CÁC VÒNG LẶP ---
Tổng cộng đã tạo: 25 mũi tên.
Đã lấp đầy 195 / 208 ô (93.8%)
--- Đang lưu kết quả ra: level_set/level_set_3/2_result_test/22.json ---
Đã lưu thành công level 21x21 với 25 mũi tên.
--- Bản đồ kết quả (ASCII) ---
                       
           #           
           v           
          ###          
          ###          
         #####         
         #.v<#         
        ######>        
  <######.########^##  
 <###<##########.##### 
  #^###########.<###.  
   ####.##########v.   
    ###>######>#.#>    
     .###<######^#     
      .##########      
      ##<###<####      
     ###>#>#######     
     ###.#########     
     ######v##^###     
     <####   ##v##     
     ^##       .##     
     #           .     
                       
--- Đang render: 22 (21x21) ---
✅ Đã lưu hình ảnh vào: level_set/level_set_3/3_render/22.png
2 square.png 25
args: Args(level_set_path=PosixPath('level_set/level_set_3'), start_length=17, length_step=5, min_length=5, size=(25, 35), turn_probability=0.75, straight_weight=2, left_weight=0.5, right_weight=0.5, max_turns=30, generate_mode='basic', csv_path=PosixPath('level_set/level_set_3/[Data] levels - test dataframe.csv'), csv=    level_name    template_name  ...  size_y  is_icon
0           21     pentagon.png  ...      25      NaN
1           22         star.png  ...      25      NaN
2           23       square.png  ...      35      NaN
3           24     pentagon.png  ...      25      NaN
4           25  AIR BALLOON.png  ...      25        *
5           26       square.png  ...      25      NaN
6           27       circle.png  ...      30      NaN
7           28      hexagon.png  ...      30      NaN
8           29       square.png  ...      40      NaN
9           30         BODY.png  ...      25        *
10          31       circle.png  ...      30      NaN
11          32     pentagon.png  ...      30      NaN
12          33       square.png  ...      40      NaN
13          34         star.png  ...      30      NaN
14          35        CHESS.png  ...      30        *
15          36      hexagon.png  ...      25      NaN
16          37       square.png  ...      30      NaN
17          38       circle.png  ...      30      NaN
18          39       square.png  ...      45      NaN
19          40   CRUSTACEAN.png  ...      30        *
20          41     pentagon.png  ...      30      NaN
21          42         star.png  ...      30      NaN
22          43        rectangle  ...      45      NaN
23          44     pentagon.png  ...      35      NaN
24          45  FLAT SHAPES.png  ...      30        *
25          46         star.png  ...      30      NaN
26          47       circle.png  ...      35      NaN
27          48      hexagon.png  ...      35      NaN
28          49        rectangle  ...      45      NaN
29          50        HOUSE.png  ...      30        *
30          51       circle.png  ...      30      NaN
31          52     pentagon.png  ...      35      NaN
32          53        rectangle  ...      40      NaN
33          54       square.png  ...      35      NaN
34          55        PLANE.png  ...      30        *
35          56      hexagon.png  ...      35      NaN
36          57       square.png  ...      40      NaN
37          58       circle.png  ...      35      NaN
38          59        rectangle  ...      45      NaN
39          60       SPIDER.png  ...      35        *

[40 rows x 8 columns], item_path='level_set/level_set_3/1_0_original_icons/square.png', item_name='square.png', alter_item_name='23')
Đang xử lý: 'level_set/level_set_3/1_0_original_icons/square.png' (Kích thước gốc: (250, 250))
==> Đã lưu vào: 'level_set/level_set_3/1_1_icons/square.png' (Kích thước mới: (25, 35))
Đã tải ảnh 'level_set/level_set_3/1_1_icons/square.png' (Kích thước: 25x35)
Sử dụng ngưỡng Alpha: 128
Hoàn thành! Đã lưu board vào 'level_set/level_set_3/1_board_test/23'.
--- Đang tải board từ: level_set/level_set_3/1_board_test/23 ---
Đã tải thành công 875 ô 'editable'.
Tổng số ô có thể vẽ: 875

========================================
--- BẮT ĐẦU VÒNG LẶP (Length = 17) ---
Ô đã chiếm: 0 / Ô còn trống: 875
Đề xuất tạo 51 mũi tên cho vòng lặp này...
Generating level in painted area... (This will be slow)
Trying to generate arrow 1/51...
Trying to generate arrow 2/51...
Trying to generate arrow 3/51...
Trying to generate arrow 4/51...
Trying to generate arrow 5/51...
Trying to generate arrow 6/51...
Trying to generate arrow 7/51...
Trying to generate arrow 8/51...
Trying to generate arrow 9/51...
Trying to generate arrow 10/51...
Trying to generate arrow 11/51...
Trying to generate arrow 12/51...
Trying to generate arrow 13/51...
Trying to generate arrow 14/51...
Trying to generate arrow 15/51...
Trying to generate arrow 16/51...
Trying to generate arrow 17/51...
Trying to generate arrow 18/51...
Trying to generate arrow 19/51...
Trying to generate arrow 20/51...
Trying to generate arrow 21/51...
Trying to generate arrow 22/51...
Trying to generate arrow 23/51...
Trying to generate arrow 24/51...
Trying to generate arrow 25/51...
Trying to generate arrow 26/51...
Trying to generate arrow 27/51...
Trying to generate arrow 28/51...
Trying to generate arrow 29/51...
Trying to generate arrow 30/51...
Trying to generate arrow 31/51...
Trying to generate arrow 32/51...
Trying to generate arrow 33/51...
Trying to generate arrow 34/51...
Trying to generate arrow 35/51...
Trying to generate arrow 36/51...
Trying to generate arrow 37/51...
Trying to generate arrow 38/51...
Trying to generate arrow 39/51...
Trying to generate arrow 40/51...
Trying to generate arrow 41/51...
Trying to generate arrow 42/51...
Trying to generate arrow 43/51...
Trying to generate arrow 44/51...
Trying to generate arrow 45/51...
Trying to generate arrow 46/51...
Trying to generate arrow 47/51...
Trying to generate arrow 48/51...
Trying to generate arrow 49/51...
Could not find valid arrow 49. Stopping.
Successfully generated 48 arrows!
Kết quả vòng lặp: Successfully generated 48 arrows!
Giảm độ dài từ 17...
Độ dài vòng tiếp theo: 12

========================================
--- BẮT ĐẦU VÒNG LẶP (Length = 12) ---
Ô đã chiếm: 681 / Ô còn trống: 194
Đề xuất tạo 16 mũi tên cho vòng lặp này...
Generating level in painted area... (This will be slow)
Trying to generate arrow 1/16...
Trying to generate arrow 2/16...
Trying to generate arrow 3/16...
Trying to generate arrow 4/16...
Trying to generate arrow 5/16...
Trying to generate arrow 6/16...
Trying to generate arrow 7/16...
Trying to generate arrow 8/16...
Could not find valid arrow 8. Stopping.
Successfully generated 7 arrows!
Kết quả vòng lặp: Successfully generated 7 arrows!
Giảm độ dài từ 12...
Độ dài vòng tiếp theo: 7

========================================
--- BẮT ĐẦU VÒNG LẶP (Length = 7) ---
Ô đã chiếm: 734 / Ô còn trống: 141
Đề xuất tạo 20 mũi tên cho vòng lặp này...
Generating level in painted area... (This will be slow)
Trying to generate arrow 1/20...
Trying to generate arrow 2/20...
Trying to generate arrow 3/20...
Trying to generate arrow 4/20...
Trying to generate arrow 5/20...
Trying to generate arrow 6/20...
Trying to generate arrow 7/20...
Trying to generate arrow 8/20...
Trying to generate arrow 9/20...
Trying to generate arrow 10/20...
Trying to generate arrow 11/20...
Trying to generate arrow 12/20...
Trying to generate arrow 13/20...
Trying to generate arrow 14/20...
Trying to generate arrow 15/20...
Trying to generate arrow 16/20...
Trying to generate arrow 17/20...
Could not find valid arrow 17. Stopping.
Successfully generated 16 arrows!
Kết quả vòng lặp: Successfully generated 16 arrows!
Giảm độ dài từ 7...
Độ dài vòng tiếp theo: 5

========================================
--- BẮT ĐẦU VÒNG LẶP (Length = 5) ---
Ô đã chiếm: 794 / Ô còn trống: 81
Đề xuất tạo 16 mũi tên cho vòng lặp này...
Generating level in painted area... (This will be slow)
Trying to generate arrow 1/16...
Trying to generate arrow 2/16...
Trying to generate arrow 3/16...
Trying to generate arrow 4/16...
Trying to generate arrow 5/16...
Trying to generate arrow 6/16...
Trying to generate arrow 7/16...
Trying to generate arrow 8/16...
Trying to generate arrow 9/16...
Trying to generate arrow 10/16...
Trying to generate arrow 11/16...
Trying to generate arrow 12/16...
Trying to generate arrow 13/16...
Trying to generate arrow 14/16...
Trying to generate arrow 15/16...
Trying to generate arrow 16/16...
Successfully generated 16 arrows!
Kết quả vòng lặp: Successfully generated 16 arrows!
Tiếp tục lặp lại ở độ dài tối thiểu (5)...

========================================
--- BẮT ĐẦU VÒNG LẶP (Length = 5) ---
Ô đã chiếm: 826 / Ô còn trống: 49
Đề xuất tạo 10 mũi tên cho vòng lặp này...
Generating level in painted area... (This will be slow)
Trying to generate arrow 1/10...
Trying to generate arrow 2/10...
Trying to generate arrow 3/10...
Trying to generate arrow 4/10...
Trying to generate arrow 5/10...
Trying to generate arrow 6/10...
Could not find valid arrow 6. Stopping.
Successfully generated 5 arrows!
Kết quả vòng lặp: Successfully generated 5 arrows!
Tiếp tục lặp lại ở độ dài tối thiểu (5)...

========================================
--- BẮT ĐẦU VÒNG LẶP (Length = 5) ---
Ô đã chiếm: 836 / Ô còn trống: 39
Đề xuất tạo 8 mũi tên cho vòng lặp này...
Generating level in painted area... (This will be slow)
Trying to generate arrow 1/8...
Could not find valid arrow 1. Stopping.
Kết quả vòng lặp: Generation complete, but 0 valid arrows found. Try again.
Không thể tạo thêm mũi tên ở độ dài này.
Đã đạt độ dài tối thiểu và không thể tạo thêm. Dừng.

========================================
--- ĐÃ HOÀN TẤT TẤT CẢ CÁC VÒNG LẶP ---
Tổng cộng đã tạo: 92 mũi tên.
Đã lấp đầy 836 / 875 ô (95.5%)
--- Đang lưu kết quả ra: level_set/level_set_3/2_result_test/23.json ---
Đã lưu thành công level 25x35 với 92 mũi tên.
--- Bản đồ kết quả (ASCII) ---
                           
 #####.^##^##.^########### 
 ##########v####^######### 
 ##########.^#########.### 
 #####v###############^##. 
 #>#########^############> 
 ####################>##>. 
 #>#####..#######.#######> 
 #>##>.##>###>#>####.##^#^ 
 ###.####.#<######>#^##### 
 ######^###<##v########### 
 <#<####.#####.###^####### 
 ###.##.##############>.## 
 #.#<###^.<#####<#####.### 
 ########^.###<#.######### 
 .##########.#.#####<####^ 
 <#<########<#.########### 
 ######################### 
 ########.^<#^##.#####^### 
 ###>##########.####^####> 
 <#######################^ 
 <#####<################## 
 #####>##########>.###^### 
 #####.<################## 
 ########.#######>###>###> 
 ^#####v#########^v###>### 
 ###################^##### 
 #>#####.################^ 
 ####>#>^#####v####^###### 
 ##v#.#.#####>#>########## 
 ########v##>.#####^#####v 
 ########>###########>#### 
 ##>################.##### 
 #################v#####># 
 ##.#####v###v###^######## 
 v#####################>#v 
                           
--- Đang render: 23 (25x35) ---
✅ Đã lưu hình ảnh vào: level_set/level_set_3/3_render/23.png
3 pentagon.png 25
args: Args(level_set_path=PosixPath('level_set/level_set_3'), start_length=17, length_step=5, min_length=5, size=(25, 25), turn_probability=0.75, straight_weight=2, left_weight=0.5, right_weight=0.5, max_turns=30, generate_mode='basic', csv_path=PosixPath('level_set/level_set_3/[Data] levels - test dataframe.csv'), csv=    level_name    template_name  ...  size_y  is_icon
0           21     pentagon.png  ...      25      NaN
1           22         star.png  ...      25      NaN
2           23       square.png  ...      35      NaN
3           24     pentagon.png  ...      25      NaN
4           25  AIR BALLOON.png  ...      25        *
5           26       square.png  ...      25      NaN
6           27       circle.png  ...      30      NaN
7           28      hexagon.png  ...      30      NaN
8           29       square.png  ...      40      NaN
9           30         BODY.png  ...      25        *
10          31       circle.png  ...      30      NaN
11          32     pentagon.png  ...      30      NaN
12          33       square.png  ...      40      NaN
13          34         star.png  ...      30      NaN
14          35        CHESS.png  ...      30        *
15          36      hexagon.png  ...      25      NaN
16          37       square.png  ...      30      NaN
17          38       circle.png  ...      30      NaN
18          39       square.png  ...      45      NaN
19          40   CRUSTACEAN.png  ...      30        *
20          41     pentagon.png  ...      30      NaN
21          42         star.png  ...      30      NaN
22          43        rectangle  ...      45      NaN
23          44     pentagon.png  ...      35      NaN
24          45  FLAT SHAPES.png  ...      30        *
25          46         star.png  ...      30      NaN
26          47       circle.png  ...      35      NaN
27          48      hexagon.png  ...      35      NaN
28          49        rectangle  ...      45      NaN
29          50        HOUSE.png  ...      30        *
30          51       circle.png  ...      30      NaN
31          52     pentagon.png  ...      35      NaN
32          53        rectangle  ...      40      NaN
33          54       square.png  ...      35      NaN
34          55        PLANE.png  ...      30        *
35          56      hexagon.png  ...      35      NaN
36          57       square.png  ...      40      NaN
37          58       circle.png  ...      35      NaN
38          59        rectangle  ...      45      NaN
39          60       SPIDER.png  ...      35        *

[40 rows x 8 columns], item_path='level_set/level_set_3/1_0_original_icons/pentagon.png', item_name='pentagon.png', alter_item_name='24')
Đang xử lý: 'level_set/level_set_3/1_0_original_icons/pentagon.png' (Kích thước gốc: (250, 250))
==> Đã lưu vào: 'level_set/level_set_3/1_1_icons/pentagon.png' (Kích thước mới: (25, 25))
Đã tải ảnh 'level_set/level_set_3/1_1_icons/pentagon.png' (Kích thước: 25x25)
Sử dụng ngưỡng Alpha: 128
Hoàn thành! Đã lưu board vào 'level_set/level_set_3/1_board_test/24'.
--- Đang tải board từ: level_set/level_set_3/1_board_test/24 ---
Đã tải thành công 412 ô 'editable'.
Tổng số ô có thể vẽ: 412

========================================
--- BẮT ĐẦU VÒNG LẶP (Length = 17) ---
Ô đã chiếm: 0 / Ô còn trống: 412
Đề xuất tạo 24 mũi tên cho vòng lặp này...
Generating level in painted area... (This will be slow)
Trying to generate arrow 1/24...
Trying to generate arrow 2/24...
Trying to generate arrow 3/24...
Trying to generate arrow 4/24...
Trying to generate arrow 5/24...
Trying to generate arrow 6/24...
Trying to generate arrow 7/24...
Trying to generate arrow 8/24...
Trying to generate arrow 9/24...
Trying to generate arrow 10/24...
Trying to generate arrow 11/24...
Trying to generate arrow 12/24...
Trying to generate arrow 13/24...
Trying to generate arrow 14/24...
Trying to generate arrow 15/24...
Trying to generate arrow 16/24...
Trying to generate arrow 17/24...
Trying to generate arrow 18/24...
Trying to generate arrow 19/24...
Trying to generate arrow 20/24...
Trying to generate arrow 21/24...
Trying to generate arrow 22/24...
Trying to generate arrow 23/24...
Trying to generate arrow 24/24...
Successfully generated 24 arrows!
Kết quả vòng lặp: Successfully generated 24 arrows!
Giảm độ dài từ 17...
Độ dài vòng tiếp theo: 12

========================================
--- BẮT ĐẦU VÒNG LẶP (Length = 12) ---
Ô đã chiếm: 323 / Ô còn trống: 89
Đề xuất tạo 7 mũi tên cho vòng lặp này...
Generating level in painted area... (This will be slow)
Trying to generate arrow 1/7...
Trying to generate arrow 2/7...
Trying to generate arrow 3/7...
Could not find valid arrow 3. Stopping.
Successfully generated 2 arrows!
Kết quả vòng lặp: Successfully generated 2 arrows!
Giảm độ dài từ 12...
Độ dài vòng tiếp theo: 7

========================================
--- BẮT ĐẦU VÒNG LẶP (Length = 7) ---
Ô đã chiếm: 340 / Ô còn trống: 72
Đề xuất tạo 10 mũi tên cho vòng lặp này...
Generating level in painted area... (This will be slow)
Trying to generate arrow 1/10...
Trying to generate arrow 2/10...
Trying to generate arrow 3/10...
Trying to generate arrow 4/10...
Trying to generate arrow 5/10...
Trying to generate arrow 6/10...
Trying to generate arrow 7/10...
Trying to generate arrow 8/10...
Trying to generate arrow 9/10...
Could not find valid arrow 9. Stopping.
Successfully generated 8 arrows!
Kết quả vòng lặp: Successfully generated 8 arrows!
Giảm độ dài từ 7...
Độ dài vòng tiếp theo: 5

========================================
--- BẮT ĐẦU VÒNG LẶP (Length = 5) ---
Ô đã chiếm: 370 / Ô còn trống: 42
Đề xuất tạo 8 mũi tên cho vòng lặp này...
Generating level in painted area... (This will be slow)
Trying to generate arrow 1/8...
Trying to generate arrow 2/8...
Trying to generate arrow 3/8...
Trying to generate arrow 4/8...
Trying to generate arrow 5/8...
Trying to generate arrow 6/8...
Trying to generate arrow 7/8...
Trying to generate arrow 8/8...
Successfully generated 8 arrows!
Kết quả vòng lặp: Successfully generated 8 arrows!
Tiếp tục lặp lại ở độ dài tối thiểu (5)...

========================================
--- BẮT ĐẦU VÒNG LẶP (Length = 5) ---
Ô đã chiếm: 386 / Ô còn trống: 26
Đề xuất tạo 5 mũi tên cho vòng lặp này...
Generating level in painted area... (This will be slow)
Trying to generate arrow 1/5...
Could not find valid arrow 1. Stopping.
Kết quả vòng lặp: Generation complete, but 0 valid arrows found. Try again.
Không thể tạo thêm mũi tên ở độ dài này.
Đã đạt độ dài tối thiểu và không thể tạo thêm. Dừng.

========================================
--- ĐÃ HOÀN TẤT TẤT CẢ CÁC VÒNG LẶP ---
Tổng cộng đã tạo: 42 mũi tên.
Đã lấp đầy 386 / 412 ô (93.7%)
--- Đang lưu kết quả ra: level_set/level_set_3/2_result_test/24.json ---
Đã lưu thành công level 25x23 với 42 mũi tên.
--- Bản đồ kết quả (ASCII) ---
                           
             .             
            ##>            
          <#####>          
         #########         
        <##########        
      #######.^######      
     ########^######^.     
   .<#############^#####   
  ###^^<##############.##  
 #######.^^##v############ 
 v^########v##>########### 
  #<############<##.#####  
  ####.##v#####<#####.^.#  
  .###^##.########.######  
   #############.######>   
   #####^######.<#######   
   .###########>#######v   
    ####<##############    
    ########v<#<####<##    
    ###########.####.##    
     ###.##.v######^^.     
     ##.########.#####     
     v###.############     
      .##>.v#####>###      
                           
--- Đang render: 24 (25x23) ---
✅ Đã lưu hình ảnh vào: level_set/level_set_3/3_render/24.png
4 AIR BALLOON.png 25
args: Args(level_set_path=PosixPath('level_set/level_set_3'), start_length=17, length_step=5, min_length=5, size=(25, 25), turn_probability=0.75, straight_weight=2, left_weight=0.5, right_weight=0.5, max_turns=30, generate_mode='basic', csv_path=PosixPath('level_set/level_set_3/[Data] levels - test dataframe.csv'), csv=    level_name    template_name  ...  size_y  is_icon
0           21     pentagon.png  ...      25      NaN
1           22         star.png  ...      25      NaN
2           23       square.png  ...      35      NaN
3           24     pentagon.png  ...      25      NaN
4           25  AIR BALLOON.png  ...      25        *
5           26       square.png  ...      25      NaN
6           27       circle.png  ...      30      NaN
7           28      hexagon.png  ...      30      NaN
8           29       square.png  ...      40      NaN
9           30         BODY.png  ...      25        *
10          31       circle.png  ...      30      NaN
11          32     pentagon.png  ...      30      NaN
12          33       square.png  ...      40      NaN
13          34         star.png  ...      30      NaN
14          35        CHESS.png  ...      30        *
15          36      hexagon.png  ...      25      NaN
16          37       square.png  ...      30      NaN
17          38       circle.png  ...      30      NaN
18          39       square.png  ...      45      NaN
19          40   CRUSTACEAN.png  ...      30        *
20          41     pentagon.png  ...      30      NaN
21          42         star.png  ...      30      NaN
22          43        rectangle  ...      45      NaN
23          44     pentagon.png  ...      35      NaN
24          45  FLAT SHAPES.png  ...      30        *
25          46         star.png  ...      30      NaN
26          47       circle.png  ...      35      NaN
27          48      hexagon.png  ...      35      NaN
28          49        rectangle  ...      45      NaN
29          50        HOUSE.png  ...      30        *
30          51       circle.png  ...      30      NaN
31          52     pentagon.png  ...      35      NaN
32          53        rectangle  ...      40      NaN
33          54       square.png  ...      35      NaN
34          55        PLANE.png  ...      30        *
35          56      hexagon.png  ...      35      NaN
36          57       square.png  ...      40      NaN
37          58       circle.png  ...      35      NaN
38          59        rectangle  ...      45      NaN
39          60       SPIDER.png  ...      35        *

[40 rows x 8 columns], item_path='level_set/level_set_3/1_0_original_icons/AIR BALLOON.png', item_name='AIR BALLOON.png', alter_item_name='25')
Đang xử lý: 'level_set/level_set_3/1_0_original_icons/AIR BALLOON.png' (Kích thước gốc: (193, 256))
==> Đã lưu vào: 'level_set/level_set_3/1_1_icons/AIR BALLOON.png' (Kích thước mới: (25, 25))
Đã tải ảnh 'level_set/level_set_3/1_1_icons/AIR BALLOON.png' (Kích thước: 25x25)
Sử dụng ngưỡng Alpha: 128
Hoàn thành! Đã lưu board vào 'level_set/level_set_3/1_board_test/25'.
--- Đang tải board từ: level_set/level_set_3/1_board_test/25 ---
Đã tải thành công 357 ô 'editable'.
Tổng số ô có thể vẽ: 357

========================================
--- BẮT ĐẦU VÒNG LẶP (Length = 17) ---
Ô đã chiếm: 0 / Ô còn trống: 357
Đề xuất tạo 21 mũi tên cho vòng lặp này...
Generating level in painted area... (This will be slow)
Trying to generate arrow 1/21...
Trying to generate arrow 2/21...
Trying to generate arrow 3/21...
Trying to generate arrow 4/21...
Trying to generate arrow 5/21...
Trying to generate arrow 6/21...
Trying to generate arrow 7/21...
Trying to generate arrow 8/21...
Trying to generate arrow 9/21...
Trying to generate arrow 10/21...
Trying to generate arrow 11/21...
Trying to generate arrow 12/21...
Trying to generate arrow 13/21...
Trying to generate arrow 14/21...
Trying to generate arrow 15/21...
Trying to generate arrow 16/21...
Trying to generate arrow 17/21...
Trying to generate arrow 18/21...
Trying to generate arrow 19/21...
Trying to generate arrow 20/21...
Trying to generate arrow 21/21...
Successfully generated 21 arrows!
Kết quả vòng lặp: Successfully generated 21 arrows!
Giảm độ dài từ 17...
Độ dài vòng tiếp theo: 12

========================================
--- BẮT ĐẦU VÒNG LẶP (Length = 12) ---
Ô đã chiếm: 263 / Ô còn trống: 94
Đề xuất tạo 8 mũi tên cho vòng lặp này...
Generating level in painted area... (This will be slow)
Trying to generate arrow 1/8...
Trying to generate arrow 2/8...
Trying to generate arrow 3/8...
Trying to generate arrow 4/8...
Trying to generate arrow 5/8...
Trying to generate arrow 6/8...
Trying to generate arrow 7/8...
Could not find valid arrow 7. Stopping.
Successfully generated 6 arrows!
Kết quả vòng lặp: Successfully generated 6 arrows!
Giảm độ dài từ 12...
Độ dài vòng tiếp theo: 7

========================================
--- BẮT ĐẦU VÒNG LẶP (Length = 7) ---
Ô đã chiếm: 305 / Ô còn trống: 52
Đề xuất tạo 7 mũi tên cho vòng lặp này...
Generating level in painted area... (This will be slow)
Trying to generate arrow 1/7...
Trying to generate arrow 2/7...
Trying to generate arrow 3/7...
Trying to generate arrow 4/7...
Trying to generate arrow 5/7...
Trying to generate arrow 6/7...
Could not find valid arrow 6. Stopping.
Successfully generated 5 arrows!
Kết quả vòng lặp: Successfully generated 5 arrows!
Giảm độ dài từ 7...
Độ dài vòng tiếp theo: 5

========================================
--- BẮT ĐẦU VÒNG LẶP (Length = 5) ---
Ô đã chiếm: 327 / Ô còn trống: 30
Đề xuất tạo 6 mũi tên cho vòng lặp này...
Generating level in painted area... (This will be slow)
Trying to generate arrow 1/6...
Trying to generate arrow 2/6...
Trying to generate arrow 3/6...
Trying to generate arrow 4/6...
Trying to generate arrow 5/6...
Could not find valid arrow 5. Stopping.
Successfully generated 4 arrows!
Kết quả vòng lặp: Successfully generated 4 arrows!
Tiếp tục lặp lại ở độ dài tối thiểu (5)...

========================================
--- BẮT ĐẦU VÒNG LẶP (Length = 5) ---
Ô đã chiếm: 335 / Ô còn trống: 22
Đề xuất tạo 4 mũi tên cho vòng lặp này...
Generating level in painted area... (This will be slow)
Trying to generate arrow 1/4...
Could not find valid arrow 1. Stopping.
Kết quả vòng lặp: Generation complete, but 0 valid arrows found. Try again.
Không thể tạo thêm mũi tên ở độ dài này.
Đã đạt độ dài tối thiểu và không thể tạo thêm. Dừng.

========================================
--- ĐÃ HOÀN TẤT TẤT CẢ CÁC VÒNG LẶP ---
Tổng cộng đã tạo: 36 mũi tên.
Đã lấp đầy 335 / 357 ô (93.8%)
--- Đang lưu kết quả ra: level_set/level_set_3/2_result_test/25.json ---
Đã lưu thành công level 23x25 với 36 mũi tên.
--- Bản đồ kết quả (ASCII) ---
                         
           .###          
      ####>^#######      
    #####<######.###>    
   <###################  
  ##^##########v#####.## 
 ####v#######v##<####>## 
 ###################.### 
 ##v#v########v######### 
 ####.<##########.###### 
 #########.##########<## 
  ##################v##. 
  v####.####v##<##.####  
   .##########v#######>  
    #>###.###########>   
     .#>############.    
      ###v#>##.#v##.     
       v###.####.##      
        ####>#####       
        ######>#>        
         #      .        
         v     #         
          .    #         
         .<##>##.        
          #####          
          ####>          
                         
--- Đang render: 25 (23x25) ---
✅ Đã lưu hình ảnh vào: level_set/level_set_3/3_render/25.png
5 square.png 25
args: Args(level_set_path=PosixPath('level_set/level_set_3'), start_length=17, length_step=5, min_length=5, size=(25, 25), turn_probability=0.75, straight_weight=2, left_weight=0.5, right_weight=0.5, max_turns=30, generate_mode='basic', csv_path=PosixPath('level_set/level_set_3/[Data] levels - test dataframe.csv'), csv=    level_name    template_name  ...  size_y  is_icon
0           21     pentagon.png  ...      25      NaN
1           22         star.png  ...      25      NaN
2           23       square.png  ...      35      NaN
3           24     pentagon.png  ...      25      NaN
4           25  AIR BALLOON.png  ...      25        *
5           26       square.png  ...      25      NaN
6           27       circle.png  ...      30      NaN
7           28      hexagon.png  ...      30      NaN
8           29       square.png  ...      40      NaN
9           30         BODY.png  ...      25        *
10          31       circle.png  ...      30      NaN
11          32     pentagon.png  ...      30      NaN
12          33       square.png  ...      40      NaN
13          34         star.png  ...      30      NaN
14          35        CHESS.png  ...      30        *
15          36      hexagon.png  ...      25      NaN
16          37       square.png  ...      30      NaN
17          38       circle.png  ...      30      NaN
18          39       square.png  ...      45      NaN
19          40   CRUSTACEAN.png  ...      30        *
20          41     pentagon.png  ...      30      NaN
21          42         star.png  ...      30      NaN
22          43        rectangle  ...      45      NaN
23          44     pentagon.png  ...      35      NaN
24          45  FLAT SHAPES.png  ...      30        *
25          46         star.png  ...      30      NaN
26          47       circle.png  ...      35      NaN
27          48      hexagon.png  ...      35      NaN
28          49        rectangle  ...      45      NaN
29          50        HOUSE.png  ...      30        *
30          51       circle.png  ...      30      NaN
31          52     pentagon.png  ...      35      NaN
32          53        rectangle  ...      40      NaN
33          54       square.png  ...      35      NaN
34          55        PLANE.png  ...      30        *
35          56      hexagon.png  ...      35      NaN
36          57       square.png  ...      40      NaN
37          58       circle.png  ...      35      NaN
38          59        rectangle  ...      45      NaN
39          60       SPIDER.png  ...      35        *

[40 rows x 8 columns], item_path='level_set/level_set_3/1_0_original_icons/square.png', item_name='square.png', alter_item_name='26')
Đang xử lý: 'level_set/level_set_3/1_0_original_icons/square.png' (Kích thước gốc: (250, 250))
==> Đã lưu vào: 'level_set/level_set_3/1_1_icons/square.png' (Kích thước mới: (25, 25))
Đã tải ảnh 'level_set/level_set_3/1_1_icons/square.png' (Kích thước: 25x25)
Sử dụng ngưỡng Alpha: 128
Hoàn thành! Đã lưu board vào 'level_set/level_set_3/1_board_test/26'.
--- Đang tải board từ: level_set/level_set_3/1_board_test/26 ---
Đã tải thành công 625 ô 'editable'.
Tổng số ô có thể vẽ: 625

========================================
--- BẮT ĐẦU VÒNG LẶP (Length = 17) ---
Ô đã chiếm: 0 / Ô còn trống: 625
Đề xuất tạo 37 mũi tên cho vòng lặp này...
Generating level in painted area... (This will be slow)
Trying to generate arrow 1/37...
Trying to generate arrow 2/37...
Trying to generate arrow 3/37...
Trying to generate arrow 4/37...
Trying to generate arrow 5/37...
Trying to generate arrow 6/37...
Trying to generate arrow 7/37...
Trying to generate arrow 8/37...
Trying to generate arrow 9/37...
Trying to generate arrow 10/37...
Trying to generate arrow 11/37...
Trying to generate arrow 12/37...
Trying to generate arrow 13/37...
Trying to generate arrow 14/37...
Trying to generate arrow 15/37...
Trying to generate arrow 16/37...
Trying to generate arrow 17/37...
Trying to generate arrow 18/37...
Trying to generate arrow 19/37...
Trying to generate arrow 20/37...
Trying to generate arrow 21/37...
Trying to generate arrow 22/37...
Trying to generate arrow 23/37...
Trying to generate arrow 24/37...
Trying to generate arrow 25/37...
Trying to generate arrow 26/37...
Trying to generate arrow 27/37...
Trying to generate arrow 28/37...
Trying to generate arrow 29/37...
Trying to generate arrow 30/37...
Trying to generate arrow 31/37...
Trying to generate arrow 32/37...
Trying to generate arrow 33/37...
Trying to generate arrow 34/37...
Trying to generate arrow 35/37...
Trying to generate arrow 36/37...
Could not find valid arrow 36. Stopping.
Successfully generated 35 arrows!
Kết quả vòng lặp: Successfully generated 35 arrows!
Giảm độ dài từ 17...
Độ dài vòng tiếp theo: 12

========================================
--- BẮT ĐẦU VÒNG LẶP (Length = 12) ---
Ô đã chiếm: 488 / Ô còn trống: 137
Đề xuất tạo 11 mũi tên cho vòng lặp này...
Generating level in painted area... (This will be slow)
Trying to generate arrow 1/11...
Trying to generate arrow 2/11...
Trying to generate arrow 3/11...
Trying to generate arrow 4/11...
Could not find valid arrow 4. Stopping.
Successfully generated 3 arrows!
Kết quả vòng lặp: Successfully generated 3 arrows!
Giảm độ dài từ 12...
Độ dài vòng tiếp theo: 7

========================================
--- BẮT ĐẦU VÒNG LẶP (Length = 7) ---
Ô đã chiếm: 507 / Ô còn trống: 118
Đề xuất tạo 17 mũi tên cho vòng lặp này...
Generating level in painted area... (This will be slow)
Trying to generate arrow 1/17...
Trying to generate arrow 2/17...
Trying to generate arrow 3/17...
Trying to generate arrow 4/17...
Trying to generate arrow 5/17...
Trying to generate arrow 6/17...
Trying to generate arrow 7/17...
Trying to generate arrow 8/17...
Trying to generate arrow 9/17...
Trying to generate arrow 10/17...
Trying to generate arrow 11/17...
Trying to generate arrow 12/17...
Trying to generate arrow 13/17...
Trying to generate arrow 14/17...
Trying to generate arrow 15/17...
Trying to generate arrow 16/17...
Trying to generate arrow 17/17...
Successfully generated 17 arrows!
Kết quả vòng lặp: Successfully generated 17 arrows!
Giảm độ dài từ 7...
Độ dài vòng tiếp theo: 5

========================================
--- BẮT ĐẦU VÒNG LẶP (Length = 5) ---
Ô đã chiếm: 566 / Ô còn trống: 59
Đề xuất tạo 12 mũi tên cho vòng lặp này...
Generating level in painted area... (This will be slow)
Trying to generate arrow 1/12...
Trying to generate arrow 2/12...
Trying to generate arrow 3/12...
Trying to generate arrow 4/12...
Trying to generate arrow 5/12...
Trying to generate arrow 6/12...
Trying to generate arrow 7/12...
Trying to generate arrow 8/12...
Trying to generate arrow 9/12...
Trying to generate arrow 10/12...
Trying to generate arrow 11/12...
Trying to generate arrow 12/12...
Successfully generated 12 arrows!
Kết quả vòng lặp: Successfully generated 12 arrows!
Tiếp tục lặp lại ở độ dài tối thiểu (5)...

========================================
--- BẮT ĐẦU VÒNG LẶP (Length = 5) ---
Ô đã chiếm: 593 / Ô còn trống: 32
Đề xuất tạo 6 mũi tên cho vòng lặp này...
Generating level in painted area... (This will be slow)
Trying to generate arrow 1/6...
Trying to generate arrow 2/6...
Could not find valid arrow 2. Stopping.
Successfully generated 1 arrows!
Kết quả vòng lặp: Successfully generated 1 arrows!
Tiếp tục lặp lại ở độ dài tối thiểu (5)...

========================================
--- BẮT ĐẦU VÒNG LẶP (Length = 5) ---
Ô đã chiếm: 595 / Ô còn trống: 30
Đề xuất tạo 6 mũi tên cho vòng lặp này...
Generating level in painted area... (This will be slow)
Trying to generate arrow 1/6...
Could not find valid arrow 1. Stopping.
Kết quả vòng lặp: Generation complete, but 0 valid arrows found. Try again.
Không thể tạo thêm mũi tên ở độ dài này.
Đã đạt độ dài tối thiểu và không thể tạo thêm. Dừng.

========================================
--- ĐÃ HOÀN TẤT TẤT CẢ CÁC VÒNG LẶP ---
Tổng cộng đã tạo: 68 mũi tên.
Đã lấp đầy 595 / 625 ô (95.2%)
--- Đang lưu kết quả ra: level_set/level_set_3/2_result_test/26.json ---
Đã lưu thành công level 25x25 với 68 mũi tên.
--- Bản đồ kết quả (ASCII) ---
                           
 ^.###.<##^###<##<######## 
 #^###################>### 
 ####<####.##.###########> 
 #<#.#####^########^#####> 
 ###>####>#^#############^ 
 ###^########.#######>.### 
 #######^################# 
 ##########<############## 
 ############^#v####.##v## 
 #########<######<######## 
 <###>#>^##############.## 
 ##############.#####>#### 
 #<###.####v#^############ 
 ###############>v###.^##v 
 ##.#####^#v.###########>. 
 ##########.#####vv####### 
 ##>#####.####.###.####>## 
 ####.######.###########v# 
 #>##############.##.##### 
 <#<####################<# 
 ###.<######.#####>##.#### 
 #.###<#<#^#<##.v##v###<## 
 ##############<########># 
 v###vv####v############## 
 .###<#####.#######v<##### 
                           
--- Đang render: 26 (25x25) ---
✅ Đã lưu hình ảnh vào: level_set/level_set_3/3_render/26.png
6 circle.png 30
args: Args(level_set_path=PosixPath('level_set/level_set_3'), start_length=17, length_step=5, min_length=5, size=(30, 30), turn_probability=0.75, straight_weight=2, left_weight=0.5, right_weight=0.5, max_turns=30, generate_mode='advance', csv_path=PosixPath('level_set/level_set_3/[Data] levels - test dataframe.csv'), csv=    level_name    template_name  ...  size_y  is_icon
0           21     pentagon.png  ...      25      NaN
1           22         star.png  ...      25      NaN
2           23       square.png  ...      35      NaN
3           24     pentagon.png  ...      25      NaN
4           25  AIR BALLOON.png  ...      25        *
5           26       square.png  ...      25      NaN
6           27       circle.png  ...      30      NaN
7           28      hexagon.png  ...      30      NaN
8           29       square.png  ...      40      NaN
9           30         BODY.png  ...      25        *
10          31       circle.png  ...      30      NaN
11          32     pentagon.png  ...      30      NaN
12          33       square.png  ...      40      NaN
13          34         star.png  ...      30      NaN
14          35        CHESS.png  ...      30        *
15          36      hexagon.png  ...      25      NaN
16          37       square.png  ...      30      NaN
17          38       circle.png  ...      30      NaN
18          39       square.png  ...      45      NaN
19          40   CRUSTACEAN.png  ...      30        *
20          41     pentagon.png  ...      30      NaN
21          42         star.png  ...      30      NaN
22          43        rectangle  ...      45      NaN
23          44     pentagon.png  ...      35      NaN
24          45  FLAT SHAPES.png  ...      30        *
25          46         star.png  ...      30      NaN
26          47       circle.png  ...      35      NaN
27          48      hexagon.png  ...      35      NaN
28          49        rectangle  ...      45      NaN
29          50        HOUSE.png  ...      30        *
30          51       circle.png  ...      30      NaN
31          52     pentagon.png  ...      35      NaN
32          53        rectangle  ...      40      NaN
33          54       square.png  ...      35      NaN
34          55        PLANE.png  ...      30        *
35          56      hexagon.png  ...      35      NaN
36          57       square.png  ...      40      NaN
37          58       circle.png  ...      35      NaN
38          59        rectangle  ...      45      NaN
39          60       SPIDER.png  ...      35        *

[40 rows x 8 columns], item_path='level_set/level_set_3/1_0_original_icons/circle.png', item_name='circle.png', alter_item_name='27')
Đang xử lý: 'level_set/level_set_3/1_0_original_icons/circle.png' (Kích thước gốc: (250, 250))
==> Đã lưu vào: 'level_set/level_set_3/1_1_icons/circle.png' (Kích thước mới: (30, 30))
Đã tải ảnh 'level_set/level_set_3/1_1_icons/circle.png' (Kích thước: 30x30)
Sử dụng ngưỡng Alpha: 128
Hoàn thành! Đã lưu board vào 'level_set/level_set_3/1_board_test/27'.
--- Đang tải board từ: level_set/level_set_3/1_board_test/27 ---
Đã tải thành công 716 ô 'editable'.
Tổng số ô có thể vẽ: 716

========================================
--- BẮT ĐẦU VÒNG LẶP (Length = 17) ---
Ô đã chiếm: 0 / Ô còn trống: 716
Đề xuất tạo 42 mũi tên cho vòng lặp này...
Generating ADVANCED level in painted area... (This will be slow)
Trying to generate (adv) arrow 1/42...
Trying to generate (adv) arrow 2/42...
Trying to generate (adv) arrow 3/42...
Trying to generate (adv) arrow 4/42...
Trying to generate (adv) arrow 5/42...
Trying to generate (adv) arrow 6/42...
Trying to generate (adv) arrow 7/42...
Trying to generate (adv) arrow 8/42...
Trying to generate (adv) arrow 9/42...
Trying to generate (adv) arrow 10/42...
Trying to generate (adv) arrow 11/42...
Trying to generate (adv) arrow 12/42...
Trying to generate (adv) arrow 13/42...
Trying to generate (adv) arrow 14/42...
Trying to generate (adv) arrow 15/42...
Trying to generate (adv) arrow 16/42...
Trying to generate (adv) arrow 17/42...
Trying to generate (adv) arrow 18/42...
Trying to generate (adv) arrow 19/42...
Trying to generate (adv) arrow 20/42...
Trying to generate (adv) arrow 21/42...
Trying to generate (adv) arrow 22/42...
Trying to generate (adv) arrow 23/42...
Trying to generate (adv) arrow 24/42...
Trying to generate (adv) arrow 25/42...
Trying to generate (adv) arrow 26/42...
Trying to generate (adv) arrow 27/42...
Trying to generate (adv) arrow 28/42...
Trying to generate (adv) arrow 29/42...
Trying to generate (adv) arrow 30/42...
Trying to generate (adv) arrow 31/42...
Trying to generate (adv) arrow 32/42...
Trying to generate (adv) arrow 33/42...
Trying to generate (adv) arrow 34/42...
Trying to generate (adv) arrow 35/42...
Trying to generate (adv) arrow 36/42...
Trying to generate (adv) arrow 37/42...
Trying to generate (adv) arrow 38/42...
Trying to generate (adv) arrow 39/42...
Trying to generate (adv) arrow 40/42...
Trying to generate (adv) arrow 41/42...
Trying to generate (adv) arrow 42/42...
Successfully generated 42 arrows!
Kết quả vòng lặp: Successfully generated 42 arrows!
Giảm độ dài từ 17...
Độ dài vòng tiếp theo: 12

========================================
--- BẮT ĐẦU VÒNG LẶP (Length = 12) ---
Ô đã chiếm: 576 / Ô còn trống: 140
Đề xuất tạo 12 mũi tên cho vòng lặp này...
Generating ADVANCED level in painted area... (This will be slow)
Trying to generate (adv) arrow 1/12...
Trying to generate (adv) arrow 2/12...
Trying to generate (adv) arrow 3/12...
Trying to generate (adv) arrow 4/12...
Could not find valid arrow 4. Stopping.
Successfully generated 3 arrows!
Kết quả vòng lặp: Successfully generated 3 arrows!
Giảm độ dài từ 12...
Độ dài vòng tiếp theo: 7

========================================
--- BẮT ĐẦU VÒNG LẶP (Length = 7) ---
Ô đã chiếm: 596 / Ô còn trống: 120
Đề xuất tạo 17 mũi tên cho vòng lặp này...
Generating ADVANCED level in painted area... (This will be slow)
Trying to generate (adv) arrow 1/17...
Trying to generate (adv) arrow 2/17...
Trying to generate (adv) arrow 3/17...
Trying to generate (adv) arrow 4/17...
Trying to generate (adv) arrow 5/17...
Trying to generate (adv) arrow 6/17...
Trying to generate (adv) arrow 7/17...
Trying to generate (adv) arrow 8/17...
Trying to generate (adv) arrow 9/17...
Trying to generate (adv) arrow 10/17...
Trying to generate (adv) arrow 11/17...
Trying to generate (adv) arrow 12/17...
Trying to generate (adv) arrow 13/17...
Trying to generate (adv) arrow 14/17...
Trying to generate (adv) arrow 15/17...
Trying to generate (adv) arrow 16/17...
Trying to generate (adv) arrow 17/17...
Successfully generated 17 arrows!
Kết quả vòng lặp: Successfully generated 17 arrows!
Giảm độ dài từ 7...
Độ dài vòng tiếp theo: 5

========================================
--- BẮT ĐẦU VÒNG LẶP (Length = 5) ---
Ô đã chiếm: 660 / Ô còn trống: 56
Đề xuất tạo 11 mũi tên cho vòng lặp này...
Generating ADVANCED level in painted area... (This will be slow)
Trying to generate (adv) arrow 1/11...
Trying to generate (adv) arrow 2/11...
Trying to generate (adv) arrow 3/11...
Trying to generate (adv) arrow 4/11...
Trying to generate (adv) arrow 5/11...
Trying to generate (adv) arrow 6/11...
Trying to generate (adv) arrow 7/11...
Trying to generate (adv) arrow 8/11...
Trying to generate (adv) arrow 9/11...
Trying to generate (adv) arrow 10/11...
Trying to generate (adv) arrow 11/11...
Successfully generated 11 arrows!
Kết quả vòng lặp: Successfully generated 11 arrows!
Tiếp tục lặp lại ở độ dài tối thiểu (5)...

========================================
--- BẮT ĐẦU VÒNG LẶP (Length = 5) ---
Ô đã chiếm: 682 / Ô còn trống: 34
Đề xuất tạo 7 mũi tên cho vòng lặp này...
Generating ADVANCED level in painted area... (This will be slow)
Trying to generate (adv) arrow 1/7...
Trying to generate (adv) arrow 2/7...
Trying to generate (adv) arrow 3/7...
Trying to generate (adv) arrow 4/7...
Trying to generate (adv) arrow 5/7...
Trying to generate (adv) arrow 6/7...
Could not find valid arrow 6. Stopping.
Successfully generated 5 arrows!
Kết quả vòng lặp: Successfully generated 5 arrows!
Tiếp tục lặp lại ở độ dài tối thiểu (5)...

========================================
--- BẮT ĐẦU VÒNG LẶP (Length = 5) ---
Ô đã chiếm: 693 / Ô còn trống: 23
Đề xuất tạo 5 mũi tên cho vòng lặp này...
Generating ADVANCED level in painted area... (This will be slow)
Trying to generate (adv) arrow 1/5...
Could not find valid arrow 1. Stopping.
Kết quả vòng lặp: Generation complete, but 0 valid arrows found. Try again.
Không thể tạo thêm mũi tên ở độ dài này.
Đã đạt độ dài tối thiểu và không thể tạo thêm. Dừng.

========================================
--- ĐÃ HOÀN TẤT TẤT CẢ CÁC VÒNG LẶP ---
Tổng cộng đã tạo: 78 mũi tên.
Đã lấp đầy 693 / 716 ô (96.8%)
--- Đang lưu kết quả ra: level_set/level_set_3/2_result_test/27.json ---
Đã lưu thành công level 30x30 với 78 mũi tên.
--- Bản đồ kết quả (ASCII) ---
                                
            ########            
         #########>#>^.         
        ##.#^##.###^##<#        
      #>#^^#####>.#######.      
     <#####################     
    #####^##################    
    #############^##<#######    
   ############^####.########   
  ####v#######################  
  #########<###<############.#  
  v###<###^####.<#<###v#####>#  
 ######<###################.<#^ 
 v<###########.<############### 
 #############<####v##>######## 
 #<####^###.^####^^<########### 
 #.<#<#####^#######<####vv####^ 
 ####.##################<###### 
 #v############################ 
 ##################>.#####v###> 
  <#################>##>##>###  
  <#########>#>^^#############  
  .#######>###^##v#>########vv  
   .#################.######.   
    ####>##############.###>    
    ############^##>########    
     <#############>v#####.     
      #######v#########v##      
        ###############.        
         .##>####.##v##         
            ########            
                                
--- Đang render: 27 (30x30) ---
✅ Đã lưu hình ảnh vào: level_set/level_set_3/3_render/27.png
7 hexagon.png 30
args: Args(level_set_path=PosixPath('level_set/level_set_3'), start_length=17, length_step=5, min_length=5, size=(30, 30), turn_probability=0.5, straight_weight=0.75, left_weight=0.25, right_weight=0.5, max_turns=6, generate_mode='basic', csv_path=PosixPath('level_set/level_set_3/[Data] levels - test dataframe.csv'), csv=    level_name    template_name  ...  size_y  is_icon
0           21     pentagon.png  ...      25      NaN
1           22         star.png  ...      25      NaN
2           23       square.png  ...      35      NaN
3           24     pentagon.png  ...      25      NaN
4           25  AIR BALLOON.png  ...      25        *
5           26       square.png  ...      25      NaN
6           27       circle.png  ...      30      NaN
7           28      hexagon.png  ...      30      NaN
8           29       square.png  ...      40      NaN
9           30         BODY.png  ...      25        *
10          31       circle.png  ...      30      NaN
11          32     pentagon.png  ...      30      NaN
12          33       square.png  ...      40      NaN
13          34         star.png  ...      30      NaN
14          35        CHESS.png  ...      30        *
15          36      hexagon.png  ...      25      NaN
16          37       square.png  ...      30      NaN
17          38       circle.png  ...      30      NaN
18          39       square.png  ...      45      NaN
19          40   CRUSTACEAN.png  ...      30        *
20          41     pentagon.png  ...      30      NaN
21          42         star.png  ...      30      NaN
22          43        rectangle  ...      45      NaN
23          44     pentagon.png  ...      35      NaN
24          45  FLAT SHAPES.png  ...      30        *
25          46         star.png  ...      30      NaN
26          47       circle.png  ...      35      NaN
27          48      hexagon.png  ...      35      NaN
28          49        rectangle  ...      45      NaN
29          50        HOUSE.png  ...      30        *
30          51       circle.png  ...      30      NaN
31          52     pentagon.png  ...      35      NaN
32          53        rectangle  ...      40      NaN
33          54       square.png  ...      35      NaN
34          55        PLANE.png  ...      30        *
35          56      hexagon.png  ...      35      NaN
36          57       square.png  ...      40      NaN
37          58       circle.png  ...      35      NaN
38          59        rectangle  ...      45      NaN
39          60       SPIDER.png  ...      35        *

[40 rows x 8 columns], item_path='level_set/level_set_3/1_0_original_icons/hexagon.png', item_name='hexagon.png', alter_item_name='28')
Đang xử lý: 'level_set/level_set_3/1_0_original_icons/hexagon.png' (Kích thước gốc: (250, 250))
==> Đã lưu vào: 'level_set/level_set_3/1_1_icons/hexagon.png' (Kích thước mới: (30, 30))
Đã tải ảnh 'level_set/level_set_3/1_1_icons/hexagon.png' (Kích thước: 30x30)
Sử dụng ngưỡng Alpha: 128
Hoàn thành! Đã lưu board vào 'level_set/level_set_3/1_board_test/28'.
--- Đang tải board từ: level_set/level_set_3/1_board_test/28 ---
Đã tải thành công 588 ô 'editable'.
Tổng số ô có thể vẽ: 588

========================================
--- BẮT ĐẦU VÒNG LẶP (Length = 17) ---
Ô đã chiếm: 0 / Ô còn trống: 588
Đề xuất tạo 35 mũi tên cho vòng lặp này...
Generating level in painted area... (This will be slow)
Trying to generate arrow 1/35...
Trying to generate arrow 2/35...
Trying to generate arrow 3/35...
Trying to generate arrow 4/35...
Trying to generate arrow 5/35...
Trying to generate arrow 6/35...
Trying to generate arrow 7/35...
Trying to generate arrow 8/35...
Trying to generate arrow 9/35...
Trying to generate arrow 10/35...
Trying to generate arrow 11/35...
Trying to generate arrow 12/35...
Trying to generate arrow 13/35...
Trying to generate arrow 14/35...
Trying to generate arrow 15/35...
Trying to generate arrow 16/35...
Trying to generate arrow 17/35...
Trying to generate arrow 18/35...
Trying to generate arrow 19/35...
Trying to generate arrow 20/35...
Trying to generate arrow 21/35...
Trying to generate arrow 22/35...
Trying to generate arrow 23/35...
Trying to generate arrow 24/35...
Trying to generate arrow 25/35...
Trying to generate arrow 26/35...
Trying to generate arrow 27/35...
Trying to generate arrow 28/35...
Trying to generate arrow 29/35...
Trying to generate arrow 30/35...
Trying to generate arrow 31/35...
Trying to generate arrow 32/35...
Trying to generate arrow 33/35...
Trying to generate arrow 34/35...
Trying to generate arrow 35/35...
Successfully generated 35 arrows!
Kết quả vòng lặp: Successfully generated 35 arrows!
Giảm độ dài từ 17...
Độ dài vòng tiếp theo: 12

========================================
--- BẮT ĐẦU VÒNG LẶP (Length = 12) ---
Ô đã chiếm: 469 / Ô còn trống: 119
Đề xuất tạo 10 mũi tên cho vòng lặp này...
Generating level in painted area... (This will be slow)
Trying to generate arrow 1/10...
Trying to generate arrow 2/10...
Trying to generate arrow 3/10...
Trying to generate arrow 4/10...
Trying to generate arrow 5/10...
Trying to generate arrow 6/10...
Could not find valid arrow 6. Stopping.
Successfully generated 5 arrows!
Kết quả vòng lặp: Successfully generated 5 arrows!
Giảm độ dài từ 12...
Độ dài vòng tiếp theo: 7

========================================
--- BẮT ĐẦU VÒNG LẶP (Length = 7) ---
Ô đã chiếm: 501 / Ô còn trống: 87
Đề xuất tạo 12 mũi tên cho vòng lặp này...
Generating level in painted area... (This will be slow)
Trying to generate arrow 1/12...
Trying to generate arrow 2/12...
Trying to generate arrow 3/12...
Trying to generate arrow 4/12...
Trying to generate arrow 5/12...
Trying to generate arrow 6/12...
Trying to generate arrow 7/12...
Trying to generate arrow 8/12...
Trying to generate arrow 9/12...
Trying to generate arrow 10/12...
Could not find valid arrow 10. Stopping.
Successfully generated 9 arrows!
Kết quả vòng lặp: Successfully generated 9 arrows!
Giảm độ dài từ 7...
Độ dài vòng tiếp theo: 5

========================================
--- BẮT ĐẦU VÒNG LẶP (Length = 5) ---
Ô đã chiếm: 538 / Ô còn trống: 50
Đề xuất tạo 10 mũi tên cho vòng lặp này...
Generating level in painted area... (This will be slow)
Trying to generate arrow 1/10...
Trying to generate arrow 2/10...
Trying to generate arrow 3/10...
Trying to generate arrow 4/10...
Trying to generate arrow 5/10...
Trying to generate arrow 6/10...
Trying to generate arrow 7/10...
Trying to generate arrow 8/10...
Trying to generate arrow 9/10...
Trying to generate arrow 10/10...
Successfully generated 10 arrows!
Kết quả vòng lặp: Successfully generated 10 arrows!
Tiếp tục lặp lại ở độ dài tối thiểu (5)...

========================================
--- BẮT ĐẦU VÒNG LẶP (Length = 5) ---
Ô đã chiếm: 558 / Ô còn trống: 30
Đề xuất tạo 6 mũi tên cho vòng lặp này...
Generating level in painted area... (This will be slow)
Trying to generate arrow 1/6...
Trying to generate arrow 2/6...
Could not find valid arrow 2. Stopping.
Successfully generated 1 arrows!
Kết quả vòng lặp: Successfully generated 1 arrows!
Tiếp tục lặp lại ở độ dài tối thiểu (5)...

========================================
--- BẮT ĐẦU VÒNG LẶP (Length = 5) ---
Ô đã chiếm: 560 / Ô còn trống: 28
Đề xuất tạo 6 mũi tên cho vòng lặp này...
Generating level in painted area... (This will be slow)
Trying to generate arrow 1/6...
Could not find valid arrow 1. Stopping.
Kết quả vòng lặp: Generation complete, but 0 valid arrows found. Try again.
Không thể tạo thêm mũi tên ở độ dài này.
Đã đạt độ dài tối thiểu và không thể tạo thêm. Dừng.

========================================
--- ĐÃ HOÀN TẤT TẤT CẢ CÁC VÒNG LẶP ---
Tổng cộng đã tạo: 60 mũi tên.
Đã lấp đầy 560 / 588 ô (95.2%)
--- Đang lưu kết quả ra: level_set/level_set_3/2_result_test/28.json ---
Đã lưu thành công level 30x26 với 60 mũi tên.
--- Bản đồ kết quả (ASCII) ---
                                
        ####^###>#######        
        ##########^#####        
       ###.v##.##########       
      ^<##^<######<######.      
      ##############v#.###      
     ###################.##     
     ##>##^##^###^#>#######     
    ###########>###.####v#>#    
    ########<###############    
   ^####################.###^   
  ##########.############v.##.  
  v#.<########.#>######>######  
 ###########.###############>## 
 v#####<#######<###<#.######### 
  #v###^#>####.######>v#####v#  
  ############################  
   <############v#>#>########   
    ##.#####.#####.##v######    
    .##<####<#######v.#####.    
     ###############.####<#     
     ##########<######<##<#     
      .############>#####>      
      <####.#####v#######.      
       <#####.######v###v       
        ^#############.#        
        ##.<##vv########        
                                
--- Đang render: 28 (30x26) ---
✅ Đã lưu hình ảnh vào: level_set/level_set_3/3_render/28.png
8 square.png 30
args: Args(level_set_path=PosixPath('level_set/level_set_3'), start_length=17, length_step=5, min_length=5, size=(30, 40), turn_probability=0.5, straight_weight=0.75, left_weight=0.25, right_weight=0.5, max_turns=6, generate_mode='basic', csv_path=PosixPath('level_set/level_set_3/[Data] levels - test dataframe.csv'), csv=    level_name    template_name  ...  size_y  is_icon
0           21     pentagon.png  ...      25      NaN
1           22         star.png  ...      25      NaN
2           23       square.png  ...      35      NaN
3           24     pentagon.png  ...      25      NaN
4           25  AIR BALLOON.png  ...      25        *
5           26       square.png  ...      25      NaN
6           27       circle.png  ...      30      NaN
7           28      hexagon.png  ...      30      NaN
8           29       square.png  ...      40      NaN
9           30         BODY.png  ...      25        *
10          31       circle.png  ...      30      NaN
11          32     pentagon.png  ...      30      NaN
12          33       square.png  ...      40      NaN
13          34         star.png  ...      30      NaN
14          35        CHESS.png  ...      30        *
15          36      hexagon.png  ...      25      NaN
16          37       square.png  ...      30      NaN
17          38       circle.png  ...      30      NaN
18          39       square.png  ...      45      NaN
19          40   CRUSTACEAN.png  ...      30        *
20          41     pentagon.png  ...      30      NaN
21          42         star.png  ...      30      NaN
22          43        rectangle  ...      45      NaN
23          44     pentagon.png  ...      35      NaN
24          45  FLAT SHAPES.png  ...      30        *
25          46         star.png  ...      30      NaN
26          47       circle.png  ...      35      NaN
27          48      hexagon.png  ...      35      NaN
28          49        rectangle  ...      45      NaN
29          50        HOUSE.png  ...      30        *
30          51       circle.png  ...      30      NaN
31          52     pentagon.png  ...      35      NaN
32          53        rectangle  ...      40      NaN
33          54       square.png  ...      35      NaN
34          55        PLANE.png  ...      30        *
35          56      hexagon.png  ...      35      NaN
36          57       square.png  ...      40      NaN
37          58       circle.png  ...      35      NaN
38          59        rectangle  ...      45      NaN
39          60       SPIDER.png  ...      35        *

[40 rows x 8 columns], item_path='level_set/level_set_3/1_0_original_icons/square.png', item_name='square.png', alter_item_name='29')
Đang xử lý: 'level_set/level_set_3/1_0_original_icons/square.png' (Kích thước gốc: (250, 250))
==> Đã lưu vào: 'level_set/level_set_3/1_1_icons/square.png' (Kích thước mới: (30, 40))
Đã tải ảnh 'level_set/level_set_3/1_1_icons/square.png' (Kích thước: 30x40)
Sử dụng ngưỡng Alpha: 128
Hoàn thành! Đã lưu board vào 'level_set/level_set_3/1_board_test/29'.
--- Đang tải board từ: level_set/level_set_3/1_board_test/29 ---
Đã tải thành công 1200 ô 'editable'.
Tổng số ô có thể vẽ: 1200

========================================
--- BẮT ĐẦU VÒNG LẶP (Length = 17) ---
Ô đã chiếm: 0 / Ô còn trống: 1200
Đề xuất tạo 71 mũi tên cho vòng lặp này...
Generating level in painted area... (This will be slow)
Trying to generate arrow 1/71...
Trying to generate arrow 2/71...
Trying to generate arrow 3/71...
Trying to generate arrow 4/71...
Trying to generate arrow 5/71...
Trying to generate arrow 6/71...
Trying to generate arrow 7/71...
Trying to generate arrow 8/71...
Trying to generate arrow 9/71...
Trying to generate arrow 10/71...
Trying to generate arrow 11/71...
Trying to generate arrow 12/71...
Trying to generate arrow 13/71...
Trying to generate arrow 14/71...
Trying to generate arrow 15/71...
Trying to generate arrow 16/71...
Trying to generate arrow 17/71...
Trying to generate arrow 18/71...
Trying to generate arrow 19/71...
Trying to generate arrow 20/71...
Trying to generate arrow 21/71...
Trying to generate arrow 22/71...
Trying to generate arrow 23/71...
Trying to generate arrow 24/71...
Trying to generate arrow 25/71...
Trying to generate arrow 26/71...
Trying to generate arrow 27/71...
Trying to generate arrow 28/71...
Trying to generate arrow 29/71...
Trying to generate arrow 30/71...
Trying to generate arrow 31/71...
Trying to generate arrow 32/71...
Trying to generate arrow 33/71...
Trying to generate arrow 34/71...
Trying to generate arrow 35/71...
Trying to generate arrow 36/71...
Trying to generate arrow 37/71...
Trying to generate arrow 38/71...
Trying to generate arrow 39/71...
Trying to generate arrow 40/71...
Trying to generate arrow 41/71...
Trying to generate arrow 42/71...
Trying to generate arrow 43/71...
Trying to generate arrow 44/71...
Trying to generate arrow 45/71...
Trying to generate arrow 46/71...
Trying to generate arrow 47/71...
Trying to generate arrow 48/71...
Trying to generate arrow 49/71...
Trying to generate arrow 50/71...
Trying to generate arrow 51/71...
Trying to generate arrow 52/71...
Trying to generate arrow 53/71...
Trying to generate arrow 54/71...
Trying to generate arrow 55/71...
Trying to generate arrow 56/71...
Trying to generate arrow 57/71...
Trying to generate arrow 58/71...
Trying to generate arrow 59/71...
Trying to generate arrow 60/71...
Trying to generate arrow 61/71...
Trying to generate arrow 62/71...
Trying to generate arrow 63/71...
Trying to generate arrow 64/71...
Trying to generate arrow 65/71...
Trying to generate arrow 66/71...
Trying to generate arrow 67/71...
Trying to generate arrow 68/71...
Trying to generate arrow 69/71...
Trying to generate arrow 70/71...
Trying to generate arrow 71/71...
Successfully generated 71 arrows!
Kết quả vòng lặp: Successfully generated 71 arrows!
Giảm độ dài từ 17...
Độ dài vòng tiếp theo: 12

========================================
--- BẮT ĐẦU VÒNG LẶP (Length = 12) ---
Ô đã chiếm: 965 / Ô còn trống: 235
Đề xuất tạo 20 mũi tên cho vòng lặp này...
Generating level in painted area... (This will be slow)
Trying to generate arrow 1/20...
Trying to generate arrow 2/20...
Trying to generate arrow 3/20...
Trying to generate arrow 4/20...
Trying to generate arrow 5/20...
Trying to generate arrow 6/20...
Trying to generate arrow 7/20...
Trying to generate arrow 8/20...
Trying to generate arrow 9/20...
Trying to generate arrow 10/20...
Could not find valid arrow 10. Stopping.
Successfully generated 9 arrows!
Kết quả vòng lặp: Successfully generated 9 arrows!
Giảm độ dài từ 12...
Độ dài vòng tiếp theo: 7

========================================
--- BẮT ĐẦU VÒNG LẶP (Length = 7) ---
Ô đã chiếm: 1019 / Ô còn trống: 181
Đề xuất tạo 26 mũi tên cho vòng lặp này...
Generating level in painted area... (This will be slow)
Trying to generate arrow 1/26...
Trying to generate arrow 2/26...
Trying to generate arrow 3/26...
Trying to generate arrow 4/26...
Trying to generate arrow 5/26...
Trying to generate arrow 6/26...
Trying to generate arrow 7/26...
Trying to generate arrow 8/26...
Trying to generate arrow 9/26...
Trying to generate arrow 10/26...
Trying to generate arrow 11/26...
Trying to generate arrow 12/26...
Trying to generate arrow 13/26...
Trying to generate arrow 14/26...
Trying to generate arrow 15/26...
Trying to generate arrow 16/26...
Trying to generate arrow 17/26...
Trying to generate arrow 18/26...
Trying to generate arrow 19/26...
Could not find valid arrow 19. Stopping.
Successfully generated 18 arrows!
Kết quả vòng lặp: Successfully generated 18 arrows!
Giảm độ dài từ 7...
Độ dài vòng tiếp theo: 5

========================================
--- BẮT ĐẦU VÒNG LẶP (Length = 5) ---
Ô đã chiếm: 1085 / Ô còn trống: 115
Đề xuất tạo 23 mũi tên cho vòng lặp này...
Generating level in painted area... (This will be slow)
Trying to generate arrow 1/23...
Trying to generate arrow 2/23...
Trying to generate arrow 3/23...
Trying to generate arrow 4/23...
Trying to generate arrow 5/23...
Trying to generate arrow 6/23...
Trying to generate arrow 7/23...
Trying to generate arrow 8/23...
Trying to generate arrow 9/23...
Trying to generate arrow 10/23...
Trying to generate arrow 11/23...
Trying to generate arrow 12/23...
Trying to generate arrow 13/23...
Trying to generate arrow 14/23...
Trying to generate arrow 15/23...
Trying to generate arrow 16/23...
Trying to generate arrow 17/23...
Trying to generate arrow 18/23...
Trying to generate arrow 19/23...
Trying to generate arrow 20/23...
Trying to generate arrow 21/23...
Trying to generate arrow 22/23...
Trying to generate arrow 23/23...
Successfully generated 23 arrows!
Kết quả vòng lặp: Successfully generated 23 arrows!
Tiếp tục lặp lại ở độ dài tối thiểu (5)...

========================================
--- BẮT ĐẦU VÒNG LẶP (Length = 5) ---
Ô đã chiếm: 1132 / Ô còn trống: 68
Đề xuất tạo 14 mũi tên cho vòng lặp này...
Generating level in painted area... (This will be slow)
Trying to generate arrow 1/14...
Trying to generate arrow 2/14...
Trying to generate arrow 3/14...
Trying to generate arrow 4/14...
Trying to generate arrow 5/14...
Trying to generate arrow 6/14...
Trying to generate arrow 7/14...
Trying to generate arrow 8/14...
Could not find valid arrow 8. Stopping.
Successfully generated 7 arrows!
Kết quả vòng lặp: Successfully generated 7 arrows!
Tiếp tục lặp lại ở độ dài tối thiểu (5)...

========================================
--- BẮT ĐẦU VÒNG LẶP (Length = 5) ---
Ô đã chiếm: 1146 / Ô còn trống: 54
Đề xuất tạo 11 mũi tên cho vòng lặp này...
Generating level in painted area... (This will be slow)
Trying to generate arrow 1/11...
Could not find valid arrow 1. Stopping.
Kết quả vòng lặp: Generation complete, but 0 valid arrows found. Try again.
Không thể tạo thêm mũi tên ở độ dài này.
Đã đạt độ dài tối thiểu và không thể tạo thêm. Dừng.

========================================
--- ĐÃ HOÀN TẤT TẤT CẢ CÁC VÒNG LẶP ---
Tổng cộng đã tạo: 128 mũi tên.
Đã lấp đầy 1146 / 1200 ô (95.5%)
--- Đang lưu kết quả ra: level_set/level_set_3/2_result_test/29.json ---
Đã lưu thành công level 30x40 với 128 mũi tên.
--- Bản đồ kết quả (ASCII) ---
                                
 ##^<#########>^###^#>#>######. 
 #######>###^^##############>#> 
 #######^#>###########.######## 
 ####v############.^.##.######> 
 .##^##^#####^######<#####<#<## 
 #####################^^.###### 
 #.#^######.########<####^##.## 
 ######^######.################ 
 ############>##^###>########^# 
 ############.####^####>##^#### 
 ##################^########### 
 ##v#########^#>##########.#### 
 <###<###.###################v# 
 .<######^###.##.#<############ 
 ###############^######>.####v. 
 #########<#<####<############# 
 ##<###########>#############>v 
 ######^#.#######.#####>####### 
 ############>.################ 
 v.#####################>##>### 
 ######v#########>#####^####v## 
 ##.##.##>########>##########># 
 .####>####>#.####.############ 
 .<##########>####.#####.##v### 
 ######v#####.##^#>#>###^##>### 
 #####.<############.##v####### 
 ###<#^<###################>.## 
 #>######.###>##.##.##.######## 
 ###<#####<########.#>.######## 
 ##########^#################># 
 #####################^######## 
 #####.###>#>.#####^##########> 
 ####.###########^##v######.##> 
 <##>##.#######^^####v###v##### 
 <######>###############^###### 
 ###################.v.###>#### 
 #^###<######>#^############### 
 v##.<#<####<###.<###########.v 
 ######.######.#####v.##>###### 
 v########################>vv## 
                                
--- Đang render: 29 (30x40) ---
✅ Đã lưu hình ảnh vào: level_set/level_set_3/3_render/29.png
9 BODY.png 25
args: Args(level_set_path=PosixPath('level_set/level_set_3'), start_length=17, length_step=5, min_length=5, size=(25, 25), turn_probability=0.5, straight_weight=0.75, left_weight=0.25, right_weight=0.5, max_turns=6, generate_mode='basic', csv_path=PosixPath('level_set/level_set_3/[Data] levels - test dataframe.csv'), csv=    level_name    template_name  ...  size_y  is_icon
0           21     pentagon.png  ...      25      NaN
1           22         star.png  ...      25      NaN
2           23       square.png  ...      35      NaN
3           24     pentagon.png  ...      25      NaN
4           25  AIR BALLOON.png  ...      25        *
5           26       square.png  ...      25      NaN
6           27       circle.png  ...      30      NaN
7           28      hexagon.png  ...      30      NaN
8           29       square.png  ...      40      NaN
9           30         BODY.png  ...      25        *
10          31       circle.png  ...      30      NaN
11          32     pentagon.png  ...      30      NaN
12          33       square.png  ...      40      NaN
13          34         star.png  ...      30      NaN
14          35        CHESS.png  ...      30        *
15          36      hexagon.png  ...      25      NaN
16          37       square.png  ...      30      NaN
17          38       circle.png  ...      30      NaN
18          39       square.png  ...      45      NaN
19          40   CRUSTACEAN.png  ...      30        *
20          41     pentagon.png  ...      30      NaN
21          42         star.png  ...      30      NaN
22          43        rectangle  ...      45      NaN
23          44     pentagon.png  ...      35      NaN
24          45  FLAT SHAPES.png  ...      30        *
25          46         star.png  ...      30      NaN
26          47       circle.png  ...      35      NaN
27          48      hexagon.png  ...      35      NaN
28          49        rectangle  ...      45      NaN
29          50        HOUSE.png  ...      30        *
30          51       circle.png  ...      30      NaN
31          52     pentagon.png  ...      35      NaN
32          53        rectangle  ...      40      NaN
33          54       square.png  ...      35      NaN
34          55        PLANE.png  ...      30        *
35          56      hexagon.png  ...      35      NaN
36          57       square.png  ...      40      NaN
37          58       circle.png  ...      35      NaN
38          59        rectangle  ...      45      NaN
39          60       SPIDER.png  ...      35        *

[40 rows x 8 columns], item_path='level_set/level_set_3/1_0_original_icons/BODY.png', item_name='BODY.png', alter_item_name='30')
Đang xử lý: 'level_set/level_set_3/1_0_original_icons/BODY.png' (Kích thước gốc: (117, 222))
==> Đã lưu vào: 'level_set/level_set_3/1_1_icons/BODY.png' (Kích thước mới: (25, 25))
Đã tải ảnh 'level_set/level_set_3/1_1_icons/BODY.png' (Kích thước: 25x25)
Sử dụng ngưỡng Alpha: 128
Hoàn thành! Đã lưu board vào 'level_set/level_set_3/1_board_test/30'.
--- Đang tải board từ: level_set/level_set_3/1_board_test/30 ---
Đã tải thành công 240 ô 'editable'.
Tổng số ô có thể vẽ: 240

========================================
--- BẮT ĐẦU VÒNG LẶP (Length = 17) ---
Ô đã chiếm: 0 / Ô còn trống: 240
Đề xuất tạo 14 mũi tên cho vòng lặp này...
Generating level in painted area... (This will be slow)
Trying to generate arrow 1/14...
Trying to generate arrow 2/14...
Trying to generate arrow 3/14...
Trying to generate arrow 4/14...
Trying to generate arrow 5/14...
Trying to generate arrow 6/14...
Trying to generate arrow 7/14...
Trying to generate arrow 8/14...
Trying to generate arrow 9/14...
Trying to generate arrow 10/14...
Trying to generate arrow 11/14...
Trying to generate arrow 12/14...
Trying to generate arrow 13/14...
Trying to generate arrow 14/14...
Successfully generated 14 arrows!
Kết quả vòng lặp: Successfully generated 14 arrows!
Giảm độ dài từ 17...
Độ dài vòng tiếp theo: 12

========================================
--- BẮT ĐẦU VÒNG LẶP (Length = 12) ---
Ô đã chiếm: 188 / Ô còn trống: 52
Đề xuất tạo 4 mũi tên cho vòng lặp này...
Generating level in painted area... (This will be slow)
Trying to generate arrow 1/4...
Trying to generate arrow 2/4...
Trying to generate arrow 3/4...
Trying to generate arrow 4/4...
Could not find valid arrow 4. Stopping.
Successfully generated 3 arrows!
Kết quả vòng lặp: Successfully generated 3 arrows!
Giảm độ dài từ 12...
Độ dài vòng tiếp theo: 7

========================================
--- BẮT ĐẦU VÒNG LẶP (Length = 7) ---
Ô đã chiếm: 209 / Ô còn trống: 31
Đề xuất tạo 4 mũi tên cho vòng lặp này...
Generating level in painted area... (This will be slow)
Trying to generate arrow 1/4...
Trying to generate arrow 2/4...
Trying to generate arrow 3/4...
Could not find valid arrow 3. Stopping.
Successfully generated 2 arrows!
Kết quả vòng lặp: Successfully generated 2 arrows!
Giảm độ dài từ 7...
Độ dài vòng tiếp theo: 5

========================================
--- BẮT ĐẦU VÒNG LẶP (Length = 5) ---
Ô đã chiếm: 215 / Ô còn trống: 25
Đề xuất tạo 5 mũi tên cho vòng lặp này...
Generating level in painted area... (This will be slow)
Trying to generate arrow 1/5...
Trying to generate arrow 2/5...
Trying to generate arrow 3/5...
Trying to generate arrow 4/5...
Trying to generate arrow 5/5...
Successfully generated 5 arrows!
Kết quả vòng lặp: Successfully generated 5 arrows!
Tiếp tục lặp lại ở độ dài tối thiểu (5)...

========================================
--- BẮT ĐẦU VÒNG LẶP (Length = 5) ---
Ô đã chiếm: 225 / Ô còn trống: 15
Đề xuất tạo 3 mũi tên cho vòng lặp này...
Generating level in painted area... (This will be slow)
Trying to generate arrow 1/3...
Could not find valid arrow 1. Stopping.
Kết quả vòng lặp: Generation complete, but 0 valid arrows found. Try again.
Không thể tạo thêm mũi tên ở độ dài này.
Đã đạt độ dài tối thiểu và không thể tạo thêm. Dừng.

========================================
--- ĐÃ HOÀN TẤT TẤT CẢ CÁC VÒNG LẶP ---
Tổng cộng đã tạo: 24 mũi tên.
Đã lấp đầy 225 / 240 ô (93.8%)
--- Đang lưu kết quả ra: level_set/level_set_3/2_result_test/30.json ---
Đã lưu thành công level 22x23 với 24 mũi tên.
--- Bản đồ kết quả (ASCII) ---
                         
         ###^###         
        .#####.#.        
         v######         
                         
                         
       .######^###       
      ###########v##     
     .##.#.######.##     
    <#####<##########    
   <########>########>   
  ####>#######.###.####  
  ###  ###########  ###^ 
 .##.  ###.######v  #### 
       ###^v###.##       
       v###   ##>v       
       .###   ####       
       ##>#   ##vv       
       ####   ####       
       ####   ####       
       ####   ###>       
       #v##   ####       
       ####   ####       
       <###   ##v#       
                         
--- Đang render: 30 (22x23) ---
✅ Đã lưu hình ảnh vào: level_set/level_set_3/3_render/30.png
10 circle.png 30
args: Args(level_set_path=PosixPath('level_set/level_set_3'), start_length=17, length_step=5, min_length=5, size=(30, 30), turn_probability=0.5, straight_weight=0.75, left_weight=0.25, right_weight=0.5, max_turns=6, generate_mode='basic', csv_path=PosixPath('level_set/level_set_3/[Data] levels - test dataframe.csv'), csv=    level_name    template_name  ...  size_y  is_icon
0           21     pentagon.png  ...      25      NaN
1           22         star.png  ...      25      NaN
2           23       square.png  ...      35      NaN
3           24     pentagon.png  ...      25      NaN
4           25  AIR BALLOON.png  ...      25        *
5           26       square.png  ...      25      NaN
6           27       circle.png  ...      30      NaN
7           28      hexagon.png  ...      30      NaN
8           29       square.png  ...      40      NaN
9           30         BODY.png  ...      25        *
10          31       circle.png  ...      30      NaN
11          32     pentagon.png  ...      30      NaN
12          33       square.png  ...      40      NaN
13          34         star.png  ...      30      NaN
14          35        CHESS.png  ...      30        *
15          36      hexagon.png  ...      25      NaN
16          37       square.png  ...      30      NaN
17          38       circle.png  ...      30      NaN
18          39       square.png  ...      45      NaN
19          40   CRUSTACEAN.png  ...      30        *
20          41     pentagon.png  ...      30      NaN
21          42         star.png  ...      30      NaN
22          43        rectangle  ...      45      NaN
23          44     pentagon.png  ...      35      NaN
24          45  FLAT SHAPES.png  ...      30        *
25          46         star.png  ...      30      NaN
26          47       circle.png  ...      35      NaN
27          48      hexagon.png  ...      35      NaN
28          49        rectangle  ...      45      NaN
29          50        HOUSE.png  ...      30        *
30          51       circle.png  ...      30      NaN
31          52     pentagon.png  ...      35      NaN
32          53        rectangle  ...      40      NaN
33          54       square.png  ...      35      NaN
34          55        PLANE.png  ...      30        *
35          56      hexagon.png  ...      35      NaN
36          57       square.png  ...      40      NaN
37          58       circle.png  ...      35      NaN
38          59        rectangle  ...      45      NaN
39          60       SPIDER.png  ...      35        *

[40 rows x 8 columns], item_path='level_set/level_set_3/1_0_original_icons/circle.png', item_name='circle.png', alter_item_name='31')
Đang xử lý: 'level_set/level_set_3/1_0_original_icons/circle.png' (Kích thước gốc: (250, 250))
==> Đã lưu vào: 'level_set/level_set_3/1_1_icons/circle.png' (Kích thước mới: (30, 30))
Đã tải ảnh 'level_set/level_set_3/1_1_icons/circle.png' (Kích thước: 30x30)
Sử dụng ngưỡng Alpha: 128
Hoàn thành! Đã lưu board vào 'level_set/level_set_3/1_board_test/31'.
--- Đang tải board từ: level_set/level_set_3/1_board_test/31 ---
Đã tải thành công 716 ô 'editable'.
Tổng số ô có thể vẽ: 716

========================================
--- BẮT ĐẦU VÒNG LẶP (Length = 17) ---
Ô đã chiếm: 0 / Ô còn trống: 716
Đề xuất tạo 42 mũi tên cho vòng lặp này...
Generating level in painted area... (This will be slow)
Trying to generate arrow 1/42...
Trying to generate arrow 2/42...
Trying to generate arrow 3/42...
Trying to generate arrow 4/42...
Trying to generate arrow 5/42...
Trying to generate arrow 6/42...
Trying to generate arrow 7/42...
Trying to generate arrow 8/42...
Trying to generate arrow 9/42...
Trying to generate arrow 10/42...
Trying to generate arrow 11/42...
Trying to generate arrow 12/42...
Trying to generate arrow 13/42...
Trying to generate arrow 14/42...
Trying to generate arrow 15/42...
Trying to generate arrow 16/42...
Trying to generate arrow 17/42...
Trying to generate arrow 18/42...
Trying to generate arrow 19/42...
Trying to generate arrow 20/42...
Trying to generate arrow 21/42...
Trying to generate arrow 22/42...
Trying to generate arrow 23/42...
Trying to generate arrow 24/42...
Trying to generate arrow 25/42...
Trying to generate arrow 26/42...
Trying to generate arrow 27/42...
Trying to generate arrow 28/42...
Trying to generate arrow 29/42...
Trying to generate arrow 30/42...
Trying to generate arrow 31/42...
Trying to generate arrow 32/42...
Trying to generate arrow 33/42...
Trying to generate arrow 34/42...
Trying to generate arrow 35/42...
Trying to generate arrow 36/42...
Trying to generate arrow 37/42...
Trying to generate arrow 38/42...
Trying to generate arrow 39/42...
Trying to generate arrow 40/42...
Trying to generate arrow 41/42...
Trying to generate arrow 42/42...
Successfully generated 42 arrows!
Kết quả vòng lặp: Successfully generated 42 arrows!
Giảm độ dài từ 17...
Độ dài vòng tiếp theo: 12

========================================
--- BẮT ĐẦU VÒNG LẶP (Length = 12) ---
Ô đã chiếm: 561 / Ô còn trống: 155
Đề xuất tạo 13 mũi tên cho vòng lặp này...
Generating level in painted area... (This will be slow)
Trying to generate arrow 1/13...
Trying to generate arrow 2/13...
Trying to generate arrow 3/13...
Trying to generate arrow 4/13...
Trying to generate arrow 5/13...
Trying to generate arrow 6/13...
Trying to generate arrow 7/13...
Trying to generate arrow 8/13...
Could not find valid arrow 8. Stopping.
Successfully generated 7 arrows!
Kết quả vòng lặp: Successfully generated 7 arrows!
Giảm độ dài từ 12...
Độ dài vòng tiếp theo: 7

========================================
--- BẮT ĐẦU VÒNG LẶP (Length = 7) ---
Ô đã chiếm: 611 / Ô còn trống: 105
Đề xuất tạo 15 mũi tên cho vòng lặp này...
Generating level in painted area... (This will be slow)
Trying to generate arrow 1/15...
Trying to generate arrow 2/15...
Trying to generate arrow 3/15...
Trying to generate arrow 4/15...
Trying to generate arrow 5/15...
Trying to generate arrow 6/15...
Trying to generate arrow 7/15...
Trying to generate arrow 8/15...
Trying to generate arrow 9/15...
Trying to generate arrow 10/15...
Trying to generate arrow 11/15...
Trying to generate arrow 12/15...
Could not find valid arrow 12. Stopping.
Successfully generated 11 arrows!
Kết quả vòng lặp: Successfully generated 11 arrows!
Giảm độ dài từ 7...
Độ dài vòng tiếp theo: 5

========================================
--- BẮT ĐẦU VÒNG LẶP (Length = 5) ---
Ô đã chiếm: 652 / Ô còn trống: 64
Đề xuất tạo 13 mũi tên cho vòng lặp này...
Generating level in painted area... (This will be slow)
Trying to generate arrow 1/13...
Trying to generate arrow 2/13...
Trying to generate arrow 3/13...
Trying to generate arrow 4/13...
Trying to generate arrow 5/13...
Trying to generate arrow 6/13...
Trying to generate arrow 7/13...
Trying to generate arrow 8/13...
Trying to generate arrow 9/13...
Trying to generate arrow 10/13...
Trying to generate arrow 11/13...
Trying to generate arrow 12/13...
Trying to generate arrow 13/13...
Successfully generated 13 arrows!
Kết quả vòng lặp: Successfully generated 13 arrows!
Tiếp tục lặp lại ở độ dài tối thiểu (5)...

========================================
--- BẮT ĐẦU VÒNG LẶP (Length = 5) ---
Ô đã chiếm: 678 / Ô còn trống: 38
Đề xuất tạo 8 mũi tên cho vòng lặp này...
Generating level in painted area... (This will be slow)
Trying to generate arrow 1/8...
Could not find valid arrow 1. Stopping.
Kết quả vòng lặp: Generation complete, but 0 valid arrows found. Try again.
Không thể tạo thêm mũi tên ở độ dài này.
Đã đạt độ dài tối thiểu và không thể tạo thêm. Dừng.

========================================
--- ĐÃ HOÀN TẤT TẤT CẢ CÁC VÒNG LẶP ---
Tổng cộng đã tạo: 73 mũi tên.
Đã lấp đầy 678 / 716 ô (94.7%)
--- Đang lưu kết quả ra: level_set/level_set_3/2_result_test/31.json ---
Đã lưu thành công level 30x30 với 73 mũi tên.
--- Bản đồ kết quả (ASCII) ---
                                
            ########            
         <######>####>.         
        #######>.####.##        
      #######.####^######>      
     ####################>.     
    .v############^#######>^    
    ######^##v##########>#>#    
   ##<######<####^####^###.##   
  #####.#.<##################.  
  #.#########.######^#########  
  ######<###############^#>###  
 <####.<#.##<##############v### 
 ^############################# 
 ####<#######.<#.##########v##> 
 ####<#####<#####^####^.<###### 
 v######<###################### 
 ##.#####^#####>############### 
 v########.######.####<#####v## 
 .########^#.###<######>#v####v 
  ######^################>####  
  ##<#<##############.#####.##  
  #####.#######v##.#######.##v  
   .#v###>###.####>##v.#####>   
    #####<######v##########.    
    ##v^##############.v###>    
     <########v########.##.     
      ########<######.####      
        ###########.#>##        
         .####.########         
            <###<###            
                                
--- Đang render: 31 (30x30) ---
✅ Đã lưu hình ảnh vào: level_set/level_set_3/3_render/31.png
11 pentagon.png 30
args: Args(level_set_path=PosixPath('level_set/level_set_3'), start_length=17, length_step=5, min_length=5, size=(30, 30), turn_probability=0.5, straight_weight=0.75, left_weight=0.25, right_weight=0.5, max_turns=6, generate_mode='advance', csv_path=PosixPath('level_set/level_set_3/[Data] levels - test dataframe.csv'), csv=    level_name    template_name  ...  size_y  is_icon
0           21     pentagon.png  ...      25      NaN
1           22         star.png  ...      25      NaN
2           23       square.png  ...      35      NaN
3           24     pentagon.png  ...      25      NaN
4           25  AIR BALLOON.png  ...      25        *
5           26       square.png  ...      25      NaN
6           27       circle.png  ...      30      NaN
7           28      hexagon.png  ...      30      NaN
8           29       square.png  ...      40      NaN
9           30         BODY.png  ...      25        *
10          31       circle.png  ...      30      NaN
11          32     pentagon.png  ...      30      NaN
12          33       square.png  ...      40      NaN
13          34         star.png  ...      30      NaN
14          35        CHESS.png  ...      30        *
15          36      hexagon.png  ...      25      NaN
16          37       square.png  ...      30      NaN
17          38       circle.png  ...      30      NaN
18          39       square.png  ...      45      NaN
19          40   CRUSTACEAN.png  ...      30        *
20          41     pentagon.png  ...      30      NaN
21          42         star.png  ...      30      NaN
22          43        rectangle  ...      45      NaN
23          44     pentagon.png  ...      35      NaN
24          45  FLAT SHAPES.png  ...      30        *
25          46         star.png  ...      30      NaN
26          47       circle.png  ...      35      NaN
27          48      hexagon.png  ...      35      NaN
28          49        rectangle  ...      45      NaN
29          50        HOUSE.png  ...      30        *
30          51       circle.png  ...      30      NaN
31          52     pentagon.png  ...      35      NaN
32          53        rectangle  ...      40      NaN
33          54       square.png  ...      35      NaN
34          55        PLANE.png  ...      30        *
35          56      hexagon.png  ...      35      NaN
36          57       square.png  ...      40      NaN
37          58       circle.png  ...      35      NaN
38          59        rectangle  ...      45      NaN
39          60       SPIDER.png  ...      35        *

[40 rows x 8 columns], item_path='level_set/level_set_3/1_0_original_icons/pentagon.png', item_name='pentagon.png', alter_item_name='32')
Đang xử lý: 'level_set/level_set_3/1_0_original_icons/pentagon.png' (Kích thước gốc: (250, 250))
==> Đã lưu vào: 'level_set/level_set_3/1_1_icons/pentagon.png' (Kích thước mới: (30, 30))
Đã tải ảnh 'level_set/level_set_3/1_1_icons/pentagon.png' (Kích thước: 30x30)
Sử dụng ngưỡng Alpha: 128
Hoàn thành! Đã lưu board vào 'level_set/level_set_3/1_board_test/32'.
--- Đang tải board từ: level_set/level_set_3/1_board_test/32 ---
Đã tải thành công 590 ô 'editable'.
Tổng số ô có thể vẽ: 590

========================================
--- BẮT ĐẦU VÒNG LẶP (Length = 17) ---
Ô đã chiếm: 0 / Ô còn trống: 590
Đề xuất tạo 35 mũi tên cho vòng lặp này...
Generating ADVANCED level in painted area... (This will be slow)
Trying to generate (adv) arrow 1/35...
Trying to generate (adv) arrow 2/35...
Trying to generate (adv) arrow 3/35...
Trying to generate (adv) arrow 4/35...
Trying to generate (adv) arrow 5/35...
Trying to generate (adv) arrow 6/35...
Trying to generate (adv) arrow 7/35...
Trying to generate (adv) arrow 8/35...
Trying to generate (adv) arrow 9/35...
Trying to generate (adv) arrow 10/35...
Trying to generate (adv) arrow 11/35...
Trying to generate (adv) arrow 12/35...
Trying to generate (adv) arrow 13/35...
Trying to generate (adv) arrow 14/35...
Trying to generate (adv) arrow 15/35...
Trying to generate (adv) arrow 16/35...
Trying to generate (adv) arrow 17/35...
Trying to generate (adv) arrow 18/35...
Trying to generate (adv) arrow 19/35...
Trying to generate (adv) arrow 20/35...
Trying to generate (adv) arrow 21/35...
Trying to generate (adv) arrow 22/35...
Trying to generate (adv) arrow 23/35...
Trying to generate (adv) arrow 24/35...
Trying to generate (adv) arrow 25/35...
Trying to generate (adv) arrow 26/35...
Trying to generate (adv) arrow 27/35...
Trying to generate (adv) arrow 28/35...
Trying to generate (adv) arrow 29/35...
Trying to generate (adv) arrow 30/35...
Trying to generate (adv) arrow 31/35...
Trying to generate (adv) arrow 32/35...
Trying to generate (adv) arrow 33/35...
Trying to generate (adv) arrow 34/35...
Trying to generate (adv) arrow 35/35...
Successfully generated 35 arrows!
Kết quả vòng lặp: Successfully generated 35 arrows!
Giảm độ dài từ 17...
Độ dài vòng tiếp theo: 12

========================================
--- BẮT ĐẦU VÒNG LẶP (Length = 12) ---
Ô đã chiếm: 464 / Ô còn trống: 126
Đề xuất tạo 10 mũi tên cho vòng lặp này...
Generating ADVANCED level in painted area... (This will be slow)
Trying to generate (adv) arrow 1/10...
Trying to generate (adv) arrow 2/10...
Trying to generate (adv) arrow 3/10...
Trying to generate (adv) arrow 4/10...
Trying to generate (adv) arrow 5/10...
Trying to generate (adv) arrow 6/10...
Trying to generate (adv) arrow 7/10...
Could not find valid arrow 7. Stopping.
Successfully generated 6 arrows!
Kết quả vòng lặp: Successfully generated 6 arrows!
Giảm độ dài từ 12...
Độ dài vòng tiếp theo: 7

========================================
--- BẮT ĐẦU VÒNG LẶP (Length = 7) ---
Ô đã chiếm: 504 / Ô còn trống: 86
Đề xuất tạo 12 mũi tên cho vòng lặp này...
Generating ADVANCED level in painted area... (This will be slow)
Trying to generate (adv) arrow 1/12...
Trying to generate (adv) arrow 2/12...
Trying to generate (adv) arrow 3/12...
Trying to generate (adv) arrow 4/12...
Trying to generate (adv) arrow 5/12...
Trying to generate (adv) arrow 6/12...
Trying to generate (adv) arrow 7/12...
Trying to generate (adv) arrow 8/12...
Trying to generate (adv) arrow 9/12...
Trying to generate (adv) arrow 10/12...
Trying to generate (adv) arrow 11/12...
Trying to generate (adv) arrow 12/12...
Successfully generated 12 arrows!
Kết quả vòng lặp: Successfully generated 12 arrows!
Giảm độ dài từ 7...
Độ dài vòng tiếp theo: 5

========================================
--- BẮT ĐẦU VÒNG LẶP (Length = 5) ---
Ô đã chiếm: 548 / Ô còn trống: 42
Đề xuất tạo 8 mũi tên cho vòng lặp này...
Generating ADVANCED level in painted area... (This will be slow)
Trying to generate (adv) arrow 1/8...
Trying to generate (adv) arrow 2/8...
Trying to generate (adv) arrow 3/8...
Trying to generate (adv) arrow 4/8...
Trying to generate (adv) arrow 5/8...
Trying to generate (adv) arrow 6/8...
Trying to generate (adv) arrow 7/8...
Trying to generate (adv) arrow 8/8...
Successfully generated 8 arrows!
Kết quả vòng lặp: Successfully generated 8 arrows!
Tiếp tục lặp lại ở độ dài tối thiểu (5)...

========================================
--- BẮT ĐẦU VÒNG LẶP (Length = 5) ---
Ô đã chiếm: 564 / Ô còn trống: 26
Đề xuất tạo 5 mũi tên cho vòng lặp này...
Generating ADVANCED level in painted area... (This will be slow)
Trying to generate (adv) arrow 1/5...
Trying to generate (adv) arrow 2/5...
Trying to generate (adv) arrow 3/5...
Trying to generate (adv) arrow 4/5...
Could not find valid arrow 4. Stopping.
Successfully generated 3 arrows!
Kết quả vòng lặp: Successfully generated 3 arrows!
Tiếp tục lặp lại ở độ dài tối thiểu (5)...

========================================
--- BẮT ĐẦU VÒNG LẶP (Length = 5) ---
Ô đã chiếm: 570 / Ô còn trống: 20
Đề xuất tạo 4 mũi tên cho vòng lặp này...
Generating ADVANCED level in painted area... (This will be slow)
Trying to generate (adv) arrow 1/4...
Could not find valid arrow 1. Stopping.
Kết quả vòng lặp: Generation complete, but 0 valid arrows found. Try again.
Không thể tạo thêm mũi tên ở độ dài này.
Đã đạt độ dài tối thiểu và không thể tạo thêm. Dừng.

========================================
--- ĐÃ HOÀN TẤT TẤT CẢ CÁC VÒNG LẶP ---
Tổng cộng đã tạo: 64 mũi tên.
Đã lấp đầy 570 / 590 ô (96.6%)
--- Đang lưu kết quả ra: level_set/level_set_3/2_result_test/32.json ---
Đã lưu thành công level 30x28 với 64 mũi tên.
--- Bản đồ kết quả (ASCII) ---
                                
               <#               
             ##^###             
            .####.#^            
          #######^####          
         <#############         
        ^####.##########        
      <##v###<#.#>###>.###      
     ####.###^############.     
    .#^##############<######    
  ###########^^####<#########>  
 ^######################<###### 
 ###<###^#<#############<###^^# 
  ########.####^##############  
  #.<############v#>#>########  
  #################^###.<#####  
   <#############v#####>#####   
   <##<###############<######   
   #########v###############v   
    ########.#.<############    
    ^^########<####<##^#####    
    ###<####################    
     ##.##v######<########^     
     ##^###################     
     v####.<##<##v#.#######     
      ##.v#######<########      
      #######^^###########      
      ######v########<#.#v      
       .<###.############       
                                
--- Đang render: 32 (30x28) ---
✅ Đã lưu hình ảnh vào: level_set/level_set_3/3_render/32.png
12 square.png 30
args: Args(level_set_path=PosixPath('level_set/level_set_3'), start_length=17, length_step=5, min_length=5, size=(30, 40), turn_probability=0.5, straight_weight=0.75, left_weight=0.25, right_weight=0.5, max_turns=6, generate_mode='basic', csv_path=PosixPath('level_set/level_set_3/[Data] levels - test dataframe.csv'), csv=    level_name    template_name  ...  size_y  is_icon
0           21     pentagon.png  ...      25      NaN
1           22         star.png  ...      25      NaN
2           23       square.png  ...      35      NaN
3           24     pentagon.png  ...      25      NaN
4           25  AIR BALLOON.png  ...      25        *
5           26       square.png  ...      25      NaN
6           27       circle.png  ...      30      NaN
7           28      hexagon.png  ...      30      NaN
8           29       square.png  ...      40      NaN
9           30         BODY.png  ...      25        *
10          31       circle.png  ...      30      NaN
11          32     pentagon.png  ...      30      NaN
12          33       square.png  ...      40      NaN
13          34         star.png  ...      30      NaN
14          35        CHESS.png  ...      30        *
15          36      hexagon.png  ...      25      NaN
16          37       square.png  ...      30      NaN
17          38       circle.png  ...      30      NaN
18          39       square.png  ...      45      NaN
19          40   CRUSTACEAN.png  ...      30        *
20          41     pentagon.png  ...      30      NaN
21          42         star.png  ...      30      NaN
22          43        rectangle  ...      45      NaN
23          44     pentagon.png  ...      35      NaN
24          45  FLAT SHAPES.png  ...      30        *
25          46         star.png  ...      30      NaN
26          47       circle.png  ...      35      NaN
27          48      hexagon.png  ...      35      NaN
28          49        rectangle  ...      45      NaN
29          50        HOUSE.png  ...      30        *
30          51       circle.png  ...      30      NaN
31          52     pentagon.png  ...      35      NaN
32          53        rectangle  ...      40      NaN
33          54       square.png  ...      35      NaN
34          55        PLANE.png  ...      30        *
35          56      hexagon.png  ...      35      NaN
36          57       square.png  ...      40      NaN
37          58       circle.png  ...      35      NaN
38          59        rectangle  ...      45      NaN
39          60       SPIDER.png  ...      35        *

[40 rows x 8 columns], item_path='level_set/level_set_3/1_0_original_icons/square.png', item_name='square.png', alter_item_name='33')
Đang xử lý: 'level_set/level_set_3/1_0_original_icons/square.png' (Kích thước gốc: (250, 250))
==> Đã lưu vào: 'level_set/level_set_3/1_1_icons/square.png' (Kích thước mới: (30, 40))
Đã tải ảnh 'level_set/level_set_3/1_1_icons/square.png' (Kích thước: 30x40)
Sử dụng ngưỡng Alpha: 128
Hoàn thành! Đã lưu board vào 'level_set/level_set_3/1_board_test/33'.
--- Đang tải board từ: level_set/level_set_3/1_board_test/33 ---
Đã tải thành công 1200 ô 'editable'.
Tổng số ô có thể vẽ: 1200

========================================
--- BẮT ĐẦU VÒNG LẶP (Length = 17) ---
Ô đã chiếm: 0 / Ô còn trống: 1200
Đề xuất tạo 71 mũi tên cho vòng lặp này...
Generating level in painted area... (This will be slow)
Trying to generate arrow 1/71...
Trying to generate arrow 2/71...
Trying to generate arrow 3/71...
Trying to generate arrow 4/71...
Trying to generate arrow 5/71...
Trying to generate arrow 6/71...
Trying to generate arrow 7/71...
Trying to generate arrow 8/71...
Trying to generate arrow 9/71...
Trying to generate arrow 10/71...
Trying to generate arrow 11/71...
Trying to generate arrow 12/71...
Trying to generate arrow 13/71...
Trying to generate arrow 14/71...
Trying to generate arrow 15/71...
Trying to generate arrow 16/71...
Trying to generate arrow 17/71...
Trying to generate arrow 18/71...
Trying to generate arrow 19/71...
Trying to generate arrow 20/71...
Trying to generate arrow 21/71...
Trying to generate arrow 22/71...
Trying to generate arrow 23/71...
Trying to generate arrow 24/71...
Trying to generate arrow 25/71...
Trying to generate arrow 26/71...
Trying to generate arrow 27/71...
Trying to generate arrow 28/71...
Trying to generate arrow 29/71...
Trying to generate arrow 30/71...
Trying to generate arrow 31/71...
Trying to generate arrow 32/71...
Trying to generate arrow 33/71...
Trying to generate arrow 34/71...
Trying to generate arrow 35/71...
Trying to generate arrow 36/71...
Trying to generate arrow 37/71...
Trying to generate arrow 38/71...
Trying to generate arrow 39/71...
Trying to generate arrow 40/71...
Trying to generate arrow 41/71...
Trying to generate arrow 42/71...
Trying to generate arrow 43/71...
Trying to generate arrow 44/71...
Trying to generate arrow 45/71...
Trying to generate arrow 46/71...
Trying to generate arrow 47/71...
Trying to generate arrow 48/71...
Trying to generate arrow 49/71...
Trying to generate arrow 50/71...
Trying to generate arrow 51/71...
Trying to generate arrow 52/71...
Trying to generate arrow 53/71...
Trying to generate arrow 54/71...
Trying to generate arrow 55/71...
Trying to generate arrow 56/71...
Trying to generate arrow 57/71...
Trying to generate arrow 58/71...
Trying to generate arrow 59/71...
Trying to generate arrow 60/71...
Trying to generate arrow 61/71...
Trying to generate arrow 62/71...
Trying to generate arrow 63/71...
Trying to generate arrow 64/71...
Trying to generate arrow 65/71...
Trying to generate arrow 66/71...
Trying to generate arrow 67/71...
Trying to generate arrow 68/71...
Trying to generate arrow 69/71...
Trying to generate arrow 70/71...
Trying to generate arrow 71/71...
Successfully generated 71 arrows!
Kết quả vòng lặp: Successfully generated 71 arrows!
Giảm độ dài từ 17...
Độ dài vòng tiếp theo: 12

========================================
--- BẮT ĐẦU VÒNG LẶP (Length = 12) ---
Ô đã chiếm: 965 / Ô còn trống: 235
Đề xuất tạo 20 mũi tên cho vòng lặp này...
Generating level in painted area... (This will be slow)
Trying to generate arrow 1/20...
Trying to generate arrow 2/20...
Trying to generate arrow 3/20...
Trying to generate arrow 4/20...
Trying to generate arrow 5/20...
Trying to generate arrow 6/20...
Trying to generate arrow 7/20...
Trying to generate arrow 8/20...
Trying to generate arrow 9/20...
Could not find valid arrow 9. Stopping.
Successfully generated 8 arrows!
Kết quả vòng lặp: Successfully generated 8 arrows!
Giảm độ dài từ 12...
Độ dài vòng tiếp theo: 7

========================================
--- BẮT ĐẦU VÒNG LẶP (Length = 7) ---
Ô đã chiếm: 1015 / Ô còn trống: 185
Đề xuất tạo 26 mũi tên cho vòng lặp này...
Generating level in painted area... (This will be slow)
Trying to generate arrow 1/26...
Trying to generate arrow 2/26...
Trying to generate arrow 3/26...
Trying to generate arrow 4/26...
Trying to generate arrow 5/26...
Trying to generate arrow 6/26...
Trying to generate arrow 7/26...
Trying to generate arrow 8/26...
Trying to generate arrow 9/26...
Trying to generate arrow 10/26...
Trying to generate arrow 11/26...
Trying to generate arrow 12/26...
Trying to generate arrow 13/26...
Trying to generate arrow 14/26...
Trying to generate arrow 15/26...
Trying to generate arrow 16/26...
Trying to generate arrow 17/26...
Trying to generate arrow 18/26...
Trying to generate arrow 19/26...
Trying to generate arrow 20/26...
Trying to generate arrow 21/26...
Trying to generate arrow 22/26...
Trying to generate arrow 23/26...
Trying to generate arrow 24/26...
Trying to generate arrow 25/26...
Trying to generate arrow 26/26...
Could not find valid arrow 26. Stopping.
Successfully generated 25 arrows!
Kết quả vòng lặp: Successfully generated 25 arrows!
Giảm độ dài từ 7...
Độ dài vòng tiếp theo: 5

========================================
--- BẮT ĐẦU VÒNG LẶP (Length = 5) ---
Ô đã chiếm: 1108 / Ô còn trống: 92
Đề xuất tạo 18 mũi tên cho vòng lặp này...
Generating level in painted area... (This will be slow)
Trying to generate arrow 1/18...
Trying to generate arrow 2/18...
Trying to generate arrow 3/18...
Trying to generate arrow 4/18...
Trying to generate arrow 5/18...
Trying to generate arrow 6/18...
Trying to generate arrow 7/18...
Trying to generate arrow 8/18...
Trying to generate arrow 9/18...
Trying to generate arrow 10/18...
Trying to generate arrow 11/18...
Trying to generate arrow 12/18...
Trying to generate arrow 13/18...
Trying to generate arrow 14/18...
Trying to generate arrow 15/18...
Trying to generate arrow 16/18...
Trying to generate arrow 17/18...
Trying to generate arrow 18/18...
Successfully generated 18 arrows!
Kết quả vòng lặp: Successfully generated 18 arrows!
Tiếp tục lặp lại ở độ dài tối thiểu (5)...

========================================
--- BẮT ĐẦU VÒNG LẶP (Length = 5) ---
Ô đã chiếm: 1144 / Ô còn trống: 56
Đề xuất tạo 11 mũi tên cho vòng lặp này...
Generating level in painted area... (This will be slow)
Trying to generate arrow 1/11...
Trying to generate arrow 2/11...
Trying to generate arrow 3/11...
Trying to generate arrow 4/11...
Trying to generate arrow 5/11...
Could not find valid arrow 5. Stopping.
Successfully generated 4 arrows!
Kết quả vòng lặp: Successfully generated 4 arrows!
Tiếp tục lặp lại ở độ dài tối thiểu (5)...

========================================
--- BẮT ĐẦU VÒNG LẶP (Length = 5) ---
Ô đã chiếm: 1152 / Ô còn trống: 48
Đề xuất tạo 10 mũi tên cho vòng lặp này...
Generating level in painted area... (This will be slow)
Trying to generate arrow 1/10...
Could not find valid arrow 1. Stopping.
Kết quả vòng lặp: Generation complete, but 0 valid arrows found. Try again.
Không thể tạo thêm mũi tên ở độ dài này.
Đã đạt độ dài tối thiểu và không thể tạo thêm. Dừng.

========================================
--- ĐÃ HOÀN TẤT TẤT CẢ CÁC VÒNG LẶP ---
Tổng cộng đã tạo: 126 mũi tên.
Đã lấp đầy 1152 / 1200 ô (96.0%)
--- Đang lưu kết quả ra: level_set/level_set_3/2_result_test/33.json ---
Đã lưu thành công level 30x40 với 126 mũi tên.
--- Bản đồ kết quả (ASCII) ---
                                
 ^<#<###############..##<###### 
 #.######.##########^###<###### 
 ########^###########.##<##<### 
 ^#########<####^####^#.##<#### 
 #^########.<######^^##<####### 
 ######>###...################# 
 ##########<##############v#### 
 ##########^^#######>########## 
 #^#^####^v#####.<#####vv###.## 
 #####################.###>#>#. 
 ######v###################>.## 
 ################.#####>.####^# 
 ######v####v#######^########## 
 #^######^##################### 
 #########v####>############### 
 ###>.#.##.##########>###vv#### 
 .<#####.#########.############ 
 ###<#<######.<#######v###.###. 
 #^###>############^##>######## 
 #############^^#########vv##.# 
 #^####################v####^## 
 #########vv#####v############> 
 ####<#<#..###################^ 
 ######################v####### 
 #.###################>.####### 
 ##.##>#####.#######.##>.v#.### 
 ####<#####v#############>v.##> 
 ##########.v^#^#######v##>#### 
 ######v#########.############# 
 ###############v############## 
 #v#######.####^###########<### 
 ###v.v####v############v###### 
 ######v#####.############v#### 
 ##v###########>###########>### 
 v######<##<#############<##<## 
 .##############v##<#v##v#####v 
 ############v##<############## 
 ##########.#########v.#######v 
 .#v<#v######<#####>v########## 
 <#<######<#######.<#####.v#### 
                                
--- Đang render: 33 (30x40) ---
✅ Đã lưu hình ảnh vào: level_set/level_set_3/3_render/33.png
13 star.png 30
args: Args(level_set_path=PosixPath('level_set/level_set_3'), start_length=17, length_step=5, min_length=5, size=(30, 30), turn_probability=0.5, straight_weight=0.75, left_weight=0.25, right_weight=0.5, max_turns=6, generate_mode='basic', csv_path=PosixPath('level_set/level_set_3/[Data] levels - test dataframe.csv'), csv=    level_name    template_name  ...  size_y  is_icon
0           21     pentagon.png  ...      25      NaN
1           22         star.png  ...      25      NaN
2           23       square.png  ...      35      NaN
3           24     pentagon.png  ...      25      NaN
4           25  AIR BALLOON.png  ...      25        *
5           26       square.png  ...      25      NaN
6           27       circle.png  ...      30      NaN
7           28      hexagon.png  ...      30      NaN
8           29       square.png  ...      40      NaN
9           30         BODY.png  ...      25        *
10          31       circle.png  ...      30      NaN
11          32     pentagon.png  ...      30      NaN
12          33       square.png  ...      40      NaN
13          34         star.png  ...      30      NaN
14          35        CHESS.png  ...      30        *
15          36      hexagon.png  ...      25      NaN
16          37       square.png  ...      30      NaN
17          38       circle.png  ...      30      NaN
18          39       square.png  ...      45      NaN
19          40   CRUSTACEAN.png  ...      30        *
20          41     pentagon.png  ...      30      NaN
21          42         star.png  ...      30      NaN
22          43        rectangle  ...      45      NaN
23          44     pentagon.png  ...      35      NaN
24          45  FLAT SHAPES.png  ...      30        *
25          46         star.png  ...      30      NaN
26          47       circle.png  ...      35      NaN
27          48      hexagon.png  ...      35      NaN
28          49        rectangle  ...      45      NaN
29          50        HOUSE.png  ...      30        *
30          51       circle.png  ...      30      NaN
31          52     pentagon.png  ...      35      NaN
32          53        rectangle  ...      40      NaN
33          54       square.png  ...      35      NaN
34          55        PLANE.png  ...      30        *
35          56      hexagon.png  ...      35      NaN
36          57       square.png  ...      40      NaN
37          58       circle.png  ...      35      NaN
38          59        rectangle  ...      45      NaN
39          60       SPIDER.png  ...      35        *

[40 rows x 8 columns], item_path='level_set/level_set_3/1_0_original_icons/star.png', item_name='star.png', alter_item_name='34')
Đang xử lý: 'level_set/level_set_3/1_0_original_icons/star.png' (Kích thước gốc: (250, 250))
==> Đã lưu vào: 'level_set/level_set_3/1_1_icons/star.png' (Kích thước mới: (30, 30))
Đã tải ảnh 'level_set/level_set_3/1_1_icons/star.png' (Kích thước: 30x30)
Sử dụng ngưỡng Alpha: 128
Hoàn thành! Đã lưu board vào 'level_set/level_set_3/1_board_test/34'.
--- Đang tải board từ: level_set/level_set_3/1_board_test/34 ---
Đã tải thành công 306 ô 'editable'.
Tổng số ô có thể vẽ: 306

========================================
--- BẮT ĐẦU VÒNG LẶP (Length = 17) ---
Ô đã chiếm: 0 / Ô còn trống: 306
Đề xuất tạo 18 mũi tên cho vòng lặp này...
Generating level in painted area... (This will be slow)
Trying to generate arrow 1/18...
Trying to generate arrow 2/18...
Trying to generate arrow 3/18...
Trying to generate arrow 4/18...
Trying to generate arrow 5/18...
Trying to generate arrow 6/18...
Trying to generate arrow 7/18...
Trying to generate arrow 8/18...
Trying to generate arrow 9/18...
Trying to generate arrow 10/18...
Trying to generate arrow 11/18...
Trying to generate arrow 12/18...
Trying to generate arrow 13/18...
Trying to generate arrow 14/18...
Trying to generate arrow 15/18...
Trying to generate arrow 16/18...
Trying to generate arrow 17/18...
Trying to generate arrow 18/18...
Successfully generated 18 arrows!
Kết quả vòng lặp: Successfully generated 18 arrows!
Giảm độ dài từ 17...
Độ dài vòng tiếp theo: 12

========================================
--- BẮT ĐẦU VÒNG LẶP (Length = 12) ---
Ô đã chiếm: 241 / Ô còn trống: 65
Đề xuất tạo 5 mũi tên cho vòng lặp này...
Generating level in painted area... (This will be slow)
Trying to generate arrow 1/5...
Trying to generate arrow 2/5...
Trying to generate arrow 3/5...
Trying to generate arrow 4/5...
Trying to generate arrow 5/5...
Successfully generated 5 arrows!
Kết quả vòng lặp: Successfully generated 5 arrows!
Giảm độ dài từ 12...
Độ dài vòng tiếp theo: 7

========================================
--- BẮT ĐẦU VÒNG LẶP (Length = 7) ---
Ô đã chiếm: 275 / Ô còn trống: 31
Đề xuất tạo 4 mũi tên cho vòng lặp này...
Generating level in painted area... (This will be slow)
Trying to generate arrow 1/4...
Trying to generate arrow 2/4...
Trying to generate arrow 3/4...
Trying to generate arrow 4/4...
Could not find valid arrow 4. Stopping.
Successfully generated 3 arrows!
Kết quả vòng lặp: Successfully generated 3 arrows!
Giảm độ dài từ 7...
Độ dài vòng tiếp theo: 5

========================================
--- BẮT ĐẦU VÒNG LẶP (Length = 5) ---
Ô đã chiếm: 285 / Ô còn trống: 21
Đề xuất tạo 4 mũi tên cho vòng lặp này...
Generating level in painted area... (This will be slow)
Trying to generate arrow 1/4...
Trying to generate arrow 2/4...
Trying to generate arrow 3/4...
Trying to generate arrow 4/4...
Successfully generated 4 arrows!
Kết quả vòng lặp: Successfully generated 4 arrows!
Tiếp tục lặp lại ở độ dài tối thiểu (5)...

========================================
--- BẮT ĐẦU VÒNG LẶP (Length = 5) ---
Ô đã chiếm: 293 / Ô còn trống: 13
Đề xuất tạo 3 mũi tên cho vòng lặp này...
Generating level in painted area... (This will be slow)
Trying to generate arrow 1/3...
Could not find valid arrow 1. Stopping.
Kết quả vòng lặp: Generation complete, but 0 valid arrows found. Try again.
Không thể tạo thêm mũi tên ở độ dài này.
Đã đạt độ dài tối thiểu và không thể tạo thêm. Dừng.

========================================
--- ĐÃ HOÀN TẤT TẤT CẢ CÁC VÒNG LẶP ---
Tổng cộng đã tạo: 30 mũi tên.
Đã lấp đầy 293 / 306 ô (95.8%)
--- Đang lưu kết quả ra: level_set/level_set_3/2_result_test/34.json ---
Đã lưu thành công level 26x24 với 30 mũi tên.
--- Bản đồ kết quả (ASCII) ---
                            
             #>             
             ##             
            ####            
            ####            
           ######           
           #<####           
          <#^#####          
        <#####.#####        
 ######>#####>############# 
 ######.########>#####^##^v 
  #######>#####>##########  
   #################>###.   
    <##########<####>.##    
     #v###v##^####.<###     
      .###########>#>.      
       ###>.########.       
       ##############       
       #####.##<#####       
       #.############       
      ################      
      #######  ####.##      
      ##^v##    ##v###      
      ####        .###      
      #>            #v      
                            
--- Đang render: 34 (26x24) ---
✅ Đã lưu hình ảnh vào: level_set/level_set_3/3_render/34.png
14 CHESS.png 30
args: Args(level_set_path=PosixPath('level_set/level_set_3'), start_length=17, length_step=5, min_length=5, size=(30, 30), turn_probability=0.5, straight_weight=0.75, left_weight=0.25, right_weight=0.5, max_turns=6, generate_mode='basic', csv_path=PosixPath('level_set/level_set_3/[Data] levels - test dataframe.csv'), csv=    level_name    template_name  ...  size_y  is_icon
0           21     pentagon.png  ...      25      NaN
1           22         star.png  ...      25      NaN
2           23       square.png  ...      35      NaN
3           24     pentagon.png  ...      25      NaN
4           25  AIR BALLOON.png  ...      25        *
5           26       square.png  ...      25      NaN
6           27       circle.png  ...      30      NaN
7           28      hexagon.png  ...      30      NaN
8           29       square.png  ...      40      NaN
9           30         BODY.png  ...      25        *
10          31       circle.png  ...      30      NaN
11          32     pentagon.png  ...      30      NaN
12          33       square.png  ...      40      NaN
13          34         star.png  ...      30      NaN
14          35        CHESS.png  ...      30        *
15          36      hexagon.png  ...      25      NaN
16          37       square.png  ...      30      NaN
17          38       circle.png  ...      30      NaN
18          39       square.png  ...      45      NaN
19          40   CRUSTACEAN.png  ...      30        *
20          41     pentagon.png  ...      30      NaN
21          42         star.png  ...      30      NaN
22          43        rectangle  ...      45      NaN
23          44     pentagon.png  ...      35      NaN
24          45  FLAT SHAPES.png  ...      30        *
25          46         star.png  ...      30      NaN
26          47       circle.png  ...      35      NaN
27          48      hexagon.png  ...      35      NaN
28          49        rectangle  ...      45      NaN
29          50        HOUSE.png  ...      30        *
30          51       circle.png  ...      30      NaN
31          52     pentagon.png  ...      35      NaN
32          53        rectangle  ...      40      NaN
33          54       square.png  ...      35      NaN
34          55        PLANE.png  ...      30        *
35          56      hexagon.png  ...      35      NaN
36          57       square.png  ...      40      NaN
37          58       circle.png  ...      35      NaN
38          59        rectangle  ...      45      NaN
39          60       SPIDER.png  ...      35        *

[40 rows x 8 columns], item_path='level_set/level_set_3/1_0_original_icons/CHESS.png', item_name='CHESS.png', alter_item_name='35')
Đang xử lý: 'level_set/level_set_3/1_0_original_icons/CHESS.png' (Kích thước gốc: (165, 232))
==> Đã lưu vào: 'level_set/level_set_3/1_1_icons/CHESS.png' (Kích thước mới: (30, 30))
Đã tải ảnh 'level_set/level_set_3/1_1_icons/CHESS.png' (Kích thước: 30x30)
Sử dụng ngưỡng Alpha: 128
Hoàn thành! Đã lưu board vào 'level_set/level_set_3/1_board_test/35'.
--- Đang tải board từ: level_set/level_set_3/1_board_test/35 ---
Đã tải thành công 324 ô 'editable'.
Tổng số ô có thể vẽ: 324

========================================
--- BẮT ĐẦU VÒNG LẶP (Length = 17) ---
Ô đã chiếm: 0 / Ô còn trống: 324
Đề xuất tạo 19 mũi tên cho vòng lặp này...
Generating level in painted area... (This will be slow)
Trying to generate arrow 1/19...
Trying to generate arrow 2/19...
Trying to generate arrow 3/19...
Trying to generate arrow 4/19...
Trying to generate arrow 5/19...
Trying to generate arrow 6/19...
Trying to generate arrow 7/19...
Trying to generate arrow 8/19...
Trying to generate arrow 9/19...
Trying to generate arrow 10/19...
Trying to generate arrow 11/19...
Trying to generate arrow 12/19...
Trying to generate arrow 13/19...
Trying to generate arrow 14/19...
Trying to generate arrow 15/19...
Trying to generate arrow 16/19...
Trying to generate arrow 17/19...
Trying to generate arrow 18/19...
Trying to generate arrow 19/19...
Successfully generated 19 arrows!
Kết quả vòng lặp: Successfully generated 19 arrows!
Giảm độ dài từ 17...
Độ dài vòng tiếp theo: 12

========================================
--- BẮT ĐẦU VÒNG LẶP (Length = 12) ---
Ô đã chiếm: 221 / Ô còn trống: 103
Đề xuất tạo 9 mũi tên cho vòng lặp này...
Generating level in painted area... (This will be slow)
Trying to generate arrow 1/9...
Trying to generate arrow 2/9...
Trying to generate arrow 3/9...
Trying to generate arrow 4/9...
Trying to generate arrow 5/9...
Trying to generate arrow 6/9...
Could not find valid arrow 6. Stopping.
Successfully generated 5 arrows!
Kết quả vòng lặp: Successfully generated 5 arrows!
Giảm độ dài từ 12...
Độ dài vòng tiếp theo: 7

========================================
--- BẮT ĐẦU VÒNG LẶP (Length = 7) ---
Ô đã chiếm: 257 / Ô còn trống: 67
Đề xuất tạo 10 mũi tên cho vòng lặp này...
Generating level in painted area... (This will be slow)
Trying to generate arrow 1/10...
Trying to generate arrow 2/10...
Trying to generate arrow 3/10...
Trying to generate arrow 4/10...
Trying to generate arrow 5/10...
Trying to generate arrow 6/10...
Trying to generate arrow 7/10...
Trying to generate arrow 8/10...
Trying to generate arrow 9/10...
Trying to generate arrow 10/10...
Successfully generated 10 arrows!
Kết quả vòng lặp: Successfully generated 10 arrows!
Giảm độ dài từ 7...
Độ dài vòng tiếp theo: 5

========================================
--- BẮT ĐẦU VÒNG LẶP (Length = 5) ---
Ô đã chiếm: 294 / Ô còn trống: 30
Đề xuất tạo 6 mũi tên cho vòng lặp này...
Generating level in painted area... (This will be slow)
Trying to generate arrow 1/6...
Trying to generate arrow 2/6...
Trying to generate arrow 3/6...
Trying to generate arrow 4/6...
Trying to generate arrow 5/6...
Could not find valid arrow 5. Stopping.
Successfully generated 4 arrows!
Kết quả vòng lặp: Successfully generated 4 arrows!
Tiếp tục lặp lại ở độ dài tối thiểu (5)...

========================================
--- BẮT ĐẦU VÒNG LẶP (Length = 5) ---
Ô đã chiếm: 302 / Ô còn trống: 22
Đề xuất tạo 4 mũi tên cho vòng lặp này...
Generating level in painted area... (This will be slow)
Trying to generate arrow 1/4...
Could not find valid arrow 1. Stopping.
Kết quả vòng lặp: Generation complete, but 0 valid arrows found. Try again.
Không thể tạo thêm mũi tên ở độ dài này.
Đã đạt độ dài tối thiểu và không thể tạo thêm. Dừng.

========================================
--- ĐÃ HOÀN TẤT TẤT CẢ CÁC VÒNG LẶP ---
Tổng cộng đã tạo: 38 mũi tên.
Đã lấp đầy 302 / 324 ô (93.2%)
--- Đang lưu kết quả ra: level_set/level_set_3/2_result_test/35.json ---
Đã lưu thành công level 28x28 với 38 mũi tên.
--- Bản đồ kết quả (ASCII) ---
                              
               .              
           ######>.           
          .#######<#          
         #####.#####.         
         ###########^         
         ######^#####         
         vv^####v####         
          .######v##          
           #####v .           
                              
                              
        <###<####.<#.##       
        ####<####<#####       
                              
                              
           ########>          
          .#######.#          
          ###>######          
         #########>##         
         vv<#########         
        ###^####v##.##        
       #######<#######^       
      <#v#<#########.##.      
                              
                              
   ####.##.############>###.  
 .<###################.####^# 
 ^#########.#####>#.##^###### 
 ####v<###v<#########.####### 
                              
--- Đang render: 35 (28x28) ---
✅ Đã lưu hình ảnh vào: level_set/level_set_3/3_render/35.png
15 hexagon.png 25
args: Args(level_set_path=PosixPath('level_set/level_set_3'), start_length=17, length_step=5, min_length=5, size=(25, 25), turn_probability=0.5, straight_weight=0.75, left_weight=0.25, right_weight=0.5, max_turns=6, generate_mode='basic', csv_path=PosixPath('level_set/level_set_3/[Data] levels - test dataframe.csv'), csv=    level_name    template_name  ...  size_y  is_icon
0           21     pentagon.png  ...      25      NaN
1           22         star.png  ...      25      NaN
2           23       square.png  ...      35      NaN
3           24     pentagon.png  ...      25      NaN
4           25  AIR BALLOON.png  ...      25        *
5           26       square.png  ...      25      NaN
6           27       circle.png  ...      30      NaN
7           28      hexagon.png  ...      30      NaN
8           29       square.png  ...      40      NaN
9           30         BODY.png  ...      25        *
10          31       circle.png  ...      30      NaN
11          32     pentagon.png  ...      30      NaN
12          33       square.png  ...      40      NaN
13          34         star.png  ...      30      NaN
14          35        CHESS.png  ...      30        *
15          36      hexagon.png  ...      25      NaN
16          37       square.png  ...      30      NaN
17          38       circle.png  ...      30      NaN
18          39       square.png  ...      45      NaN
19          40   CRUSTACEAN.png  ...      30        *
20          41     pentagon.png  ...      30      NaN
21          42         star.png  ...      30      NaN
22          43        rectangle  ...      45      NaN
23          44     pentagon.png  ...      35      NaN
24          45  FLAT SHAPES.png  ...      30        *
25          46         star.png  ...      30      NaN
26          47       circle.png  ...      35      NaN
27          48      hexagon.png  ...      35      NaN
28          49        rectangle  ...      45      NaN
29          50        HOUSE.png  ...      30        *
30          51       circle.png  ...      30      NaN
31          52     pentagon.png  ...      35      NaN
32          53        rectangle  ...      40      NaN
33          54       square.png  ...      35      NaN
34          55        PLANE.png  ...      30        *
35          56      hexagon.png  ...      35      NaN
36          57       square.png  ...      40      NaN
37          58       circle.png  ...      35      NaN
38          59        rectangle  ...      45      NaN
39          60       SPIDER.png  ...      35        *

[40 rows x 8 columns], item_path='level_set/level_set_3/1_0_original_icons/hexagon.png', item_name='hexagon.png', alter_item_name='36')
Đang xử lý: 'level_set/level_set_3/1_0_original_icons/hexagon.png' (Kích thước gốc: (250, 250))
==> Đã lưu vào: 'level_set/level_set_3/1_1_icons/hexagon.png' (Kích thước mới: (25, 25))
Đã tải ảnh 'level_set/level_set_3/1_1_icons/hexagon.png' (Kích thước: 25x25)
Sử dụng ngưỡng Alpha: 128
Hoàn thành! Đã lưu board vào 'level_set/level_set_3/1_board_test/36'.
--- Đang tải board từ: level_set/level_set_3/1_board_test/36 ---
Đã tải thành công 397 ô 'editable'.
Tổng số ô có thể vẽ: 397

========================================
--- BẮT ĐẦU VÒNG LẶP (Length = 17) ---
Ô đã chiếm: 0 / Ô còn trống: 397
Đề xuất tạo 23 mũi tên cho vòng lặp này...
Generating level in painted area... (This will be slow)
Trying to generate arrow 1/23...
Trying to generate arrow 2/23...
Trying to generate arrow 3/23...
Trying to generate arrow 4/23...
Trying to generate arrow 5/23...
Trying to generate arrow 6/23...
Trying to generate arrow 7/23...
Trying to generate arrow 8/23...
Trying to generate arrow 9/23...
Trying to generate arrow 10/23...
Trying to generate arrow 11/23...
Trying to generate arrow 12/23...
Trying to generate arrow 13/23...
Trying to generate arrow 14/23...
Trying to generate arrow 15/23...
Trying to generate arrow 16/23...
Trying to generate arrow 17/23...
Trying to generate arrow 18/23...
Trying to generate arrow 19/23...
Trying to generate arrow 20/23...
Trying to generate arrow 21/23...
Trying to generate arrow 22/23...
Trying to generate arrow 23/23...
Successfully generated 23 arrows!
Kết quả vòng lặp: Successfully generated 23 arrows!
Giảm độ dài từ 17...
Độ dài vòng tiếp theo: 12

========================================
--- BẮT ĐẦU VÒNG LẶP (Length = 12) ---
Ô đã chiếm: 312 / Ô còn trống: 85
Đề xuất tạo 7 mũi tên cho vòng lặp này...
Generating level in painted area... (This will be slow)
Trying to generate arrow 1/7...
Trying to generate arrow 2/7...
Trying to generate arrow 3/7...
Trying to generate arrow 4/7...
Trying to generate arrow 5/7...
Trying to generate arrow 6/7...
Trying to generate arrow 7/7...
Could not find valid arrow 7. Stopping.
Successfully generated 6 arrows!
Kết quả vòng lặp: Successfully generated 6 arrows!
Giảm độ dài từ 12...
Độ dài vòng tiếp theo: 7

========================================
--- BẮT ĐẦU VÒNG LẶP (Length = 7) ---
Ô đã chiếm: 349 / Ô còn trống: 48
Đề xuất tạo 7 mũi tên cho vòng lặp này...
Generating level in painted area... (This will be slow)
Trying to generate arrow 1/7...
Trying to generate arrow 2/7...
Trying to generate arrow 3/7...
Trying to generate arrow 4/7...
Trying to generate arrow 5/7...
Trying to generate arrow 6/7...
Could not find valid arrow 6. Stopping.
Successfully generated 5 arrows!
Kết quả vòng lặp: Successfully generated 5 arrows!
Giảm độ dài từ 7...
Độ dài vòng tiếp theo: 5

========================================
--- BẮT ĐẦU VÒNG LẶP (Length = 5) ---
Ô đã chiếm: 365 / Ô còn trống: 32
Đề xuất tạo 6 mũi tên cho vòng lặp này...
Generating level in painted area... (This will be slow)
Trying to generate arrow 1/6...
Trying to generate arrow 2/6...
Trying to generate arrow 3/6...
Trying to generate arrow 4/6...
Trying to generate arrow 5/6...
Trying to generate arrow 6/6...
Successfully generated 6 arrows!
Kết quả vòng lặp: Successfully generated 6 arrows!
Tiếp tục lặp lại ở độ dài tối thiểu (5)...

========================================
--- BẮT ĐẦU VÒNG LẶP (Length = 5) ---
Ô đã chiếm: 377 / Ô còn trống: 20
Đề xuất tạo 4 mũi tên cho vòng lặp này...
Generating level in painted area... (This will be slow)
Trying to generate arrow 1/4...
Trying to generate arrow 2/4...
Could not find valid arrow 2. Stopping.
Successfully generated 1 arrows!
Kết quả vòng lặp: Successfully generated 1 arrows!
Tiếp tục lặp lại ở độ dài tối thiểu (5)...

========================================
--- BẮT ĐẦU VÒNG LẶP (Length = 5) ---
Ô đã chiếm: 379 / Ô còn trống: 18
Đề xuất tạo 4 mũi tên cho vòng lặp này...
Generating level in painted area... (This will be slow)
Trying to generate arrow 1/4...
Could not find valid arrow 1. Stopping.
Kết quả vòng lặp: Generation complete, but 0 valid arrows found. Try again.
Không thể tạo thêm mũi tên ở độ dài này.
Đã đạt độ dài tối thiểu và không thể tạo thêm. Dừng.

========================================
--- ĐÃ HOÀN TẤT TẤT CẢ CÁC VÒNG LẶP ---
Tổng cộng đã tạo: 41 mũi tên.
Đã lấp đầy 379 / 397 ô (95.5%)
--- Đang lưu kết quả ra: level_set/level_set_3/2_result_test/36.json ---
Đã lưu thành công level 23x21 với 41 mũi tên.
--- Bản đồ kết quả (ASCII) ---
                           
       ###^#######>.       
      ###############      
      #####.#####.###      
     ###<############.     
    ^#>#########>######    
    #<########.####.v##    
   ^######v##v^#########   
   #####################   
  #######################  
  ##.########>###.####v##  
 .^##########>##v##v#v.##. 
  ###.##############v####  
  ###^v########>####>v###  
   #####.##v############   
   ##############<####<#   
    #######v######>##v.    
    ##v#######>#######>    
     #<####v#########.     
      ##.####<#.##.##      
      v#<############      
       <##########<#       
                           
--- Đang render: 36 (23x21) ---
✅ Đã lưu hình ảnh vào: level_set/level_set_3/3_render/36.png
16 square.png 30
args: Args(level_set_path=PosixPath('level_set/level_set_3'), start_length=17, length_step=5, min_length=5, size=(30, 30), turn_probability=0.5, straight_weight=0.75, left_weight=0.25, right_weight=0.5, max_turns=6, generate_mode='advance', csv_path=PosixPath('level_set/level_set_3/[Data] levels - test dataframe.csv'), csv=    level_name    template_name  ...  size_y  is_icon
0           21     pentagon.png  ...      25      NaN
1           22         star.png  ...      25      NaN
2           23       square.png  ...      35      NaN
3           24     pentagon.png  ...      25      NaN
4           25  AIR BALLOON.png  ...      25        *
5           26       square.png  ...      25      NaN
6           27       circle.png  ...      30      NaN
7           28      hexagon.png  ...      30      NaN
8           29       square.png  ...      40      NaN
9           30         BODY.png  ...      25        *
10          31       circle.png  ...      30      NaN
11          32     pentagon.png  ...      30      NaN
12          33       square.png  ...      40      NaN
13          34         star.png  ...      30      NaN
14          35        CHESS.png  ...      30        *
15          36      hexagon.png  ...      25      NaN
16          37       square.png  ...      30      NaN
17          38       circle.png  ...      30      NaN
18          39       square.png  ...      45      NaN
19          40   CRUSTACEAN.png  ...      30        *
20          41     pentagon.png  ...      30      NaN
21          42         star.png  ...      30      NaN
22          43        rectangle  ...      45      NaN
23          44     pentagon.png  ...      35      NaN
24          45  FLAT SHAPES.png  ...      30        *
25          46         star.png  ...      30      NaN
26          47       circle.png  ...      35      NaN
27          48      hexagon.png  ...      35      NaN
28          49        rectangle  ...      45      NaN
29          50        HOUSE.png  ...      30        *
30          51       circle.png  ...      30      NaN
31          52     pentagon.png  ...      35      NaN
32          53        rectangle  ...      40      NaN
33          54       square.png  ...      35      NaN
34          55        PLANE.png  ...      30        *
35          56      hexagon.png  ...      35      NaN
36          57       square.png  ...      40      NaN
37          58       circle.png  ...      35      NaN
38          59        rectangle  ...      45      NaN
39          60       SPIDER.png  ...      35        *

[40 rows x 8 columns], item_path='level_set/level_set_3/1_0_original_icons/square.png', item_name='square.png', alter_item_name='37')
Đang xử lý: 'level_set/level_set_3/1_0_original_icons/square.png' (Kích thước gốc: (250, 250))
==> Đã lưu vào: 'level_set/level_set_3/1_1_icons/square.png' (Kích thước mới: (30, 30))
Đã tải ảnh 'level_set/level_set_3/1_1_icons/square.png' (Kích thước: 30x30)
Sử dụng ngưỡng Alpha: 128
Hoàn thành! Đã lưu board vào 'level_set/level_set_3/1_board_test/37'.
--- Đang tải board từ: level_set/level_set_3/1_board_test/37 ---
Đã tải thành công 900 ô 'editable'.
Tổng số ô có thể vẽ: 900

========================================
--- BẮT ĐẦU VÒNG LẶP (Length = 17) ---
Ô đã chiếm: 0 / Ô còn trống: 900
Đề xuất tạo 53 mũi tên cho vòng lặp này...
Generating ADVANCED level in painted area... (This will be slow)
Trying to generate (adv) arrow 1/53...
Trying to generate (adv) arrow 2/53...
Trying to generate (adv) arrow 3/53...
Trying to generate (adv) arrow 4/53...
Trying to generate (adv) arrow 5/53...
Trying to generate (adv) arrow 6/53...
Trying to generate (adv) arrow 7/53...
Trying to generate (adv) arrow 8/53...
Trying to generate (adv) arrow 9/53...
Trying to generate (adv) arrow 10/53...
Trying to generate (adv) arrow 11/53...
Trying to generate (adv) arrow 12/53...
Trying to generate (adv) arrow 13/53...
Trying to generate (adv) arrow 14/53...
Trying to generate (adv) arrow 15/53...
Trying to generate (adv) arrow 16/53...
Trying to generate (adv) arrow 17/53...
Trying to generate (adv) arrow 18/53...
Trying to generate (adv) arrow 19/53...
Trying to generate (adv) arrow 20/53...
Trying to generate (adv) arrow 21/53...
Trying to generate (adv) arrow 22/53...
Trying to generate (adv) arrow 23/53...
Trying to generate (adv) arrow 24/53...
Trying to generate (adv) arrow 25/53...
Trying to generate (adv) arrow 26/53...
Trying to generate (adv) arrow 27/53...
Trying to generate (adv) arrow 28/53...
Trying to generate (adv) arrow 29/53...
Trying to generate (adv) arrow 30/53...
Trying to generate (adv) arrow 31/53...
Trying to generate (adv) arrow 32/53...
Trying to generate (adv) arrow 33/53...
Trying to generate (adv) arrow 34/53...
Trying to generate (adv) arrow 35/53...
Trying to generate (adv) arrow 36/53...
Trying to generate (adv) arrow 37/53...
Trying to generate (adv) arrow 38/53...
Trying to generate (adv) arrow 39/53...
Trying to generate (adv) arrow 40/53...
Trying to generate (adv) arrow 41/53...
Trying to generate (adv) arrow 42/53...
Trying to generate (adv) arrow 43/53...
Trying to generate (adv) arrow 44/53...
Trying to generate (adv) arrow 45/53...
Trying to generate (adv) arrow 46/53...
Trying to generate (adv) arrow 47/53...
Trying to generate (adv) arrow 48/53...
Trying to generate (adv) arrow 49/53...
Trying to generate (adv) arrow 50/53...
Trying to generate (adv) arrow 51/53...
Trying to generate (adv) arrow 52/53...
Trying to generate (adv) arrow 53/53...
Successfully generated 53 arrows!
Kết quả vòng lặp: Successfully generated 53 arrows!
Giảm độ dài từ 17...
Độ dài vòng tiếp theo: 12

========================================
--- BẮT ĐẦU VÒNG LẶP (Length = 12) ---
Ô đã chiếm: 703 / Ô còn trống: 197
Đề xuất tạo 16 mũi tên cho vòng lặp này...
Generating ADVANCED level in painted area... (This will be slow)
Trying to generate (adv) arrow 1/16...
Trying to generate (adv) arrow 2/16...
Trying to generate (adv) arrow 3/16...
Trying to generate (adv) arrow 4/16...
Trying to generate (adv) arrow 5/16...
Trying to generate (adv) arrow 6/16...
Trying to generate (adv) arrow 7/16...
Trying to generate (adv) arrow 8/16...
Trying to generate (adv) arrow 9/16...
Trying to generate (adv) arrow 10/16...
Trying to generate (adv) arrow 11/16...
Trying to generate (adv) arrow 12/16...
Trying to generate (adv) arrow 13/16...
Trying to generate (adv) arrow 14/16...
Could not find valid arrow 14. Stopping.
Successfully generated 13 arrows!
Kết quả vòng lặp: Successfully generated 13 arrows!
Giảm độ dài từ 12...
Độ dài vòng tiếp theo: 7

========================================
--- BẮT ĐẦU VÒNG LẶP (Length = 7) ---
Ô đã chiếm: 793 / Ô còn trống: 107
Đề xuất tạo 15 mũi tên cho vòng lặp này...
Generating ADVANCED level in painted area... (This will be slow)
Trying to generate (adv) arrow 1/15...
Trying to generate (adv) arrow 2/15...
Trying to generate (adv) arrow 3/15...
Trying to generate (adv) arrow 4/15...
Trying to generate (adv) arrow 5/15...
Trying to generate (adv) arrow 6/15...
Trying to generate (adv) arrow 7/15...
Trying to generate (adv) arrow 8/15...
Trying to generate (adv) arrow 9/15...
Trying to generate (adv) arrow 10/15...
Trying to generate (adv) arrow 11/15...
Trying to generate (adv) arrow 12/15...
Trying to generate (adv) arrow 13/15...
Trying to generate (adv) arrow 14/15...
Trying to generate (adv) arrow 15/15...
Successfully generated 15 arrows!
Kết quả vòng lặp: Successfully generated 15 arrows!
Giảm độ dài từ 7...
Độ dài vòng tiếp theo: 5

========================================
--- BẮT ĐẦU VÒNG LẶP (Length = 5) ---
Ô đã chiếm: 845 / Ô còn trống: 55
Đề xuất tạo 11 mũi tên cho vòng lặp này...
Generating ADVANCED level in painted area... (This will be slow)
Trying to generate (adv) arrow 1/11...
Trying to generate (adv) arrow 2/11...
Trying to generate (adv) arrow 3/11...
Trying to generate (adv) arrow 4/11...
Trying to generate (adv) arrow 5/11...
Trying to generate (adv) arrow 6/11...
Trying to generate (adv) arrow 7/11...
Trying to generate (adv) arrow 8/11...
Trying to generate (adv) arrow 9/11...
Trying to generate (adv) arrow 10/11...
Trying to generate (adv) arrow 11/11...
Successfully generated 11 arrows!
Kết quả vòng lặp: Successfully generated 11 arrows!
Tiếp tục lặp lại ở độ dài tối thiểu (5)...

========================================
--- BẮT ĐẦU VÒNG LẶP (Length = 5) ---
Ô đã chiếm: 867 / Ô còn trống: 33
Đề xuất tạo 7 mũi tên cho vòng lặp này...
Generating ADVANCED level in painted area... (This will be slow)
Trying to generate (adv) arrow 1/7...
Trying to generate (adv) arrow 2/7...
Trying to generate (adv) arrow 3/7...
Trying to generate (adv) arrow 4/7...
Could not find valid arrow 4. Stopping.
Successfully generated 3 arrows!
Kết quả vòng lặp: Successfully generated 3 arrows!
Tiếp tục lặp lại ở độ dài tối thiểu (5)...

========================================
--- BẮT ĐẦU VÒNG LẶP (Length = 5) ---
Ô đã chiếm: 873 / Ô còn trống: 27
Đề xuất tạo 5 mũi tên cho vòng lặp này...
Generating ADVANCED level in painted area... (This will be slow)
Trying to generate (adv) arrow 1/5...
Could not find valid arrow 1. Stopping.
Kết quả vòng lặp: Generation complete, but 0 valid arrows found. Try again.
Không thể tạo thêm mũi tên ở độ dài này.
Đã đạt độ dài tối thiểu và không thể tạo thêm. Dừng.

========================================
--- ĐÃ HOÀN TẤT TẤT CẢ CÁC VÒNG LẶP ---
Tổng cộng đã tạo: 95 mũi tên.
Đã lấp đầy 873 / 900 ô (97.0%)
--- Đang lưu kết quả ra: level_set/level_set_3/2_result_test/37.json ---
Đã lưu thành công level 30x30 với 95 mũi tên.
--- Bản đồ kết quả (ASCII) ---
                                
 ^<#####<########^############# 
 ##<############>############## 
 .#######^.#########^########## 
 #####..#######>########>.##### 
 ###>######>######>####.###v### 
 ###.##.#####################^# 
 ^^####^####v#####>####>##.#v## 
 ##<####<###.#############>#>^# 
 ################>##>###^###### 
 #############>#############>## 
 #<###<############^#########v. 
 .<#########################>## 
 #####.#############>.######### 
 #^###########<################ 
 ##########>##>#########>#####> 
 #################<####>.####>. 
 ##v<########<##<######<#<##### 
 #####v<#############>#.####### 
 ######<#######^##########>#### 
 ####.######v###<###.########## 
 #################>.########### 
 ##<#########.################^ 
 <######^<###########>^######## 
 .##<##v#########>###>#######v# 
 ##<####################<#^#.#> 
 ###^###^#####>#>###########>#. 
 ####################^#v##>###. 
 ###^####<####>###############. 
 ##############<############### 
 ##v#v#v####.##<############### 
                                
--- Đang render: 37 (30x30) ---
✅ Đã lưu hình ảnh vào: level_set/level_set_3/3_render/37.png
17 circle.png 30
args: Args(level_set_path=PosixPath('level_set/level_set_3'), start_length=17, length_step=5, min_length=5, size=(30, 30), turn_probability=0.5, straight_weight=0.75, left_weight=0.25, right_weight=0.5, max_turns=6, generate_mode='basic', csv_path=PosixPath('level_set/level_set_3/[Data] levels - test dataframe.csv'), csv=    level_name    template_name  ...  size_y  is_icon
0           21     pentagon.png  ...      25      NaN
1           22         star.png  ...      25      NaN
2           23       square.png  ...      35      NaN
3           24     pentagon.png  ...      25      NaN
4           25  AIR BALLOON.png  ...      25        *
5           26       square.png  ...      25      NaN
6           27       circle.png  ...      30      NaN
7           28      hexagon.png  ...      30      NaN
8           29       square.png  ...      40      NaN
9           30         BODY.png  ...      25        *
10          31       circle.png  ...      30      NaN
11          32     pentagon.png  ...      30      NaN
12          33       square.png  ...      40      NaN
13          34         star.png  ...      30      NaN
14          35        CHESS.png  ...      30        *
15          36      hexagon.png  ...      25      NaN
16          37       square.png  ...      30      NaN
17          38       circle.png  ...      30      NaN
18          39       square.png  ...      45      NaN
19          40   CRUSTACEAN.png  ...      30        *
20          41     pentagon.png  ...      30      NaN
21          42         star.png  ...      30      NaN
22          43        rectangle  ...      45      NaN
23          44     pentagon.png  ...      35      NaN
24          45  FLAT SHAPES.png  ...      30        *
25          46         star.png  ...      30      NaN
26          47       circle.png  ...      35      NaN
27          48      hexagon.png  ...      35      NaN
28          49        rectangle  ...      45      NaN
29          50        HOUSE.png  ...      30        *
30          51       circle.png  ...      30      NaN
31          52     pentagon.png  ...      35      NaN
32          53        rectangle  ...      40      NaN
33          54       square.png  ...      35      NaN
34          55        PLANE.png  ...      30        *
35          56      hexagon.png  ...      35      NaN
36          57       square.png  ...      40      NaN
37          58       circle.png  ...      35      NaN
38          59        rectangle  ...      45      NaN
39          60       SPIDER.png  ...      35        *

[40 rows x 8 columns], item_path='level_set/level_set_3/1_0_original_icons/circle.png', item_name='circle.png', alter_item_name='38')
Đang xử lý: 'level_set/level_set_3/1_0_original_icons/circle.png' (Kích thước gốc: (250, 250))
==> Đã lưu vào: 'level_set/level_set_3/1_1_icons/circle.png' (Kích thước mới: (30, 30))
Đã tải ảnh 'level_set/level_set_3/1_1_icons/circle.png' (Kích thước: 30x30)
Sử dụng ngưỡng Alpha: 128
Hoàn thành! Đã lưu board vào 'level_set/level_set_3/1_board_test/38'.
--- Đang tải board từ: level_set/level_set_3/1_board_test/38 ---
Đã tải thành công 716 ô 'editable'.
Tổng số ô có thể vẽ: 716

========================================
--- BẮT ĐẦU VÒNG LẶP (Length = 17) ---
Ô đã chiếm: 0 / Ô còn trống: 716
Đề xuất tạo 42 mũi tên cho vòng lặp này...
Generating level in painted area... (This will be slow)
Trying to generate arrow 1/42...
Trying to generate arrow 2/42...
Trying to generate arrow 3/42...
Trying to generate arrow 4/42...
Trying to generate arrow 5/42...
Trying to generate arrow 6/42...
Trying to generate arrow 7/42...
Trying to generate arrow 8/42...
Trying to generate arrow 9/42...
Trying to generate arrow 10/42...
Trying to generate arrow 11/42...
Trying to generate arrow 12/42...
Trying to generate arrow 13/42...
Trying to generate arrow 14/42...
Trying to generate arrow 15/42...
Trying to generate arrow 16/42...
Trying to generate arrow 17/42...
Trying to generate arrow 18/42...
Trying to generate arrow 19/42...
Trying to generate arrow 20/42...
Trying to generate arrow 21/42...
Trying to generate arrow 22/42...
Trying to generate arrow 23/42...
Trying to generate arrow 24/42...
Trying to generate arrow 25/42...
Trying to generate arrow 26/42...
Trying to generate arrow 27/42...
Trying to generate arrow 28/42...
Trying to generate arrow 29/42...
Trying to generate arrow 30/42...
Trying to generate arrow 31/42...
Trying to generate arrow 32/42...
Trying to generate arrow 33/42...
Trying to generate arrow 34/42...
Trying to generate arrow 35/42...
Trying to generate arrow 36/42...
Trying to generate arrow 37/42...
Trying to generate arrow 38/42...
Trying to generate arrow 39/42...
Trying to generate arrow 40/42...
Trying to generate arrow 41/42...
Trying to generate arrow 42/42...
Successfully generated 42 arrows!
Kết quả vòng lặp: Successfully generated 42 arrows!
Giảm độ dài từ 17...
Độ dài vòng tiếp theo: 12

========================================
--- BẮT ĐẦU VÒNG LẶP (Length = 12) ---
Ô đã chiếm: 573 / Ô còn trống: 143
Đề xuất tạo 12 mũi tên cho vòng lặp này...
Generating level in painted area... (This will be slow)
Trying to generate arrow 1/12...
Trying to generate arrow 2/12...
Trying to generate arrow 3/12...
Trying to generate arrow 4/12...
Could not find valid arrow 4. Stopping.
Successfully generated 3 arrows!
Kết quả vòng lặp: Successfully generated 3 arrows!
Giảm độ dài từ 12...
Độ dài vòng tiếp theo: 7

========================================
--- BẮT ĐẦU VÒNG LẶP (Length = 7) ---
Ô đã chiếm: 596 / Ô còn trống: 120
Đề xuất tạo 17 mũi tên cho vòng lặp này...
Generating level in painted area... (This will be slow)
Trying to generate arrow 1/17...
Trying to generate arrow 2/17...
Trying to generate arrow 3/17...
Trying to generate arrow 4/17...
Trying to generate arrow 5/17...
Trying to generate arrow 6/17...
Trying to generate arrow 7/17...
Trying to generate arrow 8/17...
Trying to generate arrow 9/17...
Trying to generate arrow 10/17...
Trying to generate arrow 11/17...
Trying to generate arrow 12/17...
Trying to generate arrow 13/17...
Trying to generate arrow 14/17...
Trying to generate arrow 15/17...
Trying to generate arrow 16/17...
Trying to generate arrow 17/17...
Successfully generated 17 arrows!
Kết quả vòng lặp: Successfully generated 17 arrows!
Giảm độ dài từ 7...
Độ dài vòng tiếp theo: 5

========================================
--- BẮT ĐẦU VÒNG LẶP (Length = 5) ---
Ô đã chiếm: 659 / Ô còn trống: 57
Đề xuất tạo 11 mũi tên cho vòng lặp này...
Generating level in painted area... (This will be slow)
Trying to generate arrow 1/11...
Trying to generate arrow 2/11...
Trying to generate arrow 3/11...
Trying to generate arrow 4/11...
Trying to generate arrow 5/11...
Trying to generate arrow 6/11...
Trying to generate arrow 7/11...
Trying to generate arrow 8/11...
Trying to generate arrow 9/11...
Trying to generate arrow 10/11...
Trying to generate arrow 11/11...
Successfully generated 11 arrows!
Kết quả vòng lặp: Successfully generated 11 arrows!
Tiếp tục lặp lại ở độ dài tối thiểu (5)...

========================================
--- BẮT ĐẦU VÒNG LẶP (Length = 5) ---
Ô đã chiếm: 683 / Ô còn trống: 33
Đề xuất tạo 7 mũi tên cho vòng lặp này...
Generating level in painted area... (This will be slow)
Trying to generate arrow 1/7...
Trying to generate arrow 2/7...
Could not find valid arrow 2. Stopping.
Successfully generated 1 arrows!
Kết quả vòng lặp: Successfully generated 1 arrows!
Tiếp tục lặp lại ở độ dài tối thiểu (5)...

========================================
--- BẮT ĐẦU VÒNG LẶP (Length = 5) ---
Ô đã chiếm: 685 / Ô còn trống: 31
Đề xuất tạo 6 mũi tên cho vòng lặp này...
Generating level in painted area... (This will be slow)
Trying to generate arrow 1/6...
Could not find valid arrow 1. Stopping.
Kết quả vòng lặp: Generation complete, but 0 valid arrows found. Try again.
Không thể tạo thêm mũi tên ở độ dài này.
Đã đạt độ dài tối thiểu và không thể tạo thêm. Dừng.

========================================
--- ĐÃ HOÀN TẤT TẤT CẢ CÁC VÒNG LẶP ---
Tổng cộng đã tạo: 74 mũi tên.
Đã lấp đầy 685 / 716 ô (95.7%)
--- Đang lưu kết quả ra: level_set/level_set_3/2_result_test/38.json ---
Đã lưu thành công level 30x30 với 74 mũi tên.
--- Bản đồ kết quả (ASCII) ---
                                
            <#######            
         ###.##########         
        ^#######^<######        
      #####.#^###.########      
     .###########^########.     
    ######################^#    
    ##^##.v#.<####v##>##>###    
   #############v##########>.   
  ^####<###>##.#############>.  
  #############^########>#####  
  .<#^#######<################  
 ########.<##<##<########.###.^ 
 ##.########^#>#######.######># 
 ##^###############<####>#.##.# 
 ###################>########## 
 ####^##########v##<########### 
 #########<####^.<###########.# 
 ####^<#^####^#######v##^###### 
 #####<################^##^###. 
  v#########################v#  
  .#######.##########v########  
  ####v##############.########  
   #######>###############>#>   
    ###########.v###########    
    ##############>##.#>####    
     ####v#####v##<#####>#>     
      v##.####v..#########      
        #>##vv###.######        
         <###>########.         
            <##<####            
                                
--- Đang render: 38 (30x30) ---
✅ Đã lưu hình ảnh vào: level_set/level_set_3/3_render/38.png
18 square.png 30
args: Args(level_set_path=PosixPath('level_set/level_set_3'), start_length=17, length_step=5, min_length=5, size=(30, 45), turn_probability=0.5, straight_weight=0.75, left_weight=0.25, right_weight=0.5, max_turns=6, generate_mode='basic', csv_path=PosixPath('level_set/level_set_3/[Data] levels - test dataframe.csv'), csv=    level_name    template_name  ...  size_y  is_icon
0           21     pentagon.png  ...      25      NaN
1           22         star.png  ...      25      NaN
2           23       square.png  ...      35      NaN
3           24     pentagon.png  ...      25      NaN
4           25  AIR BALLOON.png  ...      25        *
5           26       square.png  ...      25      NaN
6           27       circle.png  ...      30      NaN
7           28      hexagon.png  ...      30      NaN
8           29       square.png  ...      40      NaN
9           30         BODY.png  ...      25        *
10          31       circle.png  ...      30      NaN
11          32     pentagon.png  ...      30      NaN
12          33       square.png  ...      40      NaN
13          34         star.png  ...      30      NaN
14          35        CHESS.png  ...      30        *
15          36      hexagon.png  ...      25      NaN
16          37       square.png  ...      30      NaN
17          38       circle.png  ...      30      NaN
18          39       square.png  ...      45      NaN
19          40   CRUSTACEAN.png  ...      30        *
20          41     pentagon.png  ...      30      NaN
21          42         star.png  ...      30      NaN
22          43        rectangle  ...      45      NaN
23          44     pentagon.png  ...      35      NaN
24          45  FLAT SHAPES.png  ...      30        *
25          46         star.png  ...      30      NaN
26          47       circle.png  ...      35      NaN
27          48      hexagon.png  ...      35      NaN
28          49        rectangle  ...      45      NaN
29          50        HOUSE.png  ...      30        *
30          51       circle.png  ...      30      NaN
31          52     pentagon.png  ...      35      NaN
32          53        rectangle  ...      40      NaN
33          54       square.png  ...      35      NaN
34          55        PLANE.png  ...      30        *
35          56      hexagon.png  ...      35      NaN
36          57       square.png  ...      40      NaN
37          58       circle.png  ...      35      NaN
38          59        rectangle  ...      45      NaN
39          60       SPIDER.png  ...      35        *

[40 rows x 8 columns], item_path='level_set/level_set_3/1_0_original_icons/square.png', item_name='square.png', alter_item_name='39')
Đang xử lý: 'level_set/level_set_3/1_0_original_icons/square.png' (Kích thước gốc: (250, 250))
==> Đã lưu vào: 'level_set/level_set_3/1_1_icons/square.png' (Kích thước mới: (30, 45))
Đã tải ảnh 'level_set/level_set_3/1_1_icons/square.png' (Kích thước: 30x45)
Sử dụng ngưỡng Alpha: 128
Hoàn thành! Đã lưu board vào 'level_set/level_set_3/1_board_test/39'.
--- Đang tải board từ: level_set/level_set_3/1_board_test/39 ---
Đã tải thành công 1350 ô 'editable'.
Tổng số ô có thể vẽ: 1350

========================================
--- BẮT ĐẦU VÒNG LẶP (Length = 17) ---
Ô đã chiếm: 0 / Ô còn trống: 1350
Đề xuất tạo 79 mũi tên cho vòng lặp này...
Generating level in painted area... (This will be slow)
Trying to generate arrow 1/79...
Trying to generate arrow 2/79...
Trying to generate arrow 3/79...
Trying to generate arrow 4/79...
Trying to generate arrow 5/79...
Trying to generate arrow 6/79...
Trying to generate arrow 7/79...
Trying to generate arrow 8/79...
Trying to generate arrow 9/79...
Trying to generate arrow 10/79...
Trying to generate arrow 11/79...
Trying to generate arrow 12/79...
Trying to generate arrow 13/79...
Trying to generate arrow 14/79...
Trying to generate arrow 15/79...
Trying to generate arrow 16/79...
Trying to generate arrow 17/79...
Trying to generate arrow 18/79...
Trying to generate arrow 19/79...
Trying to generate arrow 20/79...
Trying to generate arrow 21/79...
Trying to generate arrow 22/79...
Trying to generate arrow 23/79...
Trying to generate arrow 24/79...
Trying to generate arrow 25/79...
Trying to generate arrow 26/79...
Trying to generate arrow 27/79...
Trying to generate arrow 28/79...
Trying to generate arrow 29/79...
Trying to generate arrow 30/79...
Trying to generate arrow 31/79...
Trying to generate arrow 32/79...
Trying to generate arrow 33/79...
Trying to generate arrow 34/79...
Trying to generate arrow 35/79...
Trying to generate arrow 36/79...
Trying to generate arrow 37/79...
Trying to generate arrow 38/79...
Trying to generate arrow 39/79...
Trying to generate arrow 40/79...
Trying to generate arrow 41/79...
Trying to generate arrow 42/79...
Trying to generate arrow 43/79...
Trying to generate arrow 44/79...
Trying to generate arrow 45/79...
Trying to generate arrow 46/79...
Trying to generate arrow 47/79...
Trying to generate arrow 48/79...
Trying to generate arrow 49/79...
Trying to generate arrow 50/79...
Trying to generate arrow 51/79...
Trying to generate arrow 52/79...
Trying to generate arrow 53/79...
Trying to generate arrow 54/79...
Trying to generate arrow 55/79...
Trying to generate arrow 56/79...
Trying to generate arrow 57/79...
Trying to generate arrow 58/79...
Trying to generate arrow 59/79...
Trying to generate arrow 60/79...
Trying to generate arrow 61/79...
Trying to generate arrow 62/79...
Trying to generate arrow 63/79...
Trying to generate arrow 64/79...
Trying to generate arrow 65/79...
Trying to generate arrow 66/79...
Trying to generate arrow 67/79...
Trying to generate arrow 68/79...
Trying to generate arrow 69/79...
Trying to generate arrow 70/79...
Trying to generate arrow 71/79...
Trying to generate arrow 72/79...
Trying to generate arrow 73/79...
Trying to generate arrow 74/79...
Trying to generate arrow 75/79...
Trying to generate arrow 76/79...
Trying to generate arrow 77/79...
Trying to generate arrow 78/79...
Could not find valid arrow 78. Stopping.
Successfully generated 77 arrows!
Kết quả vòng lặp: Successfully generated 77 arrows!
Giảm độ dài từ 17...
Độ dài vòng tiếp theo: 12

========================================
--- BẮT ĐẦU VÒNG LẶP (Length = 12) ---
Ô đã chiếm: 1060 / Ô còn trống: 290
Đề xuất tạo 24 mũi tên cho vòng lặp này...
Generating level in painted area... (This will be slow)
Trying to generate arrow 1/24...
Trying to generate arrow 2/24...
Trying to generate arrow 3/24...
Trying to generate arrow 4/24...
Trying to generate arrow 5/24...
Trying to generate arrow 6/24...
Trying to generate arrow 7/24...
Trying to generate arrow 8/24...
Trying to generate arrow 9/24...
Trying to generate arrow 10/24...
Trying to generate arrow 11/24...
Trying to generate arrow 12/24...
Trying to generate arrow 13/24...
Trying to generate arrow 14/24...
Trying to generate arrow 15/24...
Trying to generate arrow 16/24...
Trying to generate arrow 17/24...
Trying to generate arrow 18/24...
Could not find valid arrow 18. Stopping.
Successfully generated 17 arrows!
Kết quả vòng lặp: Successfully generated 17 arrows!
Giảm độ dài từ 12...
Độ dài vòng tiếp theo: 7

========================================
--- BẮT ĐẦU VÒNG LẶP (Length = 7) ---
Ô đã chiếm: 1173 / Ô còn trống: 177
Đề xuất tạo 25 mũi tên cho vòng lặp này...
Generating level in painted area... (This will be slow)
Trying to generate arrow 1/25...
Trying to generate arrow 2/25...
Trying to generate arrow 3/25...
Trying to generate arrow 4/25...
Trying to generate arrow 5/25...
Trying to generate arrow 6/25...
Trying to generate arrow 7/25...
Trying to generate arrow 8/25...
Trying to generate arrow 9/25...
Trying to generate arrow 10/25...
Trying to generate arrow 11/25...
Trying to generate arrow 12/25...
Trying to generate arrow 13/25...
Trying to generate arrow 14/25...
Trying to generate arrow 15/25...
Trying to generate arrow 16/25...
Trying to generate arrow 17/25...
Trying to generate arrow 18/25...
Trying to generate arrow 19/25...
Trying to generate arrow 20/25...
Trying to generate arrow 21/25...
Trying to generate arrow 22/25...
Trying to generate arrow 23/25...
Trying to generate arrow 24/25...
Trying to generate arrow 25/25...
Successfully generated 25 arrows!
Kết quả vòng lặp: Successfully generated 25 arrows!
Giảm độ dài từ 7...
Độ dài vòng tiếp theo: 5

========================================
--- BẮT ĐẦU VÒNG LẶP (Length = 5) ---
Ô đã chiếm: 1258 / Ô còn trống: 92
Đề xuất tạo 18 mũi tên cho vòng lặp này...
Generating level in painted area... (This will be slow)
Trying to generate arrow 1/18...
Trying to generate arrow 2/18...
Trying to generate arrow 3/18...
Trying to generate arrow 4/18...
Trying to generate arrow 5/18...
Trying to generate arrow 6/18...
Trying to generate arrow 7/18...
Trying to generate arrow 8/18...
Trying to generate arrow 9/18...
Trying to generate arrow 10/18...
Trying to generate arrow 11/18...
Trying to generate arrow 12/18...
Trying to generate arrow 13/18...
Trying to generate arrow 14/18...
Trying to generate arrow 15/18...
Trying to generate arrow 16/18...
Trying to generate arrow 17/18...
Could not find valid arrow 17. Stopping.
Successfully generated 16 arrows!
Kết quả vòng lặp: Successfully generated 16 arrows!
Tiếp tục lặp lại ở độ dài tối thiểu (5)...

========================================
--- BẮT ĐẦU VÒNG LẶP (Length = 5) ---
Ô đã chiếm: 1290 / Ô còn trống: 60
Đề xuất tạo 12 mũi tên cho vòng lặp này...
Generating level in painted area... (This will be slow)
Trying to generate arrow 1/12...
Could not find valid arrow 1. Stopping.
Kết quả vòng lặp: Generation complete, but 0 valid arrows found. Try again.
Không thể tạo thêm mũi tên ở độ dài này.
Đã đạt độ dài tối thiểu và không thể tạo thêm. Dừng.

========================================
--- ĐÃ HOÀN TẤT TẤT CẢ CÁC VÒNG LẶP ---
Tổng cộng đã tạo: 135 mũi tên.
Đã lấp đầy 1290 / 1350 ô (95.6%)
--- Đang lưu kết quả ra: level_set/level_set_3/2_result_test/39.json ---
Đã lưu thành công level 30x45 với 135 mũi tên.
--- Bản đồ kết quả (ASCII) ---
                                
 ^######################>#>###^ 
 ##<###########>######>#>###### 
 ##.#######^##.################ 
 ##<#.^<############^^######### 
 ######<###^####v##>########### 
 #####^############.####.#####> 
 ###.####.##################>#^ 
 ########^########.######>##### 
 ##<#########v#v##############> 
 ##.####^####.###.<###########^ 
 #################.#######v#### 
 .<###>##^^^.##>.####>#####>### 
 <############<##############.# 
 ##########.##########^#####.## 
 ##########^##################. 
 ###############v#########>##>. 
 <####<##>#####>.#>###########^ 
 ###>################^#####^#v# 
 ####<#################v####### 
 ##.################>########v# 
 ############################.# 
 v.######v.<###>##^########>#># 
 ##.######^##.#########>.##>#># 
 v###v#############^#>######### 
 ####.##########v############## 
 ##<########>##.##.########.### 
 ################.############# 
 #########>############>##>###^ 
 ####.<##.##################### 
 v<##<#####.##<##<#<#########<# 
 ####.####.<#########<######### 
 ################>########v#### 
 ###.####>##########.####.####v 
 ####>##############^#>#######> 
 ##v##########.######^^######## 
 ####.####v#.#################v 
 ###########>##########.v#>#### 
 ##>########################### 
 v##############v.####.###.#### 
 ##vv#######.##v.#########>v##v 
 #########v###.#####.#####<#### 
 ###.<#################>.###### 
 <##########vv#####v####>###.#. 
 ###############v############## 
 v##.#####vvv###.<##.<#######.v 
                                
--- Đang render: 39 (30x45) ---
✅ Đã lưu hình ảnh vào: level_set/level_set_3/3_render/39.png
19 CRUSTACEAN.png 30
args: Args(level_set_path=PosixPath('level_set/level_set_3'), start_length=17, length_step=5, min_length=5, size=(30, 30), turn_probability=0.5, straight_weight=0.75, left_weight=0.25, right_weight=0.5, max_turns=6, generate_mode='basic', csv_path=PosixPath('level_set/level_set_3/[Data] levels - test dataframe.csv'), csv=    level_name    template_name  ...  size_y  is_icon
0           21     pentagon.png  ...      25      NaN
1           22         star.png  ...      25      NaN
2           23       square.png  ...      35      NaN
3           24     pentagon.png  ...      25      NaN
4           25  AIR BALLOON.png  ...      25        *
5           26       square.png  ...      25      NaN
6           27       circle.png  ...      30      NaN
7           28      hexagon.png  ...      30      NaN
8           29       square.png  ...      40      NaN
9           30         BODY.png  ...      25        *
10          31       circle.png  ...      30      NaN
11          32     pentagon.png  ...      30      NaN
12          33       square.png  ...      40      NaN
13          34         star.png  ...      30      NaN
14          35        CHESS.png  ...      30        *
15          36      hexagon.png  ...      25      NaN
16          37       square.png  ...      30      NaN
17          38       circle.png  ...      30      NaN
18          39       square.png  ...      45      NaN
19          40   CRUSTACEAN.png  ...      30        *
20          41     pentagon.png  ...      30      NaN
21          42         star.png  ...      30      NaN
22          43        rectangle  ...      45      NaN
23          44     pentagon.png  ...      35      NaN
24          45  FLAT SHAPES.png  ...      30        *
25          46         star.png  ...      30      NaN
26          47       circle.png  ...      35      NaN
27          48      hexagon.png  ...      35      NaN
28          49        rectangle  ...      45      NaN
29          50        HOUSE.png  ...      30        *
30          51       circle.png  ...      30      NaN
31          52     pentagon.png  ...      35      NaN
32          53        rectangle  ...      40      NaN
33          54       square.png  ...      35      NaN
34          55        PLANE.png  ...      30        *
35          56      hexagon.png  ...      35      NaN
36          57       square.png  ...      40      NaN
37          58       circle.png  ...      35      NaN
38          59        rectangle  ...      45      NaN
39          60       SPIDER.png  ...      35        *

[40 rows x 8 columns], item_path='level_set/level_set_3/1_0_original_icons/CRUSTACEAN.png', item_name='CRUSTACEAN.png', alter_item_name='40')
Đang xử lý: 'level_set/level_set_3/1_0_original_icons/CRUSTACEAN.png' (Kích thước gốc: (246, 199))
==> Đã lưu vào: 'level_set/level_set_3/1_1_icons/CRUSTACEAN.png' (Kích thước mới: (30, 30))
Đã tải ảnh 'level_set/level_set_3/1_1_icons/CRUSTACEAN.png' (Kích thước: 30x30)
Sử dụng ngưỡng Alpha: 128
Hoàn thành! Đã lưu board vào 'level_set/level_set_3/1_board_test/40'.
--- Đang tải board từ: level_set/level_set_3/1_board_test/40 ---
Đã tải thành công 468 ô 'editable'.
Tổng số ô có thể vẽ: 468

========================================
--- BẮT ĐẦU VÒNG LẶP (Length = 17) ---
Ô đã chiếm: 0 / Ô còn trống: 468
Đề xuất tạo 28 mũi tên cho vòng lặp này...
Generating level in painted area... (This will be slow)
Trying to generate arrow 1/28...
Trying to generate arrow 2/28...
Trying to generate arrow 3/28...
Trying to generate arrow 4/28...
Trying to generate arrow 5/28...
Trying to generate arrow 6/28...
Trying to generate arrow 7/28...
Trying to generate arrow 8/28...
Trying to generate arrow 9/28...
Trying to generate arrow 10/28...
Trying to generate arrow 11/28...
Trying to generate arrow 12/28...
Trying to generate arrow 13/28...
Trying to generate arrow 14/28...
Trying to generate arrow 15/28...
Trying to generate arrow 16/28...
Trying to generate arrow 17/28...
Trying to generate arrow 18/28...
Trying to generate arrow 19/28...
Trying to generate arrow 20/28...
Trying to generate arrow 21/28...
Trying to generate arrow 22/28...
Trying to generate arrow 23/28...
Trying to generate arrow 24/28...
Trying to generate arrow 25/28...
Trying to generate arrow 26/28...
Trying to generate arrow 27/28...
Trying to generate arrow 28/28...
Successfully generated 28 arrows!
Kết quả vòng lặp: Successfully generated 28 arrows!
Giảm độ dài từ 17...
Độ dài vòng tiếp theo: 12

========================================
--- BẮT ĐẦU VÒNG LẶP (Length = 12) ---
Ô đã chiếm: 346 / Ô còn trống: 122
Đề xuất tạo 10 mũi tên cho vòng lặp này...
Generating level in painted area... (This will be slow)
Trying to generate arrow 1/10...
Trying to generate arrow 2/10...
Trying to generate arrow 3/10...
Trying to generate arrow 4/10...
Trying to generate arrow 5/10...
Trying to generate arrow 6/10...
Trying to generate arrow 7/10...
Trying to generate arrow 8/10...
Trying to generate arrow 9/10...
Could not find valid arrow 9. Stopping.
Successfully generated 8 arrows!
Kết quả vòng lặp: Successfully generated 8 arrows!
Giảm độ dài từ 12...
Độ dài vòng tiếp theo: 7

========================================
--- BẮT ĐẦU VÒNG LẶP (Length = 7) ---
Ô đã chiếm: 402 / Ô còn trống: 66
Đề xuất tạo 9 mũi tên cho vòng lặp này...
Generating level in painted area... (This will be slow)
Trying to generate arrow 1/9...
Trying to generate arrow 2/9...
Trying to generate arrow 3/9...
Trying to generate arrow 4/9...
Trying to generate arrow 5/9...
Trying to generate arrow 6/9...
Trying to generate arrow 7/9...
Could not find valid arrow 7. Stopping.
Successfully generated 6 arrows!
Kết quả vòng lặp: Successfully generated 6 arrows!
Giảm độ dài từ 7...
Độ dài vòng tiếp theo: 5

========================================
--- BẮT ĐẦU VÒNG LẶP (Length = 5) ---
Ô đã chiếm: 422 / Ô còn trống: 46
Đề xuất tạo 9 mũi tên cho vòng lặp này...
Generating level in painted area... (This will be slow)
Trying to generate arrow 1/9...
Trying to generate arrow 2/9...
Trying to generate arrow 3/9...
Trying to generate arrow 4/9...
Trying to generate arrow 5/9...
Trying to generate arrow 6/9...
Trying to generate arrow 7/9...
Trying to generate arrow 8/9...
Trying to generate arrow 9/9...
Successfully generated 9 arrows!
Kết quả vòng lặp: Successfully generated 9 arrows!
Tiếp tục lặp lại ở độ dài tối thiểu (5)...

========================================
--- BẮT ĐẦU VÒNG LẶP (Length = 5) ---
Ô đã chiếm: 440 / Ô còn trống: 28
Đề xuất tạo 6 mũi tên cho vòng lặp này...
Generating level in painted area... (This will be slow)
Trying to generate arrow 1/6...
Trying to generate arrow 2/6...
Trying to generate arrow 3/6...
Could not find valid arrow 3. Stopping.
Successfully generated 2 arrows!
Kết quả vòng lặp: Successfully generated 2 arrows!
Tiếp tục lặp lại ở độ dài tối thiểu (5)...

========================================
--- BẮT ĐẦU VÒNG LẶP (Length = 5) ---
Ô đã chiếm: 444 / Ô còn trống: 24
Đề xuất tạo 5 mũi tên cho vòng lặp này...
Generating level in painted area... (This will be slow)
Trying to generate arrow 1/5...
Could not find valid arrow 1. Stopping.
Kết quả vòng lặp: Generation complete, but 0 valid arrows found. Try again.
Không thể tạo thêm mũi tên ở độ dài này.
Đã đạt độ dài tối thiểu và không thể tạo thêm. Dừng.

========================================
--- ĐÃ HOÀN TẤT TẤT CẢ CÁC VÒNG LẶP ---
Tổng cộng đã tạo: 53 mũi tên.
Đã lấp đầy 444 / 468 ô (94.9%)
--- Đang lưu kết quả ra: level_set/level_set_3/2_result_test/40.json ---
Đã lưu thành công level 28x28 với 53 mũi tên.
--- Bản đồ kết quả (ASCII) ---
                              
   ###.                ####   
  ^####                #^^##  
 .#####                ###### 
 ########            ######## 
 ######.##           #######. 
 #########           ######## 
 ##<#^<##            ###<###v 
 .##>####            #######> 
  ######>    ###>    ###>.v#. 
  #>#.##   #>####^##  #>####  
    #<#  #####^#####.   ###   
    ##  .#############  ##    
     #. #>############  ##    
     #####v####.####^####     
      ####>########v####v     
    .##>##>####>###>^#>#>.    
   ###<####<###############   
  ###  ############v###   ##  
  v    #######<####<###    #  
     ^#####<############.     
    ###########>#>########    
   .#.  ^###>###>.####  ###   
   ##  ##v####<#<#####.  .#   
  ##  #################^  #>  
     ##.  ######.###  ##.     
     ##     .#####     ##     
    ##                  #^    
    #v                  ##    
                              
--- Đang render: 40 (28x28) ---
✅ Đã lưu hình ảnh vào: level_set/level_set_3/3_render/40.png
20 pentagon.png 30
args: Args(level_set_path=PosixPath('level_set/level_set_3'), start_length=17, length_step=5, min_length=5, size=(30, 30), turn_probability=0.5, straight_weight=0.75, left_weight=0.25, right_weight=0.5, max_turns=6, generate_mode='basic', csv_path=PosixPath('level_set/level_set_3/[Data] levels - test dataframe.csv'), csv=    level_name    template_name  ...  size_y  is_icon
0           21     pentagon.png  ...      25      NaN
1           22         star.png  ...      25      NaN
2           23       square.png  ...      35      NaN
3           24     pentagon.png  ...      25      NaN
4           25  AIR BALLOON.png  ...      25        *
5           26       square.png  ...      25      NaN
6           27       circle.png  ...      30      NaN
7           28      hexagon.png  ...      30      NaN
8           29       square.png  ...      40      NaN
9           30         BODY.png  ...      25        *
10          31       circle.png  ...      30      NaN
11          32     pentagon.png  ...      30      NaN
12          33       square.png  ...      40      NaN
13          34         star.png  ...      30      NaN
14          35        CHESS.png  ...      30        *
15          36      hexagon.png  ...      25      NaN
16          37       square.png  ...      30      NaN
17          38       circle.png  ...      30      NaN
18          39       square.png  ...      45      NaN
19          40   CRUSTACEAN.png  ...      30        *
20          41     pentagon.png  ...      30      NaN
21          42         star.png  ...      30      NaN
22          43        rectangle  ...      45      NaN
23          44     pentagon.png  ...      35      NaN
24          45  FLAT SHAPES.png  ...      30        *
25          46         star.png  ...      30      NaN
26          47       circle.png  ...      35      NaN
27          48      hexagon.png  ...      35      NaN
28          49        rectangle  ...      45      NaN
29          50        HOUSE.png  ...      30        *
30          51       circle.png  ...      30      NaN
31          52     pentagon.png  ...      35      NaN
32          53        rectangle  ...      40      NaN
33          54       square.png  ...      35      NaN
34          55        PLANE.png  ...      30        *
35          56      hexagon.png  ...      35      NaN
36          57       square.png  ...      40      NaN
37          58       circle.png  ...      35      NaN
38          59        rectangle  ...      45      NaN
39          60       SPIDER.png  ...      35        *

[40 rows x 8 columns], item_path='level_set/level_set_3/1_0_original_icons/pentagon.png', item_name='pentagon.png', alter_item_name='41')
Đang xử lý: 'level_set/level_set_3/1_0_original_icons/pentagon.png' (Kích thước gốc: (250, 250))
==> Đã lưu vào: 'level_set/level_set_3/1_1_icons/pentagon.png' (Kích thước mới: (30, 30))
Đã tải ảnh 'level_set/level_set_3/1_1_icons/pentagon.png' (Kích thước: 30x30)
Sử dụng ngưỡng Alpha: 128
Hoàn thành! Đã lưu board vào 'level_set/level_set_3/1_board_test/41'.
--- Đang tải board từ: level_set/level_set_3/1_board_test/41 ---
Đã tải thành công 590 ô 'editable'.
Tổng số ô có thể vẽ: 590

========================================
--- BẮT ĐẦU VÒNG LẶP (Length = 17) ---
Ô đã chiếm: 0 / Ô còn trống: 590
Đề xuất tạo 35 mũi tên cho vòng lặp này...
Generating level in painted area... (This will be slow)
Trying to generate arrow 1/35...
Trying to generate arrow 2/35...
Trying to generate arrow 3/35...
Trying to generate arrow 4/35...
Trying to generate arrow 5/35...
Trying to generate arrow 6/35...
Trying to generate arrow 7/35...
Trying to generate arrow 8/35...
Trying to generate arrow 9/35...
Trying to generate arrow 10/35...
Trying to generate arrow 11/35...
Trying to generate arrow 12/35...
Trying to generate arrow 13/35...
Trying to generate arrow 14/35...
Trying to generate arrow 15/35...
Trying to generate arrow 16/35...
Trying to generate arrow 17/35...
Trying to generate arrow 18/35...
Trying to generate arrow 19/35...
Trying to generate arrow 20/35...
Trying to generate arrow 21/35...
Trying to generate arrow 22/35...
Trying to generate arrow 23/35...
Trying to generate arrow 24/35...
Trying to generate arrow 25/35...
Trying to generate arrow 26/35...
Trying to generate arrow 27/35...
Trying to generate arrow 28/35...
Trying to generate arrow 29/35...
Trying to generate arrow 30/35...
Trying to generate arrow 31/35...
Trying to generate arrow 32/35...
Trying to generate arrow 33/35...
Trying to generate arrow 34/35...
Trying to generate arrow 35/35...
Successfully generated 35 arrows!
Kết quả vòng lặp: Successfully generated 35 arrows!
Giảm độ dài từ 17...
Độ dài vòng tiếp theo: 12

========================================
--- BẮT ĐẦU VÒNG LẶP (Length = 12) ---
Ô đã chiếm: 476 / Ô còn trống: 114
Đề xuất tạo 10 mũi tên cho vòng lặp này...
Generating level in painted area... (This will be slow)
Trying to generate arrow 1/10...
Trying to generate arrow 2/10...
Trying to generate arrow 3/10...
Trying to generate arrow 4/10...
Could not find valid arrow 4. Stopping.
Successfully generated 3 arrows!
Kết quả vòng lặp: Successfully generated 3 arrows!
Giảm độ dài từ 12...
Độ dài vòng tiếp theo: 7

========================================
--- BẮT ĐẦU VÒNG LẶP (Length = 7) ---
Ô đã chiếm: 495 / Ô còn trống: 95
Đề xuất tạo 14 mũi tên cho vòng lặp này...
Generating level in painted area... (This will be slow)
Trying to generate arrow 1/14...
Trying to generate arrow 2/14...
Trying to generate arrow 3/14...
Trying to generate arrow 4/14...
Trying to generate arrow 5/14...
Trying to generate arrow 6/14...
Trying to generate arrow 7/14...
Trying to generate arrow 8/14...
Trying to generate arrow 9/14...
Trying to generate arrow 10/14...
Trying to generate arrow 11/14...
Trying to generate arrow 12/14...
Trying to generate arrow 13/14...
Could not find valid arrow 13. Stopping.
Successfully generated 12 arrows!
Kết quả vòng lặp: Successfully generated 12 arrows!
Giảm độ dài từ 7...
Độ dài vòng tiếp theo: 5

========================================
--- BẮT ĐẦU VÒNG LẶP (Length = 5) ---
Ô đã chiếm: 539 / Ô còn trống: 51
Đề xuất tạo 10 mũi tên cho vòng lặp này...
Generating level in painted area... (This will be slow)
Trying to generate arrow 1/10...
Trying to generate arrow 2/10...
Trying to generate arrow 3/10...
Trying to generate arrow 4/10...
Trying to generate arrow 5/10...
Trying to generate arrow 6/10...
Trying to generate arrow 7/10...
Trying to generate arrow 8/10...
Trying to generate arrow 9/10...
Trying to generate arrow 10/10...
Could not find valid arrow 10. Stopping.
Successfully generated 9 arrows!
Kết quả vòng lặp: Successfully generated 9 arrows!
Tiếp tục lặp lại ở độ dài tối thiểu (5)...

========================================
--- BẮT ĐẦU VÒNG LẶP (Length = 5) ---
Ô đã chiếm: 557 / Ô còn trống: 33
Đề xuất tạo 7 mũi tên cho vòng lặp này...
Generating level in painted area... (This will be slow)
Trying to generate arrow 1/7...
Could not find valid arrow 1. Stopping.
Kết quả vòng lặp: Generation complete, but 0 valid arrows found. Try again.
Không thể tạo thêm mũi tên ở độ dài này.
Đã đạt độ dài tối thiểu và không thể tạo thêm. Dừng.

========================================
--- ĐÃ HOÀN TẤT TẤT CẢ CÁC VÒNG LẶP ---
Tổng cộng đã tạo: 59 mũi tên.
Đã lấp đầy 557 / 590 ô (94.4%)
--- Đang lưu kết quả ra: level_set/level_set_3/2_result_test/41.json ---
Đã lưu thành công level 30x28 với 59 mũi tên.
--- Bản đồ kết quả (ASCII) ---
                                
               ##               
             ##v###             
            ########            
          ######>#####          
         ##############         
        .##v####v####^#>        
      ##^#.############>##      
     #########v.#######.###     
    ##.^#########v.#########    
  ###############.######<#####  
 ^#####.v######.###.#####^.###. 
 ###########.<######>^######.#> 
  .###.##v#<#<################  
  #########.####<####.#>######  
  ###################^#######.  
   ###>######################   
   ##>.###################v##   
   ##<############>##>#.#v##v   
    ##<#v#.<###v##.####.####    
    ##.###>.######>##>#>####    
    ###################.###.    
     ##############.#######     
     ###>####>###.#########     
     <####<####.###########     
      ###<###.#<###<#^####      
      ###################v      
      ##v###<#vv####<####.      
       #>######>#>v######       
                                
--- Đang render: 41 (30x28) ---
✅ Đã lưu hình ảnh vào: level_set/level_set_3/3_render/41.png
21 star.png 30
args: Args(level_set_path=PosixPath('level_set/level_set_3'), start_length=17, length_step=5, min_length=5, size=(30, 30), turn_probability=0.5, straight_weight=0.75, left_weight=0.25, right_weight=0.5, max_turns=6, generate_mode='advance', csv_path=PosixPath('level_set/level_set_3/[Data] levels - test dataframe.csv'), csv=    level_name    template_name  ...  size_y  is_icon
0           21     pentagon.png  ...      25      NaN
1           22         star.png  ...      25      NaN
2           23       square.png  ...      35      NaN
3           24     pentagon.png  ...      25      NaN
4           25  AIR BALLOON.png  ...      25        *
5           26       square.png  ...      25      NaN
6           27       circle.png  ...      30      NaN
7           28      hexagon.png  ...      30      NaN
8           29       square.png  ...      40      NaN
9           30         BODY.png  ...      25        *
10          31       circle.png  ...      30      NaN
11          32     pentagon.png  ...      30      NaN
12          33       square.png  ...      40      NaN
13          34         star.png  ...      30      NaN
14          35        CHESS.png  ...      30        *
15          36      hexagon.png  ...      25      NaN
16          37       square.png  ...      30      NaN
17          38       circle.png  ...      30      NaN
18          39       square.png  ...      45      NaN
19          40   CRUSTACEAN.png  ...      30        *
20          41     pentagon.png  ...      30      NaN
21          42         star.png  ...      30      NaN
22          43        rectangle  ...      45      NaN
23          44     pentagon.png  ...      35      NaN
24          45  FLAT SHAPES.png  ...      30        *
25          46         star.png  ...      30      NaN
26          47       circle.png  ...      35      NaN
27          48      hexagon.png  ...      35      NaN
28          49        rectangle  ...      45      NaN
29          50        HOUSE.png  ...      30        *
30          51       circle.png  ...      30      NaN
31          52     pentagon.png  ...      35      NaN
32          53        rectangle  ...      40      NaN
33          54       square.png  ...      35      NaN
34          55        PLANE.png  ...      30        *
35          56      hexagon.png  ...      35      NaN
36          57       square.png  ...      40      NaN
37          58       circle.png  ...      35      NaN
38          59        rectangle  ...      45      NaN
39          60       SPIDER.png  ...      35        *

[40 rows x 8 columns], item_path='level_set/level_set_3/1_0_original_icons/star.png', item_name='star.png', alter_item_name='42')
Đang xử lý: 'level_set/level_set_3/1_0_original_icons/star.png' (Kích thước gốc: (250, 250))
==> Đã lưu vào: 'level_set/level_set_3/1_1_icons/star.png' (Kích thước mới: (30, 30))
Đã tải ảnh 'level_set/level_set_3/1_1_icons/star.png' (Kích thước: 30x30)
Sử dụng ngưỡng Alpha: 128
Hoàn thành! Đã lưu board vào 'level_set/level_set_3/1_board_test/42'.
--- Đang tải board từ: level_set/level_set_3/1_board_test/42 ---
Đã tải thành công 306 ô 'editable'.
Tổng số ô có thể vẽ: 306

========================================
--- BẮT ĐẦU VÒNG LẶP (Length = 17) ---
Ô đã chiếm: 0 / Ô còn trống: 306
Đề xuất tạo 18 mũi tên cho vòng lặp này...
Generating ADVANCED level in painted area... (This will be slow)
Trying to generate (adv) arrow 1/18...
Trying to generate (adv) arrow 2/18...
Trying to generate (adv) arrow 3/18...
Trying to generate (adv) arrow 4/18...
Trying to generate (adv) arrow 5/18...
Trying to generate (adv) arrow 6/18...
Trying to generate (adv) arrow 7/18...
Trying to generate (adv) arrow 8/18...
Trying to generate (adv) arrow 9/18...
Trying to generate (adv) arrow 10/18...
Trying to generate (adv) arrow 11/18...
Trying to generate (adv) arrow 12/18...
Trying to generate (adv) arrow 13/18...
Trying to generate (adv) arrow 14/18...
Trying to generate (adv) arrow 15/18...
Trying to generate (adv) arrow 16/18...
Trying to generate (adv) arrow 17/18...
Trying to generate (adv) arrow 18/18...
Successfully generated 18 arrows!
Kết quả vòng lặp: Successfully generated 18 arrows!
Giảm độ dài từ 17...
Độ dài vòng tiếp theo: 12

========================================
--- BẮT ĐẦU VÒNG LẶP (Length = 12) ---
Ô đã chiếm: 222 / Ô còn trống: 84
Đề xuất tạo 7 mũi tên cho vòng lặp này...
Generating ADVANCED level in painted area... (This will be slow)
Trying to generate (adv) arrow 1/7...
Trying to generate (adv) arrow 2/7...
Trying to generate (adv) arrow 3/7...
Trying to generate (adv) arrow 4/7...
Trying to generate (adv) arrow 5/7...
Trying to generate (adv) arrow 6/7...
Trying to generate (adv) arrow 7/7...
Could not find valid arrow 7. Stopping.
Successfully generated 6 arrows!
Kết quả vòng lặp: Successfully generated 6 arrows!
Giảm độ dài từ 12...
Độ dài vòng tiếp theo: 7

========================================
--- BẮT ĐẦU VÒNG LẶP (Length = 7) ---
Ô đã chiếm: 265 / Ô còn trống: 41
Đề xuất tạo 6 mũi tên cho vòng lặp này...
Generating ADVANCED level in painted area... (This will be slow)
Trying to generate (adv) arrow 1/6...
Trying to generate (adv) arrow 2/6...
Trying to generate (adv) arrow 3/6...
Trying to generate (adv) arrow 4/6...
Trying to generate (adv) arrow 5/6...
Could not find valid arrow 5. Stopping.
Successfully generated 4 arrows!
Kết quả vòng lặp: Successfully generated 4 arrows!
Giảm độ dài từ 7...
Độ dài vòng tiếp theo: 5

========================================
--- BẮT ĐẦU VÒNG LẶP (Length = 5) ---
Ô đã chiếm: 277 / Ô còn trống: 29
Đề xuất tạo 6 mũi tên cho vòng lặp này...
Generating ADVANCED level in painted area... (This will be slow)
Trying to generate (adv) arrow 1/6...
Trying to generate (adv) arrow 2/6...
Trying to generate (adv) arrow 3/6...
Trying to generate (adv) arrow 4/6...
Trying to generate (adv) arrow 5/6...
Trying to generate (adv) arrow 6/6...
Successfully generated 6 arrows!
Kết quả vòng lặp: Successfully generated 6 arrows!
Tiếp tục lặp lại ở độ dài tối thiểu (5)...

========================================
--- BẮT ĐẦU VÒNG LẶP (Length = 5) ---
Ô đã chiếm: 289 / Ô còn trống: 17
Đề xuất tạo 3 mũi tên cho vòng lặp này...
Generating ADVANCED level in painted area... (This will be slow)
Trying to generate (adv) arrow 1/3...
Trying to generate (adv) arrow 2/3...
Trying to generate (adv) arrow 3/3...
Successfully generated 3 arrows!
Kết quả vòng lặp: Successfully generated 3 arrows!
Tiếp tục lặp lại ở độ dài tối thiểu (5)...

========================================
--- BẮT ĐẦU VÒNG LẶP (Length = 5) ---
Ô đã chiếm: 295 / Ô còn trống: 11
Đề xuất tạo 2 mũi tên cho vòng lặp này...
Generating ADVANCED level in painted area... (This will be slow)
Trying to generate (adv) arrow 1/2...
Could not find valid arrow 1. Stopping.
Kết quả vòng lặp: Generation complete, but 0 valid arrows found. Try again.
Không thể tạo thêm mũi tên ở độ dài này.
Đã đạt độ dài tối thiểu và không thể tạo thêm. Dừng.

========================================
--- ĐÃ HOÀN TẤT TẤT CẢ CÁC VÒNG LẶP ---
Tổng cộng đã tạo: 37 mũi tên.
Đã lấp đầy 295 / 306 ô (96.4%)
--- Đang lưu kết quả ra: level_set/level_set_3/2_result_test/42.json ---
Đã lưu thành công level 26x24 với 37 mũi tên.
--- Bản đồ kết quả (ASCII) ---
                            
             ##             
             ##             
            ###>            
            v###            
           ####^#           
           ######           
          .#######          
        ####>#>####>        
 ^<##############^########> 
 #<#######################> 
  .######.########<####v##  
   ####^##########<######   
    .<##################    
     #############>^###     
      <#####.##.##.##.      
       #vv<###<######       
       ##############       
       #####<########       
       ##<###>####v#v       
      <#v.########.<##      
      #######  ####>.#      
      ######    ######      
      v#<#        #>##      
      ##            <#      
                            
--- Đang render: 42 (26x24) ---
✅ Đã lưu hình ảnh vào: level_set/level_set_3/3_render/42.png
22 rectangle 35
args: Args(level_set_path=PosixPath('level_set/level_set_3'), start_length=17, length_step=5, min_length=5, size=(35, 45), turn_probability=0.5, straight_weight=0.75, left_weight=0.25, right_weight=0.5, max_turns=6, generate_mode='basic', csv_path=PosixPath('level_set/level_set_3/[Data] levels - test dataframe.csv'), csv=    level_name    template_name  ...  size_y  is_icon
0           21     pentagon.png  ...      25      NaN
1           22         star.png  ...      25      NaN
2           23       square.png  ...      35      NaN
3           24     pentagon.png  ...      25      NaN
4           25  AIR BALLOON.png  ...      25        *
5           26       square.png  ...      25      NaN
6           27       circle.png  ...      30      NaN
7           28      hexagon.png  ...      30      NaN
8           29       square.png  ...      40      NaN
9           30         BODY.png  ...      25        *
10          31       circle.png  ...      30      NaN
11          32     pentagon.png  ...      30      NaN
12          33       square.png  ...      40      NaN
13          34         star.png  ...      30      NaN
14          35        CHESS.png  ...      30        *
15          36      hexagon.png  ...      25      NaN
16          37       square.png  ...      30      NaN
17          38       circle.png  ...      30      NaN
18          39       square.png  ...      45      NaN
19          40   CRUSTACEAN.png  ...      30        *
20          41     pentagon.png  ...      30      NaN
21          42         star.png  ...      30      NaN
22          43        rectangle  ...      45      NaN
23          44     pentagon.png  ...      35      NaN
24          45  FLAT SHAPES.png  ...      30        *
25          46         star.png  ...      30      NaN
26          47       circle.png  ...      35      NaN
27          48      hexagon.png  ...      35      NaN
28          49        rectangle  ...      45      NaN
29          50        HOUSE.png  ...      30        *
30          51       circle.png  ...      30      NaN
31          52     pentagon.png  ...      35      NaN
32          53        rectangle  ...      40      NaN
33          54       square.png  ...      35      NaN
34          55        PLANE.png  ...      30        *
35          56      hexagon.png  ...      35      NaN
36          57       square.png  ...      40      NaN
37          58       circle.png  ...      35      NaN
38          59        rectangle  ...      45      NaN
39          60       SPIDER.png  ...      35        *

[40 rows x 8 columns], item_path='level_set/level_set_3/1_0_original_icons/rectangle', item_name='rectangle', alter_item_name='43')
Lỗi: Không tìm thấy file 'level_set/level_set_3/1_0_original_icons/rectangle'
Lỗi khi mở ảnh: 'NoneType' object has no attribute 'read'
--- Đang tải board từ: None ---
Lỗi khi đọc file: expected str, bytes or os.PathLike object, not NoneType
