[LOGGING] Bắt đầu ghi log vào logs/debug_2025-10-30_16-47-07.log

args: Args(level_set_path=PosixPath('level_set/level_set_3'), start_length=25, length_step=5, min_length=5, size=(20, 20), turn_probability=0.75, straight_weight=2, left_weight=0.5, right_weight=0.5, max_turns=30, generate_mode='basic', csv_path=PosixPath('level_set/level_set_3/[Data] levels - test dataframe.csv'), csv=    level_name  ... style
0           21  ...   NaN
1           22  ...    AZ
2           23  ...   NaN
3           24  ...   NaN
4           25  ...   NaN
5           26  ...    AZ
6           27  ...    AZ
7           28  ...   NaN
8           29  ...    AZ
9           30  ...   NaN
10          31  ...   NaN
11          32  ...    AZ
12          33  ...   NaN
13          34  ...   NaN
14          35  ...   NaN
15          36  ...    AZ
16          37  ...    AZ
17          38  ...   NaN
18          39  ...    AZ
19          40  ...   NaN
20          41  ...   NaN
21          42  ...    AZ
22          43  ...   NaN
23          44  ...   NaN
24          45  ...   NaN
25          46  ...    AZ
26          47  ...    AZ
27          48  ...   NaN
28          49  ...    AZ
29          50  ...   NaN
30          51  ...   NaN
31          52  ...    AZ
32          53  ...   NaN
33          54  ...   NaN
34          55  ...   NaN
35          56  ...    AZ
36          57  ...    AZ
37          58  ...   NaN
38          59  ...    AZ
39          60  ...   NaN

[40 rows x 10 columns], item_name='pentagon.png', alter_item_name='21', item_path='level_set/level_set_3/1_0_original_icons/pentagon.png')
Đang xử lý: 'level_set/level_set_3/1_0_original_icons/pentagon.png' (Kích thước gốc: (250, 250))
==> Đã lưu vào: 'level_set/level_set_3/1_1_icons/pentagon.png' (Kích thước mới: (20, 20))
Đã tải ảnh 'level_set/level_set_3/1_1_icons/pentagon.png' (Kích thước: 20x20)
Sử dụng ngưỡng Alpha: 128
Hoàn thành! Đã lưu board vào 'level_set/level_set_3/1_board_test/21'.
--- Đang tải board từ: level_set/level_set_3/1_board_test/21 ---
Đã tải thành công 264 ô 'editable'.
Tổng số ô có thể vẽ: 264

========================================
--- BẮT ĐẦU VÒNG LẶP (Length = 25) ---
Ô đã chiếm: 0 / Ô còn trống: 264
Đề xuất tạo 11 mũi tên cho vòng lặp này...
Generating level in painted area... (This will be slow)
Trying to generate arrow 1/11...
Trying to generate arrow 2/11...
Trying to generate arrow 3/11...
Trying to generate arrow 4/11...
Trying to generate arrow 5/11...
Trying to generate arrow 6/11...
Trying to generate arrow 7/11...
Trying to generate arrow 8/11...
Trying to generate arrow 9/11...
Trying to generate arrow 10/11...
Trying to generate arrow 11/11...
Could not find valid arrow 11. Stopping.
Successfully generated 10 arrows!
Kết quả vòng lặp: Successfully generated 10 arrows!
Giảm độ dài từ 25...
Độ dài vòng tiếp theo: 20

========================================
--- BẮT ĐẦU VÒNG LẶP (Length = 20) ---
Ô đã chiếm: 211 / Ô còn trống: 53
Đề xuất tạo 3 mũi tên cho vòng lặp này...
Generating level in painted area... (This will be slow)
Trying to generate arrow 1/3...
Could not find valid arrow 1. Stopping.
Kết quả vòng lặp: Generation complete, but 0 valid arrows found. Try again.
Không thể tạo thêm mũi tên ở độ dài này.
Giảm độ dài từ 20...
Độ dài vòng tiếp theo: 15

========================================
--- BẮT ĐẦU VÒNG LẶP (Length = 15) ---
Ô đã chiếm: 211 / Ô còn trống: 53
Đề xuất tạo 4 mũi tên cho vòng lặp này...
Generating level in painted area... (This will be slow)
Trying to generate arrow 1/4...
Trying to generate arrow 2/4...
Could not find valid arrow 2. Stopping.
Successfully generated 1 arrows!
Kết quả vòng lặp: Successfully generated 1 arrows!
Giảm độ dài từ 15...
Độ dài vòng tiếp theo: 10

========================================
--- BẮT ĐẦU VÒNG LẶP (Length = 10) ---
Ô đã chiếm: 218 / Ô còn trống: 46
Đề xuất tạo 5 mũi tên cho vòng lặp này...
Generating level in painted area... (This will be slow)
Trying to generate arrow 1/5...
Trying to generate arrow 2/5...
Could not find valid arrow 2. Stopping.
Successfully generated 1 arrows!
Kết quả vòng lặp: Successfully generated 1 arrows!
Giảm độ dài từ 10...
Độ dài vòng tiếp theo: 5

========================================
--- BẮT ĐẦU VÒNG LẶP (Length = 5) ---
Ô đã chiếm: 223 / Ô còn trống: 41
Đề xuất tạo 8 mũi tên cho vòng lặp này...
Generating level in painted area... (This will be slow)
Trying to generate arrow 1/8...
Trying to generate arrow 2/8...
Trying to generate arrow 3/8...
Trying to generate arrow 4/8...
Trying to generate arrow 5/8...
Trying to generate arrow 6/8...
Trying to generate arrow 7/8...
Trying to generate arrow 8/8...
Successfully generated 8 arrows!
Kết quả vòng lặp: Successfully generated 8 arrows!
Tiếp tục lặp lại ở độ dài tối thiểu (5)...

========================================
--- BẮT ĐẦU VÒNG LẶP (Length = 5) ---
Ô đã chiếm: 242 / Ô còn trống: 22
Đề xuất tạo 4 mũi tên cho vòng lặp này...
Generating level in painted area... (This will be slow)
Trying to generate arrow 1/4...
Trying to generate arrow 2/4...
Trying to generate arrow 3/4...
Trying to generate arrow 4/4...
Successfully generated 4 arrows!
Kết quả vòng lặp: Successfully generated 4 arrows!
Tiếp tục lặp lại ở độ dài tối thiểu (5)...

========================================
--- BẮT ĐẦU VÒNG LẶP (Length = 5) ---
Ô đã chiếm: 250 / Ô còn trống: 14
Đề xuất tạo 3 mũi tên cho vòng lặp này...
Generating level in painted area... (This will be slow)
Trying to generate arrow 1/3...
Trying to generate arrow 2/3...
Could not find valid arrow 2. Stopping.
Successfully generated 1 arrows!
Kết quả vòng lặp: Successfully generated 1 arrows!
Tiếp tục lặp lại ở độ dài tối thiểu (5)...

========================================
--- BẮT ĐẦU VÒNG LẶP (Length = 5) ---
Ô đã chiếm: 252 / Ô còn trống: 12
Đề xuất tạo 2 mũi tên cho vòng lặp này...
Generating level in painted area... (This will be slow)
Trying to generate arrow 1/2...
Could not find valid arrow 1. Stopping.
Kết quả vòng lặp: Generation complete, but 0 valid arrows found. Try again.
Không thể tạo thêm mũi tên ở độ dài này.
Đã đạt độ dài tối thiểu và không thể tạo thêm. Dừng.

========================================
--- ĐÃ HOÀN TẤT TẤT CẢ CÁC VÒNG LẶP ---
Tổng cộng đã tạo: 25 mũi tên.
Đã lấp đầy 252 / 264 ô (95.5%)
--- Đang lưu kết quả ra: level_set/level_set_3/2_result_test/21.json ---
Đã lưu thành công level 20x19 với 25 mũi tên.
--- Bản đồ kết quả (ASCII) ---
                      
          #>          
         ##>^         
        ######        
      <#########      
     .#>##^^##^##     
   ######>#######.^   
  ##################  
 ##^##########.###### 
 #######.<###^##.#### 
  ##>###########>.##  
  #############>#>##  
  ##########.#######  
   ##.####^########   
   ########.#######   
   ##########<#####   
    v######.#####.    
    ##############    
    v#######>#####    
     ###v.##<##<#     
                      
--- Đang render: 21 (20x19) ---
✅ Đã lưu hình ảnh vào: level_set/level_set_3/3_render/21.png
args: Args(level_set_path=PosixPath('level_set/level_set_3'), start_length=25, length_step=5, min_length=5, size=(25, 25), turn_probability=0.75, straight_weight=2, left_weight=0.5, right_weight=0.5, max_turns=30, generate_mode='advance', csv_path=PosixPath('level_set/level_set_3/[Data] levels - test dataframe.csv'), csv=    level_name  ... style
0           21  ...   NaN
1           22  ...    AZ
2           23  ...   NaN
3           24  ...   NaN
4           25  ...   NaN
5           26  ...    AZ
6           27  ...    AZ
7           28  ...   NaN
8           29  ...    AZ
9           30  ...   NaN
10          31  ...   NaN
11          32  ...    AZ
12          33  ...   NaN
13          34  ...   NaN
14          35  ...   NaN
15          36  ...    AZ
16          37  ...    AZ
17          38  ...   NaN
18          39  ...    AZ
19          40  ...   NaN
20          41  ...   NaN
21          42  ...    AZ
22          43  ...   NaN
23          44  ...   NaN
24          45  ...   NaN
25          46  ...    AZ
26          47  ...    AZ
27          48  ...   NaN
28          49  ...    AZ
29          50  ...   NaN
30          51  ...   NaN
31          52  ...    AZ
32          53  ...   NaN
33          54  ...   NaN
34          55  ...   NaN
35          56  ...    AZ
36          57  ...    AZ
37          58  ...   NaN
38          59  ...    AZ
39          60  ...   NaN

[40 rows x 10 columns], item_path='level_set/level_set_3/1_0_original_icons/star.png', item_name='star.png', alter_item_name='22')
Đang xử lý: 'level_set/level_set_3/1_0_original_icons/star.png' (Kích thước gốc: (250, 250))
==> Đã lưu vào: 'level_set/level_set_3/1_1_icons/star.png' (Kích thước mới: (25, 25))
Đã tải ảnh 'level_set/level_set_3/1_1_icons/star.png' (Kích thước: 25x25)
Sử dụng ngưỡng Alpha: 128
Hoàn thành! Đã lưu board vào 'level_set/level_set_3/1_board_test/22'.
--- Đang tải board từ: level_set/level_set_3/1_board_test/22 ---
Đã tải thành công 208 ô 'editable'.
Tổng số ô có thể vẽ: 208

========================================
--- BẮT ĐẦU VÒNG LẶP (Length = 25) ---
Ô đã chiếm: 0 / Ô còn trống: 208
Đề xuất tạo 8 mũi tên cho vòng lặp này...
Generating ADVANCED level in painted area... (This will be slow)
Trying to generate (adv) arrow 1/8...
Trying to generate (adv) arrow 2/8...
Trying to generate (adv) arrow 3/8...
Trying to generate (adv) arrow 4/8...
Trying to generate (adv) arrow 5/8...
Trying to generate (adv) arrow 6/8...
Trying to generate (adv) arrow 7/8...
Trying to generate (adv) arrow 8/8...
Successfully generated 8 arrows!
Kết quả vòng lặp: Successfully generated 8 arrows!
Giảm độ dài từ 25...
Độ dài vòng tiếp theo: 20

========================================
--- BẮT ĐẦU VÒNG LẶP (Length = 20) ---
Ô đã chiếm: 153 / Ô còn trống: 55
Đề xuất tạo 3 mũi tên cho vòng lặp này...
Generating ADVANCED level in painted area... (This will be slow)
Trying to generate (adv) arrow 1/3...
Trying to generate (adv) arrow 2/3...
Could not find valid arrow 2. Stopping.
Successfully generated 1 arrows!
Kết quả vòng lặp: Successfully generated 1 arrows!
Giảm độ dài từ 20...
Độ dài vòng tiếp theo: 15

========================================
--- BẮT ĐẦU VÒNG LẶP (Length = 15) ---
Ô đã chiếm: 165 / Ô còn trống: 43
Đề xuất tạo 3 mũi tên cho vòng lặp này...
Generating ADVANCED level in painted area... (This will be slow)
Trying to generate (adv) arrow 1/3...
Trying to generate (adv) arrow 2/3...
Could not find valid arrow 2. Stopping.
Successfully generated 1 arrows!
Kết quả vòng lặp: Successfully generated 1 arrows!
Giảm độ dài từ 15...
Độ dài vòng tiếp theo: 10

========================================
--- BẮT ĐẦU VÒNG LẶP (Length = 10) ---
Ô đã chiếm: 172 / Ô còn trống: 36
Đề xuất tạo 4 mũi tên cho vòng lặp này...
Generating ADVANCED level in painted area... (This will be slow)
Trying to generate (adv) arrow 1/4...
Could not find valid arrow 1. Stopping.
Kết quả vòng lặp: Generation complete, but 0 valid arrows found. Try again.
Không thể tạo thêm mũi tên ở độ dài này.
Giảm độ dài từ 10...
Độ dài vòng tiếp theo: 5

========================================
--- BẮT ĐẦU VÒNG LẶP (Length = 5) ---
Ô đã chiếm: 172 / Ô còn trống: 36
Đề xuất tạo 7 mũi tên cho vòng lặp này...
Generating ADVANCED level in painted area... (This will be slow)
Trying to generate (adv) arrow 1/7...
Trying to generate (adv) arrow 2/7...
Trying to generate (adv) arrow 3/7...
Trying to generate (adv) arrow 4/7...
Trying to generate (adv) arrow 5/7...
Trying to generate (adv) arrow 6/7...
Trying to generate (adv) arrow 7/7...
Successfully generated 7 arrows!
Kết quả vòng lặp: Successfully generated 7 arrows!
Tiếp tục lặp lại ở độ dài tối thiểu (5)...

========================================
--- BẮT ĐẦU VÒNG LẶP (Length = 5) ---
Ô đã chiếm: 188 / Ô còn trống: 20
Đề xuất tạo 4 mũi tên cho vòng lặp này...
Generating ADVANCED level in painted area... (This will be slow)
Trying to generate (adv) arrow 1/4...
Trying to generate (adv) arrow 2/4...
Trying to generate (adv) arrow 3/4...
Trying to generate (adv) arrow 4/4...
Successfully generated 4 arrows!
Kết quả vòng lặp: Successfully generated 4 arrows!
Tiếp tục lặp lại ở độ dài tối thiểu (5)...

========================================
--- BẮT ĐẦU VÒNG LẶP (Length = 5) ---
Ô đã chiếm: 196 / Ô còn trống: 12
Đề xuất tạo 2 mũi tên cho vòng lặp này...
Generating ADVANCED level in painted area... (This will be slow)
Trying to generate (adv) arrow 1/2...
Could not find valid arrow 1. Stopping.
Kết quả vòng lặp: Generation complete, but 0 valid arrows found. Try again.
Không thể tạo thêm mũi tên ở độ dài này.
Đã đạt độ dài tối thiểu và không thể tạo thêm. Dừng.

========================================
--- ĐÃ HOÀN TẤT TẤT CẢ CÁC VÒNG LẶP ---
Tổng cộng đã tạo: 21 mũi tên.
Đã lấp đầy 196 / 208 ô (94.2%)
--- Đang lưu kết quả ra: level_set/level_set_3/2_result_test/22.json ---
Đã lưu thành công level 19x21 với 21 mũi tên.
--- Bản đồ kết quả (ASCII) ---
                       
           #           
           v           
          ###          
          v##          
         ^####         
         #v###         
        .######        
  ######>.###^#######  
 .############.^####v. 
  ##################>  
   .^#<############.   
    ###############    
     ############.     
      .v#########      
      .<#########      
     ###########v.     
     #<##########>     
     #.###<######^     
     #####   #####     
     ^<#       ##^     
     #           #     
                       
--- Đang render: 22 (19x21) ---
✅ Đã lưu hình ảnh vào: level_set/level_set_3/3_render/22.png
args: Args(level_set_path=PosixPath('level_set/level_set_3'), start_length=25, length_step=5, min_length=5, size=(20, 30), turn_probability=0.5, straight_weight=0.75, left_weight=0.25, right_weight=0.5, max_turns=6, generate_mode='basic', csv_path=PosixPath('level_set/level_set_3/[Data] levels - test dataframe.csv'), csv=    level_name  ... style
0           21  ...   NaN
1           22  ...    AZ
2           23  ...   NaN
3           24  ...   NaN
4           25  ...   NaN
5           26  ...    AZ
6           27  ...    AZ
7           28  ...   NaN
8           29  ...    AZ
9           30  ...   NaN
10          31  ...   NaN
11          32  ...    AZ
12          33  ...   NaN
13          34  ...   NaN
14          35  ...   NaN
15          36  ...    AZ
16          37  ...    AZ
17          38  ...   NaN
18          39  ...    AZ
19          40  ...   NaN
20          41  ...   NaN
21          42  ...    AZ
22          43  ...   NaN
23          44  ...   NaN
24          45  ...   NaN
25          46  ...    AZ
26          47  ...    AZ
27          48  ...   NaN
28          49  ...    AZ
29          50  ...   NaN
30          51  ...   NaN
31          52  ...    AZ
32          53  ...   NaN
33          54  ...   NaN
34          55  ...   NaN
35          56  ...    AZ
36          57  ...    AZ
37          58  ...   NaN
38          59  ...    AZ
39          60  ...   NaN

[40 rows x 10 columns], item_path='level_set/level_set_3/1_0_original_icons/square.png', item_name='square.png', alter_item_name='23')
Đang xử lý: 'level_set/level_set_3/1_0_original_icons/square.png' (Kích thước gốc: (250, 250))
==> Đã lưu vào: 'level_set/level_set_3/1_1_icons/square.png' (Kích thước mới: (20, 30))
Đã tải ảnh 'level_set/level_set_3/1_1_icons/square.png' (Kích thước: 20x30)
Sử dụng ngưỡng Alpha: 128
Hoàn thành! Đã lưu board vào 'level_set/level_set_3/1_board_test/23'.
--- Đang tải board từ: level_set/level_set_3/1_board_test/23 ---
Đã tải thành công 600 ô 'editable'.
Tổng số ô có thể vẽ: 600

========================================
--- BẮT ĐẦU VÒNG LẶP (Length = 25) ---
Ô đã chiếm: 0 / Ô còn trống: 600
Đề xuất tạo 24 mũi tên cho vòng lặp này...
Generating level in painted area... (This will be slow)
Trying to generate arrow 1/24...
Trying to generate arrow 2/24...
Trying to generate arrow 3/24...
Trying to generate arrow 4/24...
Trying to generate arrow 5/24...
Trying to generate arrow 6/24...
Trying to generate arrow 7/24...
Trying to generate arrow 8/24...
Trying to generate arrow 9/24...
Trying to generate arrow 10/24...
Trying to generate arrow 11/24...
Trying to generate arrow 12/24...
Trying to generate arrow 13/24...
Trying to generate arrow 14/24...
Trying to generate arrow 15/24...
Trying to generate arrow 16/24...
Trying to generate arrow 17/24...
Trying to generate arrow 18/24...
Trying to generate arrow 19/24...
Trying to generate arrow 20/24...
Trying to generate arrow 21/24...
Trying to generate arrow 22/24...
Trying to generate arrow 23/24...
Trying to generate arrow 24/24...
Successfully generated 24 arrows!
Kết quả vòng lặp: Successfully generated 24 arrows!
Giảm độ dài từ 25...
Độ dài vòng tiếp theo: 20

========================================
--- BẮT ĐẦU VÒNG LẶP (Length = 20) ---
Ô đã chiếm: 489 / Ô còn trống: 111
Đề xuất tạo 6 mũi tên cho vòng lặp này...
Generating level in painted area... (This will be slow)
Trying to generate arrow 1/6...
Trying to generate arrow 2/6...
Trying to generate arrow 3/6...
Trying to generate arrow 4/6...
Could not find valid arrow 4. Stopping.
Successfully generated 3 arrows!
Kết quả vòng lặp: Successfully generated 3 arrows!
Giảm độ dài từ 20...
Độ dài vòng tiếp theo: 15

========================================
--- BẮT ĐẦU VÒNG LẶP (Length = 15) ---
Ô đã chiếm: 519 / Ô còn trống: 81
Đề xuất tạo 5 mũi tên cho vòng lặp này...
Generating level in painted area... (This will be slow)
Trying to generate arrow 1/5...
Trying to generate arrow 2/5...
Could not find valid arrow 2. Stopping.
Successfully generated 1 arrows!
Kết quả vòng lặp: Successfully generated 1 arrows!
Giảm độ dài từ 15...
Độ dài vòng tiếp theo: 10

========================================
--- BẮT ĐẦU VÒNG LẶP (Length = 10) ---
Ô đã chiếm: 526 / Ô còn trống: 74
Đề xuất tạo 7 mũi tên cho vòng lặp này...
Generating level in painted area... (This will be slow)
Trying to generate arrow 1/7...
Trying to generate arrow 2/7...
Trying to generate arrow 3/7...
Trying to generate arrow 4/7...
Could not find valid arrow 4. Stopping.
Successfully generated 3 arrows!
Kết quả vòng lặp: Successfully generated 3 arrows!
Giảm độ dài từ 10...
Độ dài vòng tiếp theo: 5

========================================
--- BẮT ĐẦU VÒNG LẶP (Length = 5) ---
Ô đã chiếm: 541 / Ô còn trống: 59
Đề xuất tạo 12 mũi tên cho vòng lặp này...
Generating level in painted area... (This will be slow)
Trying to generate arrow 1/12...
Trying to generate arrow 2/12...
Trying to generate arrow 3/12...
Trying to generate arrow 4/12...
Trying to generate arrow 5/12...
Trying to generate arrow 6/12...
Trying to generate arrow 7/12...
Trying to generate arrow 8/12...
Trying to generate arrow 9/12...
Trying to generate arrow 10/12...
Trying to generate arrow 11/12...
Trying to generate arrow 12/12...
Successfully generated 12 arrows!
Kết quả vòng lặp: Successfully generated 12 arrows!
Tiếp tục lặp lại ở độ dài tối thiểu (5)...

========================================
--- BẮT ĐẦU VÒNG LẶP (Length = 5) ---
Ô đã chiếm: 570 / Ô còn trống: 30
Đề xuất tạo 6 mũi tên cho vòng lặp này...
Generating level in painted area... (This will be slow)
Trying to generate arrow 1/6...
Trying to generate arrow 2/6...
Trying to generate arrow 3/6...
Trying to generate arrow 4/6...
Trying to generate arrow 5/6...
Could not find valid arrow 5. Stopping.
Successfully generated 4 arrows!
Kết quả vòng lặp: Successfully generated 4 arrows!
Tiếp tục lặp lại ở độ dài tối thiểu (5)...

========================================
--- BẮT ĐẦU VÒNG LẶP (Length = 5) ---
Ô đã chiếm: 578 / Ô còn trống: 22
Đề xuất tạo 4 mũi tên cho vòng lặp này...
Generating level in painted area... (This will be slow)
Trying to generate arrow 1/4...
Could not find valid arrow 1. Stopping.
Kết quả vòng lặp: Generation complete, but 0 valid arrows found. Try again.
Không thể tạo thêm mũi tên ở độ dài này.
Đã đạt độ dài tối thiểu và không thể tạo thêm. Dừng.

========================================
--- ĐÃ HOÀN TẤT TẤT CẢ CÁC VÒNG LẶP ---
Tổng cộng đã tạo: 47 mũi tên.
Đã lấp đầy 578 / 600 ô (96.3%)
--- Đang lưu kết quả ra: level_set/level_set_3/2_result_test/23.json ---
Đã lưu thành công level 20x30 với 47 mũi tên.
--- Bản đồ kết quả (ASCII) ---
                      
 #>#####>#>#######^#> 
 #################### 
 #####.###########>## 
 ################.### 
 ####^#####<#####<#^# 
 ############.^###### 
 ####<############### 
 ####<############### 
 #v.##.##v########### 
 ##################^# 
 <#####.v##.######### 
 ############v.###### 
 #######.<########### 
 #################### 
 #####v<#########.### 
 ########<########### 
 <#########<######### 
 <###########>####### 
 ###############.###. 
 #########>.####.#>#> 
 .<##v#.############# 
 <#############>####v 
 ########>##.##.##### 
 ############.##.##>v 
 #######v####<####### 
 ####v#<#####.##^#### 
 #################### 
 ###<###.############ 
 ############>####### 
 ########<#####<##### 
                      
--- Đang render: 23 (20x30) ---
✅ Đã lưu hình ảnh vào: level_set/level_set_3/3_render/23.png
args: Args(level_set_path=PosixPath('level_set/level_set_3'), start_length=25, length_step=5, min_length=5, size=(20, 20), turn_probability=0.5, straight_weight=0.75, left_weight=0.25, right_weight=0.5, max_turns=6, generate_mode='basic', csv_path=PosixPath('level_set/level_set_3/[Data] levels - test dataframe.csv'), csv=    level_name  ... style
0           21  ...   NaN
1           22  ...    AZ
2           23  ...   NaN
3           24  ...   NaN
4           25  ...   NaN
5           26  ...    AZ
6           27  ...    AZ
7           28  ...   NaN
8           29  ...    AZ
9           30  ...   NaN
10          31  ...   NaN
11          32  ...    AZ
12          33  ...   NaN
13          34  ...   NaN
14          35  ...   NaN
15          36  ...    AZ
16          37  ...    AZ
17          38  ...   NaN
18          39  ...    AZ
19          40  ...   NaN
20          41  ...   NaN
21          42  ...    AZ
22          43  ...   NaN
23          44  ...   NaN
24          45  ...   NaN
25          46  ...    AZ
26          47  ...    AZ
27          48  ...   NaN
28          49  ...    AZ
29          50  ...   NaN
30          51  ...   NaN
31          52  ...    AZ
32          53  ...   NaN
33          54  ...   NaN
34          55  ...   NaN
35          56  ...    AZ
36          57  ...    AZ
37          58  ...   NaN
38          59  ...    AZ
39          60  ...   NaN

[40 rows x 10 columns], item_path='level_set/level_set_3/1_0_original_icons/pentagon.png', item_name='pentagon.png', alter_item_name='24')
Đang xử lý: 'level_set/level_set_3/1_0_original_icons/pentagon.png' (Kích thước gốc: (250, 250))
==> Đã lưu vào: 'level_set/level_set_3/1_1_icons/pentagon.png' (Kích thước mới: (20, 20))
Đã tải ảnh 'level_set/level_set_3/1_1_icons/pentagon.png' (Kích thước: 20x20)
Sử dụng ngưỡng Alpha: 128
Hoàn thành! Đã lưu board vào 'level_set/level_set_3/1_board_test/24'.
--- Đang tải board từ: level_set/level_set_3/1_board_test/24 ---
Đã tải thành công 264 ô 'editable'.
Tổng số ô có thể vẽ: 264

========================================
--- BẮT ĐẦU VÒNG LẶP (Length = 25) ---
Ô đã chiếm: 0 / Ô còn trống: 264
Đề xuất tạo 11 mũi tên cho vòng lặp này...
Generating level in painted area... (This will be slow)
Trying to generate arrow 1/11...
Trying to generate arrow 2/11...
Trying to generate arrow 3/11...
Trying to generate arrow 4/11...
Trying to generate arrow 5/11...
Trying to generate arrow 6/11...
Trying to generate arrow 7/11...
Trying to generate arrow 8/11...
Trying to generate arrow 9/11...
Trying to generate arrow 10/11...
Trying to generate arrow 11/11...
Successfully generated 11 arrows!
Kết quả vòng lặp: Successfully generated 11 arrows!
Giảm độ dài từ 25...
Độ dài vòng tiếp theo: 20

========================================
--- BẮT ĐẦU VÒNG LẶP (Length = 20) ---
Ô đã chiếm: 220 / Ô còn trống: 44
Đề xuất tạo 2 mũi tên cho vòng lặp này...
Generating level in painted area... (This will be slow)
Trying to generate arrow 1/2...
Could not find valid arrow 1. Stopping.
Kết quả vòng lặp: Generation complete, but 0 valid arrows found. Try again.
Không thể tạo thêm mũi tên ở độ dài này.
Giảm độ dài từ 20...
Độ dài vòng tiếp theo: 15

========================================
--- BẮT ĐẦU VÒNG LẶP (Length = 15) ---
Ô đã chiếm: 220 / Ô còn trống: 44
Đề xuất tạo 3 mũi tên cho vòng lặp này...
Generating level in painted area... (This will be slow)
Trying to generate arrow 1/3...
Could not find valid arrow 1. Stopping.
Kết quả vòng lặp: Generation complete, but 0 valid arrows found. Try again.
Không thể tạo thêm mũi tên ở độ dài này.
Giảm độ dài từ 15...
Độ dài vòng tiếp theo: 10

========================================
--- BẮT ĐẦU VÒNG LẶP (Length = 10) ---
Ô đã chiếm: 220 / Ô còn trống: 44
Đề xuất tạo 4 mũi tên cho vòng lặp này...
Generating level in painted area... (This will be slow)
Trying to generate arrow 1/4...
Trying to generate arrow 2/4...
Trying to generate arrow 3/4...
Trying to generate arrow 4/4...
Could not find valid arrow 4. Stopping.
Successfully generated 3 arrows!
Kết quả vòng lặp: Successfully generated 3 arrows!
Giảm độ dài từ 10...
Độ dài vòng tiếp theo: 5

========================================
--- BẮT ĐẦU VÒNG LẶP (Length = 5) ---
Ô đã chiếm: 237 / Ô còn trống: 27
Đề xuất tạo 5 mũi tên cho vòng lặp này...
Generating level in painted area... (This will be slow)
Trying to generate arrow 1/5...
Trying to generate arrow 2/5...
Trying to generate arrow 3/5...
Trying to generate arrow 4/5...
Trying to generate arrow 5/5...
Successfully generated 5 arrows!
Kết quả vòng lặp: Successfully generated 5 arrows!
Tiếp tục lặp lại ở độ dài tối thiểu (5)...

========================================
--- BẮT ĐẦU VÒNG LẶP (Length = 5) ---
Ô đã chiếm: 247 / Ô còn trống: 17
Đề xuất tạo 3 mũi tên cho vòng lặp này...
Generating level in painted area... (This will be slow)
Trying to generate arrow 1/3...
Trying to generate arrow 2/3...
Trying to generate arrow 3/3...
Successfully generated 3 arrows!
Kết quả vòng lặp: Successfully generated 3 arrows!
Tiếp tục lặp lại ở độ dài tối thiểu (5)...

========================================
--- BẮT ĐẦU VÒNG LẶP (Length = 5) ---
Ô đã chiếm: 254 / Ô còn trống: 10
Đề xuất tạo 2 mũi tên cho vòng lặp này...
Generating level in painted area... (This will be slow)
Trying to generate arrow 1/2...
Trying to generate arrow 2/2...
Could not find valid arrow 2. Stopping.
Successfully generated 1 arrows!
Kết quả vòng lặp: Successfully generated 1 arrows!
Tiếp tục lặp lại ở độ dài tối thiểu (5)...

========================================
--- BẮT ĐẦU VÒNG LẶP (Length = 5) ---
Ô đã chiếm: 256 / Ô còn trống: 8
Đề xuất tạo 2 mũi tên cho vòng lặp này...
Generating level in painted area... (This will be slow)
Trying to generate arrow 1/2...
Could not find valid arrow 1. Stopping.
Kết quả vòng lặp: Generation complete, but 0 valid arrows found. Try again.
Không thể tạo thêm mũi tên ở độ dài này.
Đã đạt độ dài tối thiểu và không thể tạo thêm. Dừng.

========================================
--- ĐÃ HOÀN TẤT TẤT CẢ CÁC VÒNG LẶP ---
Tổng cộng đã tạo: 23 mũi tên.
Đã lấp đầy 256 / 264 ô (97.0%)
--- Đang lưu kết quả ra: level_set/level_set_3/2_result_test/24.json ---
Đã lưu thành công level 20x19 với 23 mũi tên.
--- Bản đồ kết quả (ASCII) ---
                      
          ##          
         ####         
        .#.##.        
      <#######<#      
     ####<##>####     
   .###############   
  <########^^######.  
 ^###############>### 
 #################### 
  ##################  
  ##<#############.^  
  v#################  
   ##<#############   
   ###^##########.^   
   v####v###>####^#   
    ##############    
    ##>#>#####>###    
    ##############    
     .#########<#     
                      
--- Đang render: 24 (20x19) ---
✅ Đã lưu hình ảnh vào: level_set/level_set_3/3_render/24.png
args: Args(level_set_path=PosixPath('level_set/level_set_3'), start_length=25, length_step=5, min_length=5, size=(25, 25), turn_probability=0.5, straight_weight=0.75, left_weight=0.25, right_weight=0.5, max_turns=6, generate_mode='basic', csv_path=PosixPath('level_set/level_set_3/[Data] levels - test dataframe.csv'), csv=    level_name  ... style
0           21  ...   NaN
1           22  ...    AZ
2           23  ...   NaN
3           24  ...   NaN
4           25  ...   NaN
5           26  ...    AZ
6           27  ...    AZ
7           28  ...   NaN
8           29  ...    AZ
9           30  ...   NaN
10          31  ...   NaN
11          32  ...    AZ
12          33  ...   NaN
13          34  ...   NaN
14          35  ...   NaN
15          36  ...    AZ
16          37  ...    AZ
17          38  ...   NaN
18          39  ...    AZ
19          40  ...   NaN
20          41  ...   NaN
21          42  ...    AZ
22          43  ...   NaN
23          44  ...   NaN
24          45  ...   NaN
25          46  ...    AZ
26          47  ...    AZ
27          48  ...   NaN
28          49  ...    AZ
29          50  ...   NaN
30          51  ...   NaN
31          52  ...    AZ
32          53  ...   NaN
33          54  ...   NaN
34          55  ...   NaN
35          56  ...    AZ
36          57  ...    AZ
37          58  ...   NaN
38          59  ...    AZ
39          60  ...   NaN

[40 rows x 10 columns], item_path='level_set/level_set_3/1_0_original_icons/AIR BALLOON.png', item_name='AIR BALLOON.png', alter_item_name='25')
Đang xử lý: 'level_set/level_set_3/1_0_original_icons/AIR BALLOON.png' (Kích thước gốc: (193, 256))
==> Đã lưu vào: 'level_set/level_set_3/1_1_icons/AIR BALLOON.png' (Kích thước mới: (25, 25))
Đã tải ảnh 'level_set/level_set_3/1_1_icons/AIR BALLOON.png' (Kích thước: 25x25)
Sử dụng ngưỡng Alpha: 128
Hoàn thành! Đã lưu board vào 'level_set/level_set_3/1_board_test/25'.
--- Đang tải board từ: level_set/level_set_3/1_board_test/25 ---
Đã tải thành công 357 ô 'editable'.
Tổng số ô có thể vẽ: 357

========================================
--- BẮT ĐẦU VÒNG LẶP (Length = 25) ---
Ô đã chiếm: 0 / Ô còn trống: 357
Đề xuất tạo 14 mũi tên cho vòng lặp này...
Generating level in painted area... (This will be slow)
Trying to generate arrow 1/14...
Trying to generate arrow 2/14...
Trying to generate arrow 3/14...
Trying to generate arrow 4/14...
Trying to generate arrow 5/14...
Trying to generate arrow 6/14...
Trying to generate arrow 7/14...
Trying to generate arrow 8/14...
Trying to generate arrow 9/14...
Trying to generate arrow 10/14...
Trying to generate arrow 11/14...
Trying to generate arrow 12/14...
Trying to generate arrow 13/14...
Trying to generate arrow 14/14...
Successfully generated 14 arrows!
Kết quả vòng lặp: Successfully generated 14 arrows!
Giảm độ dài từ 25...
Độ dài vòng tiếp theo: 20

========================================
--- BẮT ĐẦU VÒNG LẶP (Length = 20) ---
Ô đã chiếm: 262 / Ô còn trống: 95
Đề xuất tạo 5 mũi tên cho vòng lặp này...
Generating level in painted area... (This will be slow)
Trying to generate arrow 1/5...
Trying to generate arrow 2/5...
Could not find valid arrow 2. Stopping.
Successfully generated 1 arrows!
Kết quả vòng lặp: Successfully generated 1 arrows!
Giảm độ dài từ 20...
Độ dài vòng tiếp theo: 15

========================================
--- BẮT ĐẦU VÒNG LẶP (Length = 15) ---
Ô đã chiếm: 272 / Ô còn trống: 85
Đề xuất tạo 6 mũi tên cho vòng lặp này...
Generating level in painted area... (This will be slow)
Trying to generate arrow 1/6...
Trying to generate arrow 2/6...
Trying to generate arrow 3/6...
Could not find valid arrow 3. Stopping.
Successfully generated 2 arrows!
Kết quả vòng lặp: Successfully generated 2 arrows!
Giảm độ dài từ 15...
Độ dài vòng tiếp theo: 10

========================================
--- BẮT ĐẦU VÒNG LẶP (Length = 10) ---
Ô đã chiếm: 286 / Ô còn trống: 71
Đề xuất tạo 7 mũi tên cho vòng lặp này...
Generating level in painted area... (This will be slow)
Trying to generate arrow 1/7...
Trying to generate arrow 2/7...
Could not find valid arrow 2. Stopping.
Successfully generated 1 arrows!
Kết quả vòng lặp: Successfully generated 1 arrows!
Giảm độ dài từ 10...
Độ dài vòng tiếp theo: 5

========================================
--- BẮT ĐẦU VÒNG LẶP (Length = 5) ---
Ô đã chiếm: 291 / Ô còn trống: 66
Đề xuất tạo 13 mũi tên cho vòng lặp này...
Generating level in painted area... (This will be slow)
Trying to generate arrow 1/13...
Trying to generate arrow 2/13...
Trying to generate arrow 3/13...
Trying to generate arrow 4/13...
Trying to generate arrow 5/13...
Trying to generate arrow 6/13...
Trying to generate arrow 7/13...
Trying to generate arrow 8/13...
Trying to generate arrow 9/13...
Trying to generate arrow 10/13...
Trying to generate arrow 11/13...
Trying to generate arrow 12/13...
Trying to generate arrow 13/13...
Successfully generated 13 arrows!
Kết quả vòng lặp: Successfully generated 13 arrows!
Tiếp tục lặp lại ở độ dài tối thiểu (5)...

========================================
--- BẮT ĐẦU VÒNG LẶP (Length = 5) ---
Ô đã chiếm: 321 / Ô còn trống: 36
Đề xuất tạo 7 mũi tên cho vòng lặp này...
Generating level in painted area... (This will be slow)
Trying to generate arrow 1/7...
Trying to generate arrow 2/7...
Trying to generate arrow 3/7...
Trying to generate arrow 4/7...
Trying to generate arrow 5/7...
Trying to generate arrow 6/7...
Trying to generate arrow 7/7...
Successfully generated 7 arrows!
Kết quả vòng lặp: Successfully generated 7 arrows!
Tiếp tục lặp lại ở độ dài tối thiểu (5)...

========================================
--- BẮT ĐẦU VÒNG LẶP (Length = 5) ---
Ô đã chiếm: 335 / Ô còn trống: 22
Đề xuất tạo 4 mũi tên cho vòng lặp này...
Generating level in painted area... (This will be slow)
Trying to generate arrow 1/4...
Could not find valid arrow 1. Stopping.
Kết quả vòng lặp: Generation complete, but 0 valid arrows found. Try again.
Không thể tạo thêm mũi tên ở độ dài này.
Đã đạt độ dài tối thiểu và không thể tạo thêm. Dừng.

========================================
--- ĐÃ HOÀN TẤT TẤT CẢ CÁC VÒNG LẶP ---
Tổng cộng đã tạo: 38 mũi tên.
Đã lấp đầy 335 / 357 ô (93.8%)
--- Đang lưu kết quả ra: level_set/level_set_3/2_result_test/25.json ---
Đã lưu thành công level 23x25 với 38 mũi tên.
--- Bản đồ kết quả (ASCII) ---
                         
           ###.          
      ##^#^########      
    <#######.<###.##^    
   <#^########>#######>  
  ##############<#.###<# 
 <#v############.####### 
 #####>##>#####.^#>##### 
 ########>#########.#### 
 ######<############v### 
 ###v##<########.####### 
  ################v##### 
  .########>###########  
   <##.####.#######>v##  
    .####.#########.##   
     .############.##    
      v^#######^####     
       ##.#v.<#####      
        ###.##<###       
        #########        
         ^      .        
         #     #         
          .    #         
         #>#>###.        
          #####          
          ###>v          
                         
--- Đang render: 25 (23x25) ---
✅ Đã lưu hình ảnh vào: level_set/level_set_3/3_render/25.png
args: Args(level_set_path=PosixPath('level_set/level_set_3'), start_length=20, length_step=5, min_length=5, size=(20, 20), turn_probability=0.5, straight_weight=0.75, left_weight=0.25, right_weight=0.5, max_turns=6, generate_mode='advance', csv_path=PosixPath('level_set/level_set_3/[Data] levels - test dataframe.csv'), csv=    level_name  ... style
0           21  ...   NaN
1           22  ...    AZ
2           23  ...   NaN
3           24  ...   NaN
4           25  ...   NaN
5           26  ...    AZ
6           27  ...    AZ
7           28  ...   NaN
8           29  ...    AZ
9           30  ...   NaN
10          31  ...   NaN
11          32  ...    AZ
12          33  ...   NaN
13          34  ...   NaN
14          35  ...   NaN
15          36  ...    AZ
16          37  ...    AZ
17          38  ...   NaN
18          39  ...    AZ
19          40  ...   NaN
20          41  ...   NaN
21          42  ...    AZ
22          43  ...   NaN
23          44  ...   NaN
24          45  ...   NaN
25          46  ...    AZ
26          47  ...    AZ
27          48  ...   NaN
28          49  ...    AZ
29          50  ...   NaN
30          51  ...   NaN
31          52  ...    AZ
32          53  ...   NaN
33          54  ...   NaN
34          55  ...   NaN
35          56  ...    AZ
36          57  ...    AZ
37          58  ...   NaN
38          59  ...    AZ
39          60  ...   NaN

[40 rows x 10 columns], item_path='level_set/level_set_3/1_0_original_icons/square.png', item_name='square.png', alter_item_name='26')
Đang xử lý: 'level_set/level_set_3/1_0_original_icons/square.png' (Kích thước gốc: (250, 250))
==> Đã lưu vào: 'level_set/level_set_3/1_1_icons/square.png' (Kích thước mới: (20, 20))
Đã tải ảnh 'level_set/level_set_3/1_1_icons/square.png' (Kích thước: 20x20)
Sử dụng ngưỡng Alpha: 128
Hoàn thành! Đã lưu board vào 'level_set/level_set_3/1_board_test/26'.
--- Đang tải board từ: level_set/level_set_3/1_board_test/26 ---
Đã tải thành công 400 ô 'editable'.
Tổng số ô có thể vẽ: 400

========================================
--- BẮT ĐẦU VÒNG LẶP (Length = 20) ---
Ô đã chiếm: 0 / Ô còn trống: 400
Đề xuất tạo 20 mũi tên cho vòng lặp này...
Generating ADVANCED level in painted area... (This will be slow)
Trying to generate (adv) arrow 1/20...
Trying to generate (adv) arrow 2/20...
Trying to generate (adv) arrow 3/20...
Trying to generate (adv) arrow 4/20...
Trying to generate (adv) arrow 5/20...
Trying to generate (adv) arrow 6/20...
Trying to generate (adv) arrow 7/20...
Trying to generate (adv) arrow 8/20...
Trying to generate (adv) arrow 9/20...
Trying to generate (adv) arrow 10/20...
Trying to generate (adv) arrow 11/20...
Trying to generate (adv) arrow 12/20...
Trying to generate (adv) arrow 13/20...
Trying to generate (adv) arrow 14/20...
Trying to generate (adv) arrow 15/20...
Trying to generate (adv) arrow 16/20...
Trying to generate (adv) arrow 17/20...
Trying to generate (adv) arrow 18/20...
Trying to generate (adv) arrow 19/20...
Trying to generate (adv) arrow 20/20...
Successfully generated 20 arrows!
Kết quả vòng lặp: Successfully generated 20 arrows!
Giảm độ dài từ 20...
Độ dài vòng tiếp theo: 15

========================================
--- BẮT ĐẦU VÒNG LẶP (Length = 15) ---
Ô đã chiếm: 288 / Ô còn trống: 112
Đề xuất tạo 7 mũi tên cho vòng lặp này...
Generating ADVANCED level in painted area... (This will be slow)
Trying to generate (adv) arrow 1/7...
Trying to generate (adv) arrow 2/7...
Trying to generate (adv) arrow 3/7...
Trying to generate (adv) arrow 4/7...
Trying to generate (adv) arrow 5/7...
Trying to generate (adv) arrow 6/7...
Trying to generate (adv) arrow 7/7...
Successfully generated 7 arrows!
Kết quả vòng lặp: Successfully generated 7 arrows!
Giảm độ dài từ 15...
Độ dài vòng tiếp theo: 10

========================================
--- BẮT ĐẦU VÒNG LẶP (Length = 10) ---
Ô đã chiếm: 340 / Ô còn trống: 60
Đề xuất tạo 6 mũi tên cho vòng lặp này...
Generating ADVANCED level in painted area... (This will be slow)
Trying to generate (adv) arrow 1/6...
Trying to generate (adv) arrow 2/6...
Trying to generate (adv) arrow 3/6...
Trying to generate (adv) arrow 4/6...
Could not find valid arrow 4. Stopping.
Successfully generated 3 arrows!
Kết quả vòng lặp: Successfully generated 3 arrows!
Giảm độ dài từ 10...
Độ dài vòng tiếp theo: 5

========================================
--- BẮT ĐẦU VÒNG LẶP (Length = 5) ---
Ô đã chiếm: 356 / Ô còn trống: 44
Đề xuất tạo 9 mũi tên cho vòng lặp này...
Generating ADVANCED level in painted area... (This will be slow)
Trying to generate (adv) arrow 1/9...
Trying to generate (adv) arrow 2/9...
Trying to generate (adv) arrow 3/9...
Trying to generate (adv) arrow 4/9...
Trying to generate (adv) arrow 5/9...
Trying to generate (adv) arrow 6/9...
Trying to generate (adv) arrow 7/9...
Trying to generate (adv) arrow 8/9...
Trying to generate (adv) arrow 9/9...
Successfully generated 9 arrows!
Kết quả vòng lặp: Successfully generated 9 arrows!
Tiếp tục lặp lại ở độ dài tối thiểu (5)...

========================================
--- BẮT ĐẦU VÒNG LẶP (Length = 5) ---
Ô đã chiếm: 377 / Ô còn trống: 23
Đề xuất tạo 5 mũi tên cho vòng lặp này...
Generating ADVANCED level in painted area... (This will be slow)
Trying to generate (adv) arrow 1/5...
Trying to generate (adv) arrow 2/5...
Could not find valid arrow 2. Stopping.
Successfully generated 1 arrows!
Kết quả vòng lặp: Successfully generated 1 arrows!
Tiếp tục lặp lại ở độ dài tối thiểu (5)...

========================================
--- BẮT ĐẦU VÒNG LẶP (Length = 5) ---
Ô đã chiếm: 379 / Ô còn trống: 21
Đề xuất tạo 4 mũi tên cho vòng lặp này...
Generating ADVANCED level in painted area... (This will be slow)
Trying to generate (adv) arrow 1/4...
Could not find valid arrow 1. Stopping.
Kết quả vòng lặp: Generation complete, but 0 valid arrows found. Try again.
Không thể tạo thêm mũi tên ở độ dài này.
Đã đạt độ dài tối thiểu và không thể tạo thêm. Dừng.

========================================
--- ĐÃ HOÀN TẤT TẤT CẢ CÁC VÒNG LẶP ---
Tổng cộng đã tạo: 40 mũi tên.
Đã lấp đầy 379 / 400 ô (94.8%)
--- Đang lưu kết quả ra: level_set/level_set_3/2_result_test/26.json ---
Đã lưu thành công level 20x20 với 40 mũi tên.
--- Bản đồ kết quả (ASCII) ---
                      
 ################^### 
 v################### 
 ###>######.v###>^### 
 #.<###v############# 
 #################### 
 ############v###>### 
 #<#######.#####.#### 
 ###<#####.###.#<#<## 
 #v#.<####>.#######.# 
 #.#<#<############^# 
 #########<##.<#.#### 
 <###.<############># 
 ######<#########^#.# 
 v#####.^##.######### 
 ########v########.## 
 ######.#####<####### 
 ######<#<#####>###^# 
 ###########.####^### 
 ##############v##### 
 <#v##########>.####. 
                      
--- Đang render: 26 (20x20) ---
✅ Đã lưu hình ảnh vào: level_set/level_set_3/3_render/26.png
args: Args(level_set_path=PosixPath('level_set/level_set_3'), start_length=30, length_step=5, min_length=5, size=(25, 25), turn_probability=0.5, straight_weight=0.75, left_weight=0.25, right_weight=0.5, max_turns=6, generate_mode='advance', csv_path=PosixPath('level_set/level_set_3/[Data] levels - test dataframe.csv'), csv=    level_name  ... style
0           21  ...   NaN
1           22  ...    AZ
2           23  ...   NaN
3           24  ...   NaN
4           25  ...   NaN
5           26  ...    AZ
6           27  ...    AZ
7           28  ...   NaN
8           29  ...    AZ
9           30  ...   NaN
10          31  ...   NaN
11          32  ...    AZ
12          33  ...   NaN
13          34  ...   NaN
14          35  ...   NaN
15          36  ...    AZ
16          37  ...    AZ
17          38  ...   NaN
18          39  ...    AZ
19          40  ...   NaN
20          41  ...   NaN
21          42  ...    AZ
22          43  ...   NaN
23          44  ...   NaN
24          45  ...   NaN
25          46  ...    AZ
26          47  ...    AZ
27          48  ...   NaN
28          49  ...    AZ
29          50  ...   NaN
30          51  ...   NaN
31          52  ...    AZ
32          53  ...   NaN
33          54  ...   NaN
34          55  ...   NaN
35          56  ...    AZ
36          57  ...    AZ
37          58  ...   NaN
38          59  ...    AZ
39          60  ...   NaN

[40 rows x 10 columns], item_path='level_set/level_set_3/1_0_original_icons/circle.png', item_name='circle.png', alter_item_name='27')
Đang xử lý: 'level_set/level_set_3/1_0_original_icons/circle.png' (Kích thước gốc: (250, 250))
==> Đã lưu vào: 'level_set/level_set_3/1_1_icons/circle.png' (Kích thước mới: (25, 25))
Đã tải ảnh 'level_set/level_set_3/1_1_icons/circle.png' (Kích thước: 25x25)
Sử dụng ngưỡng Alpha: 128
Hoàn thành! Đã lưu board vào 'level_set/level_set_3/1_board_test/27'.
--- Đang tải board từ: level_set/level_set_3/1_board_test/27 ---
Đã tải thành công 489 ô 'editable'.
Tổng số ô có thể vẽ: 489

========================================
--- BẮT ĐẦU VÒNG LẶP (Length = 30) ---
Ô đã chiếm: 0 / Ô còn trống: 489
Đề xuất tạo 16 mũi tên cho vòng lặp này...
Generating ADVANCED level in painted area... (This will be slow)
Trying to generate (adv) arrow 1/16...
Trying to generate (adv) arrow 2/16...
Trying to generate (adv) arrow 3/16...
Trying to generate (adv) arrow 4/16...
Trying to generate (adv) arrow 5/16...
Trying to generate (adv) arrow 6/16...
Trying to generate (adv) arrow 7/16...
Trying to generate (adv) arrow 8/16...
Trying to generate (adv) arrow 9/16...
Trying to generate (adv) arrow 10/16...
Trying to generate (adv) arrow 11/16...
Trying to generate (adv) arrow 12/16...
Trying to generate (adv) arrow 13/16...
Trying to generate (adv) arrow 14/16...
Trying to generate (adv) arrow 15/16...
Trying to generate (adv) arrow 16/16...
Successfully generated 16 arrows!
Kết quả vòng lặp: Successfully generated 16 arrows!
Giảm độ dài từ 30...
Độ dài vòng tiếp theo: 25

========================================
--- BẮT ĐẦU VÒNG LẶP (Length = 25) ---
Ô đã chiếm: 314 / Ô còn trống: 175
Đề xuất tạo 7 mũi tên cho vòng lặp này...
Generating ADVANCED level in painted area... (This will be slow)
Trying to generate (adv) arrow 1/7...
Trying to generate (adv) arrow 2/7...
Trying to generate (adv) arrow 3/7...
Trying to generate (adv) arrow 4/7...
Trying to generate (adv) arrow 5/7...
Trying to generate (adv) arrow 6/7...
Could not find valid arrow 6. Stopping.
Successfully generated 5 arrows!
Kết quả vòng lặp: Successfully generated 5 arrows!
Giảm độ dài từ 25...
Độ dài vòng tiếp theo: 20

========================================
--- BẮT ĐẦU VÒNG LẶP (Length = 20) ---
Ô đã chiếm: 377 / Ô còn trống: 112
Đề xuất tạo 6 mũi tên cho vòng lặp này...
Generating ADVANCED level in painted area... (This will be slow)
Trying to generate (adv) arrow 1/6...
Trying to generate (adv) arrow 2/6...
Trying to generate (adv) arrow 3/6...
Could not find valid arrow 3. Stopping.
Successfully generated 2 arrows!
Kết quả vòng lặp: Successfully generated 2 arrows!
Giảm độ dài từ 20...
Độ dài vòng tiếp theo: 15

========================================
--- BẮT ĐẦU VÒNG LẶP (Length = 15) ---
Ô đã chiếm: 397 / Ô còn trống: 92
Đề xuất tạo 6 mũi tên cho vòng lặp này...
Generating ADVANCED level in painted area... (This will be slow)
Trying to generate (adv) arrow 1/6...
Trying to generate (adv) arrow 2/6...
Trying to generate (adv) arrow 3/6...
Trying to generate (adv) arrow 4/6...
Could not find valid arrow 4. Stopping.
Successfully generated 3 arrows!
Kết quả vòng lặp: Successfully generated 3 arrows!
Giảm độ dài từ 15...
Độ dài vòng tiếp theo: 10

========================================
--- BẮT ĐẦU VÒNG LẶP (Length = 10) ---
Ô đã chiếm: 418 / Ô còn trống: 71
Đề xuất tạo 7 mũi tên cho vòng lặp này...
Generating ADVANCED level in painted area... (This will be slow)
Trying to generate (adv) arrow 1/7...
Trying to generate (adv) arrow 2/7...
Trying to generate (adv) arrow 3/7...
Trying to generate (adv) arrow 4/7...
Trying to generate (adv) arrow 5/7...
Trying to generate (adv) arrow 6/7...
Could not find valid arrow 6. Stopping.
Successfully generated 5 arrows!
Kết quả vòng lặp: Successfully generated 5 arrows!
Giảm độ dài từ 10...
Độ dài vòng tiếp theo: 5

========================================
--- BẮT ĐẦU VÒNG LẶP (Length = 5) ---
Ô đã chiếm: 444 / Ô còn trống: 45
Đề xuất tạo 9 mũi tên cho vòng lặp này...
Generating ADVANCED level in painted area... (This will be slow)
Trying to generate (adv) arrow 1/9...
Trying to generate (adv) arrow 2/9...
Trying to generate (adv) arrow 3/9...
Trying to generate (adv) arrow 4/9...
Trying to generate (adv) arrow 5/9...
Trying to generate (adv) arrow 6/9...
Trying to generate (adv) arrow 7/9...
Trying to generate (adv) arrow 8/9...
Trying to generate (adv) arrow 9/9...
Successfully generated 9 arrows!
Kết quả vòng lặp: Successfully generated 9 arrows!
Tiếp tục lặp lại ở độ dài tối thiểu (5)...

========================================
--- BẮT ĐẦU VÒNG LẶP (Length = 5) ---
Ô đã chiếm: 464 / Ô còn trống: 25
Đề xuất tạo 5 mũi tên cho vòng lặp này...
Generating ADVANCED level in painted area... (This will be slow)
Trying to generate (adv) arrow 1/5...
Trying to generate (adv) arrow 2/5...
Trying to generate (adv) arrow 3/5...
Trying to generate (adv) arrow 4/5...
Could not find valid arrow 4. Stopping.
Successfully generated 3 arrows!
Kết quả vòng lặp: Successfully generated 3 arrows!
Tiếp tục lặp lại ở độ dài tối thiểu (5)...

========================================
--- BẮT ĐẦU VÒNG LẶP (Length = 5) ---
Ô đã chiếm: 470 / Ô còn trống: 19
Đề xuất tạo 4 mũi tên cho vòng lặp này...
Generating ADVANCED level in painted area... (This will be slow)
Trying to generate (adv) arrow 1/4...
Could not find valid arrow 1. Stopping.
Kết quả vòng lặp: Generation complete, but 0 valid arrows found. Try again.
Không thể tạo thêm mũi tên ở độ dài này.
Đã đạt độ dài tối thiểu và không thể tạo thêm. Dừng.

========================================
--- ĐÃ HOÀN TẤT TẤT CẢ CÁC VÒNG LẶP ---
Tổng cộng đã tạo: 43 mũi tên.
Đã lấp đầy 470 / 489 ô (96.1%)
--- Đang lưu kết quả ra: level_set/level_set_3/2_result_test/27.json ---
Đã lưu thành công level 25x25 với 43 mũi tên.
--- Bản đồ kết quả (ASCII) ---
                           
          .<####.          
        ###########        
      ####.<#########      
     ^##^###########v.     
    .######^<####v#####    
   ##################.#^   
   #<######<############   
  ###################v#^^  
  v##############.#.v.###  
 .##########v#########v### 
 ^######################^# 
 ##################vv##### 
 ###.##################### 
 #######.############v#### 
 ###>##################### 
 ###################.##### 
  ###############.##<##v#  
  v####v#<###v#v#########  
   ######.####v######<##   
   ####v######.####>###.   
    <#################v    
     .#####<##########     
      ############>#>      
        ########<##        
          <#<###.          
                           
--- Đang render: 27 (25x25) ---
✅ Đã lưu hình ảnh vào: level_set/level_set_3/3_render/27.png
args: Args(level_set_path=PosixPath('level_set/level_set_3'), start_length=20, length_step=5, min_length=5, size=(25, 25), turn_probability=0.5, straight_weight=0.75, left_weight=0.25, right_weight=0.5, max_turns=6, generate_mode='basic', csv_path=PosixPath('level_set/level_set_3/[Data] levels - test dataframe.csv'), csv=    level_name  ... style
0           21  ...   NaN
1           22  ...    AZ
2           23  ...   NaN
3           24  ...   NaN
4           25  ...   NaN
5           26  ...    AZ
6           27  ...    AZ
7           28  ...   NaN
8           29  ...    AZ
9           30  ...   NaN
10          31  ...   NaN
11          32  ...    AZ
12          33  ...   NaN
13          34  ...   NaN
14          35  ...   NaN
15          36  ...    AZ
16          37  ...    AZ
17          38  ...   NaN
18          39  ...    AZ
19          40  ...   NaN
20          41  ...   NaN
21          42  ...    AZ
22          43  ...   NaN
23          44  ...   NaN
24          45  ...   NaN
25          46  ...    AZ
26          47  ...    AZ
27          48  ...   NaN
28          49  ...    AZ
29          50  ...   NaN
30          51  ...   NaN
31          52  ...    AZ
32          53  ...   NaN
33          54  ...   NaN
34          55  ...   NaN
35          56  ...    AZ
36          57  ...    AZ
37          58  ...   NaN
38          59  ...    AZ
39          60  ...   NaN

[40 rows x 10 columns], item_path='level_set/level_set_3/1_0_original_icons/hexagon.png', item_name='hexagon.png', alter_item_name='28')
Đang xử lý: 'level_set/level_set_3/1_0_original_icons/hexagon.png' (Kích thước gốc: (250, 250))
==> Đã lưu vào: 'level_set/level_set_3/1_1_icons/hexagon.png' (Kích thước mới: (25, 25))
Đã tải ảnh 'level_set/level_set_3/1_1_icons/hexagon.png' (Kích thước: 25x25)
Sử dụng ngưỡng Alpha: 128
Hoàn thành! Đã lưu board vào 'level_set/level_set_3/1_board_test/28'.
--- Đang tải board từ: level_set/level_set_3/1_board_test/28 ---
Đã tải thành công 397 ô 'editable'.
Tổng số ô có thể vẽ: 397

========================================
--- BẮT ĐẦU VÒNG LẶP (Length = 20) ---
Ô đã chiếm: 0 / Ô còn trống: 397
Đề xuất tạo 20 mũi tên cho vòng lặp này...
Generating level in painted area... (This will be slow)
Trying to generate arrow 1/20...
Trying to generate arrow 2/20...
Trying to generate arrow 3/20...
Trying to generate arrow 4/20...
Trying to generate arrow 5/20...
Trying to generate arrow 6/20...
Trying to generate arrow 7/20...
Trying to generate arrow 8/20...
Trying to generate arrow 9/20...
Trying to generate arrow 10/20...
Trying to generate arrow 11/20...
Trying to generate arrow 12/20...
Trying to generate arrow 13/20...
Trying to generate arrow 14/20...
Trying to generate arrow 15/20...
Trying to generate arrow 16/20...
Trying to generate arrow 17/20...
Trying to generate arrow 18/20...
Trying to generate arrow 19/20...
Trying to generate arrow 20/20...
Successfully generated 20 arrows!
Kết quả vòng lặp: Successfully generated 20 arrows!
Giảm độ dài từ 20...
Độ dài vòng tiếp theo: 15

========================================
--- BẮT ĐẦU VÒNG LẶP (Length = 15) ---
Ô đã chiếm: 300 / Ô còn trống: 97
Đề xuất tạo 6 mũi tên cho vòng lặp này...
Generating level in painted area... (This will be slow)
Trying to generate arrow 1/6...
Trying to generate arrow 2/6...
Trying to generate arrow 3/6...
Trying to generate arrow 4/6...
Trying to generate arrow 5/6...
Could not find valid arrow 5. Stopping.
Successfully generated 4 arrows!
Kết quả vòng lặp: Successfully generated 4 arrows!
Giảm độ dài từ 15...
Độ dài vòng tiếp theo: 10

========================================
--- BẮT ĐẦU VÒNG LẶP (Length = 10) ---
Ô đã chiếm: 329 / Ô còn trống: 68
Đề xuất tạo 7 mũi tên cho vòng lặp này...
Generating level in painted area... (This will be slow)
Trying to generate arrow 1/7...
Trying to generate arrow 2/7...
Trying to generate arrow 3/7...
Could not find valid arrow 3. Stopping.
Successfully generated 2 arrows!
Kết quả vòng lặp: Successfully generated 2 arrows!
Giảm độ dài từ 10...
Độ dài vòng tiếp theo: 5

========================================
--- BẮT ĐẦU VÒNG LẶP (Length = 5) ---
Ô đã chiếm: 339 / Ô còn trống: 58
Đề xuất tạo 12 mũi tên cho vòng lặp này...
Generating level in painted area... (This will be slow)
Trying to generate arrow 1/12...
Trying to generate arrow 2/12...
Trying to generate arrow 3/12...
Trying to generate arrow 4/12...
Trying to generate arrow 5/12...
Trying to generate arrow 6/12...
Trying to generate arrow 7/12...
Trying to generate arrow 8/12...
Trying to generate arrow 9/12...
Trying to generate arrow 10/12...
Trying to generate arrow 11/12...
Trying to generate arrow 12/12...
Successfully generated 12 arrows!
Kết quả vòng lặp: Successfully generated 12 arrows!
Tiếp tục lặp lại ở độ dài tối thiểu (5)...

========================================
--- BẮT ĐẦU VÒNG LẶP (Length = 5) ---
Ô đã chiếm: 368 / Ô còn trống: 29
Đề xuất tạo 6 mũi tên cho vòng lặp này...
Generating level in painted area... (This will be slow)
Trying to generate arrow 1/6...
Trying to generate arrow 2/6...
Trying to generate arrow 3/6...
Trying to generate arrow 4/6...
Trying to generate arrow 5/6...
Trying to generate arrow 6/6...
Successfully generated 6 arrows!
Kết quả vòng lặp: Successfully generated 6 arrows!
Tiếp tục lặp lại ở độ dài tối thiểu (5)...

========================================
--- BẮT ĐẦU VÒNG LẶP (Length = 5) ---
Ô đã chiếm: 381 / Ô còn trống: 16
Đề xuất tạo 3 mũi tên cho vòng lặp này...
Generating level in painted area... (This will be slow)
Trying to generate arrow 1/3...
Could not find valid arrow 1. Stopping.
Kết quả vòng lặp: Generation complete, but 0 valid arrows found. Try again.
Không thể tạo thêm mũi tên ở độ dài này.
Đã đạt độ dài tối thiểu và không thể tạo thêm. Dừng.

========================================
--- ĐÃ HOÀN TẤT TẤT CẢ CÁC VÒNG LẶP ---
Tổng cộng đã tạo: 44 mũi tên.
Đã lấp đầy 381 / 397 ô (96.0%)
--- Đang lưu kết quả ra: level_set/level_set_3/2_result_test/28.json ---
Đã lưu thành công level 24x21 với 44 mũi tên.
--- Bản đồ kết quả (ASCII) ---
                           
       .###.####.###       
      #>############^      
      ###############      
     <###^###########>     
    #################^.    
    ##<#####vv###.#####    
   #########>.v######>#.   
   ##.###.#############^   
  ^#########>##.#########  
  ##^#####v##############  
 .####>#>#######v#>######> 
  #########v##########.##  
  #####<########v^<######  
   ^.###############<###   
   #########v###########   
    ###.####<##########    
    v#########<#######v    
     v##.###<#<######>     
      ###v##<#<#####^      
      ###############      
       <##.v########       
                           
--- Đang render: 28 (24x21) ---
✅ Đã lưu hình ảnh vào: level_set/level_set_3/3_render/28.png
args: Args(level_set_path=PosixPath('level_set/level_set_3'), start_length=20, length_step=5, min_length=5, size=(20, 30), turn_probability=0.5, straight_weight=0.75, left_weight=0.25, right_weight=0.5, max_turns=6, generate_mode='advance', csv_path=PosixPath('level_set/level_set_3/[Data] levels - test dataframe.csv'), csv=    level_name  ... style
0           21  ...   NaN
1           22  ...    AZ
2           23  ...   NaN
3           24  ...   NaN
4           25  ...   NaN
5           26  ...    AZ
6           27  ...    AZ
7           28  ...   NaN
8           29  ...    AZ
9           30  ...   NaN
10          31  ...   NaN
11          32  ...    AZ
12          33  ...   NaN
13          34  ...   NaN
14          35  ...   NaN
15          36  ...    AZ
16          37  ...    AZ
17          38  ...   NaN
18          39  ...    AZ
19          40  ...   NaN
20          41  ...   NaN
21          42  ...    AZ
22          43  ...   NaN
23          44  ...   NaN
24          45  ...   NaN
25          46  ...    AZ
26          47  ...    AZ
27          48  ...   NaN
28          49  ...    AZ
29          50  ...   NaN
30          51  ...   NaN
31          52  ...    AZ
32          53  ...   NaN
33          54  ...   NaN
34          55  ...   NaN
35          56  ...    AZ
36          57  ...    AZ
37          58  ...   NaN
38          59  ...    AZ
39          60  ...   NaN

[40 rows x 10 columns], item_path='level_set/level_set_3/1_0_original_icons/square.png', item_name='square.png', alter_item_name='29')
Đang xử lý: 'level_set/level_set_3/1_0_original_icons/square.png' (Kích thước gốc: (250, 250))
==> Đã lưu vào: 'level_set/level_set_3/1_1_icons/square.png' (Kích thước mới: (20, 30))
Đã tải ảnh 'level_set/level_set_3/1_1_icons/square.png' (Kích thước: 20x30)
Sử dụng ngưỡng Alpha: 128
Hoàn thành! Đã lưu board vào 'level_set/level_set_3/1_board_test/29'.
--- Đang tải board từ: level_set/level_set_3/1_board_test/29 ---
Đã tải thành công 600 ô 'editable'.
Tổng số ô có thể vẽ: 600

========================================
--- BẮT ĐẦU VÒNG LẶP (Length = 20) ---
Ô đã chiếm: 0 / Ô còn trống: 600
Đề xuất tạo 30 mũi tên cho vòng lặp này...
Generating ADVANCED level in painted area... (This will be slow)
Trying to generate (adv) arrow 1/30...
Trying to generate (adv) arrow 2/30...
Trying to generate (adv) arrow 3/30...
Trying to generate (adv) arrow 4/30...
Trying to generate (adv) arrow 5/30...
Trying to generate (adv) arrow 6/30...
Trying to generate (adv) arrow 7/30...
Trying to generate (adv) arrow 8/30...
Trying to generate (adv) arrow 9/30...
Trying to generate (adv) arrow 10/30...
Trying to generate (adv) arrow 11/30...
Trying to generate (adv) arrow 12/30...
Trying to generate (adv) arrow 13/30...
Trying to generate (adv) arrow 14/30...
Trying to generate (adv) arrow 15/30...
Trying to generate (adv) arrow 16/30...
Trying to generate (adv) arrow 17/30...
Trying to generate (adv) arrow 18/30...
Trying to generate (adv) arrow 19/30...
Trying to generate (adv) arrow 20/30...
Trying to generate (adv) arrow 21/30...
Trying to generate (adv) arrow 22/30...
Trying to generate (adv) arrow 23/30...
Trying to generate (adv) arrow 24/30...
Trying to generate (adv) arrow 25/30...
Trying to generate (adv) arrow 26/30...
Trying to generate (adv) arrow 27/30...
Trying to generate (adv) arrow 28/30...
Trying to generate (adv) arrow 29/30...
Trying to generate (adv) arrow 30/30...
Successfully generated 30 arrows!
Kết quả vòng lặp: Successfully generated 30 arrows!
Giảm độ dài từ 20...
Độ dài vòng tiếp theo: 15

========================================
--- BẮT ĐẦU VÒNG LẶP (Length = 15) ---
Ô đã chiếm: 449 / Ô còn trống: 151
Đề xuất tạo 10 mũi tên cho vòng lặp này...
Generating ADVANCED level in painted area... (This will be slow)
Trying to generate (adv) arrow 1/10...
Trying to generate (adv) arrow 2/10...
Trying to generate (adv) arrow 3/10...
Trying to generate (adv) arrow 4/10...
Trying to generate (adv) arrow 5/10...
Trying to generate (adv) arrow 6/10...
Trying to generate (adv) arrow 7/10...
Trying to generate (adv) arrow 8/10...
Could not find valid arrow 8. Stopping.
Successfully generated 7 arrows!
Kết quả vòng lặp: Successfully generated 7 arrows!
Giảm độ dài từ 15...
Độ dài vòng tiếp theo: 10

========================================
--- BẮT ĐẦU VÒNG LẶP (Length = 10) ---
Ô đã chiếm: 514 / Ô còn trống: 86
Đề xuất tạo 9 mũi tên cho vòng lặp này...
Generating ADVANCED level in painted area... (This will be slow)
Trying to generate (adv) arrow 1/9...
Trying to generate (adv) arrow 2/9...
Trying to generate (adv) arrow 3/9...
Trying to generate (adv) arrow 4/9...
Trying to generate (adv) arrow 5/9...
Could not find valid arrow 5. Stopping.
Successfully generated 4 arrows!
Kết quả vòng lặp: Successfully generated 4 arrows!
Giảm độ dài từ 10...
Độ dài vòng tiếp theo: 5

========================================
--- BẮT ĐẦU VÒNG LẶP (Length = 5) ---
Ô đã chiếm: 536 / Ô còn trống: 64
Đề xuất tạo 13 mũi tên cho vòng lặp này...
Generating ADVANCED level in painted area... (This will be slow)
Trying to generate (adv) arrow 1/13...
Trying to generate (adv) arrow 2/13...
Trying to generate (adv) arrow 3/13...
Trying to generate (adv) arrow 4/13...
Trying to generate (adv) arrow 5/13...
Trying to generate (adv) arrow 6/13...
Trying to generate (adv) arrow 7/13...
Trying to generate (adv) arrow 8/13...
Trying to generate (adv) arrow 9/13...
Trying to generate (adv) arrow 10/13...
Trying to generate (adv) arrow 11/13...
Trying to generate (adv) arrow 12/13...
Trying to generate (adv) arrow 13/13...
Successfully generated 13 arrows!
Kết quả vòng lặp: Successfully generated 13 arrows!
Tiếp tục lặp lại ở độ dài tối thiểu (5)...

========================================
--- BẮT ĐẦU VÒNG LẶP (Length = 5) ---
Ô đã chiếm: 568 / Ô còn trống: 32
Đề xuất tạo 6 mũi tên cho vòng lặp này...
Generating ADVANCED level in painted area... (This will be slow)
Trying to generate (adv) arrow 1/6...
Trying to generate (adv) arrow 2/6...
Trying to generate (adv) arrow 3/6...
Trying to generate (adv) arrow 4/6...
Trying to generate (adv) arrow 5/6...
Trying to generate (adv) arrow 6/6...
Successfully generated 6 arrows!
Kết quả vòng lặp: Successfully generated 6 arrows!
Tiếp tục lặp lại ở độ dài tối thiểu (5)...

========================================
--- BẮT ĐẦU VÒNG LẶP (Length = 5) ---
Ô đã chiếm: 580 / Ô còn trống: 20
Đề xuất tạo 4 mũi tên cho vòng lặp này...
Generating ADVANCED level in painted area... (This will be slow)
Trying to generate (adv) arrow 1/4...
Could not find valid arrow 1. Stopping.
Kết quả vòng lặp: Generation complete, but 0 valid arrows found. Try again.
Không thể tạo thêm mũi tên ở độ dài này.
Đã đạt độ dài tối thiểu và không thể tạo thêm. Dừng.

========================================
--- ĐÃ HOÀN TẤT TẤT CẢ CÁC VÒNG LẶP ---
Tổng cộng đã tạo: 60 mũi tên.
Đã lấp đầy 580 / 600 ô (96.7%)
--- Đang lưu kết quả ra: level_set/level_set_3/2_result_test/29.json ---
Đã lưu thành công level 20x30 với 60 mũi tên.
--- Bản đồ kết quả (ASCII) ---
                      
 ################^### 
 #^################## 
 #########v######^### 
 #>#####.############ 
 <####.#.<###<####### 
 .####.#.<#########<# 
 .#>##.############## 
 <####<#<########>.## 
 <#^^#######>#.#^^^#^ 
 ########v##^######## 
 ######.#.########### 
 #################### 
 ###^###<##v###.<#### 
 ####v##<#<########## 
 ^################### 
 #################### 
 #######.####<######> 
 ########>#####v####> 
 ##################<# 
 ##>################# 
 ################.v## 
 ########vv########v# 
 ##################.# 
 ##v##v.#v########### 
 ##.v####.######v###> 
 #########>#v#######> 
 #########>########## 
 ###v#############v#v 
 #########>########## 
 ########>.v######### 
                      
--- Đang render: 29 (20x30) ---
✅ Đã lưu hình ảnh vào: level_set/level_set_3/3_render/29.png
args: Args(level_set_path=PosixPath('level_set/level_set_3'), start_length=20, length_step=5, min_length=5, size=(25, 25), turn_probability=0.5, straight_weight=0.75, left_weight=0.25, right_weight=0.5, max_turns=6, generate_mode='basic', csv_path=PosixPath('level_set/level_set_3/[Data] levels - test dataframe.csv'), csv=    level_name  ... style
0           21  ...   NaN
1           22  ...    AZ
2           23  ...   NaN
3           24  ...   NaN
4           25  ...   NaN
5           26  ...    AZ
6           27  ...    AZ
7           28  ...   NaN
8           29  ...    AZ
9           30  ...   NaN
10          31  ...   NaN
11          32  ...    AZ
12          33  ...   NaN
13          34  ...   NaN
14          35  ...   NaN
15          36  ...    AZ
16          37  ...    AZ
17          38  ...   NaN
18          39  ...    AZ
19          40  ...   NaN
20          41  ...   NaN
21          42  ...    AZ
22          43  ...   NaN
23          44  ...   NaN
24          45  ...   NaN
25          46  ...    AZ
26          47  ...    AZ
27          48  ...   NaN
28          49  ...    AZ
29          50  ...   NaN
30          51  ...   NaN
31          52  ...    AZ
32          53  ...   NaN
33          54  ...   NaN
34          55  ...   NaN
35          56  ...    AZ
36          57  ...    AZ
37          58  ...   NaN
38          59  ...    AZ
39          60  ...   NaN

[40 rows x 10 columns], item_path='level_set/level_set_3/1_0_original_icons/BODY.png', item_name='BODY.png', alter_item_name='30')
Đang xử lý: 'level_set/level_set_3/1_0_original_icons/BODY.png' (Kích thước gốc: (117, 222))
==> Đã lưu vào: 'level_set/level_set_3/1_1_icons/BODY.png' (Kích thước mới: (25, 25))
Đã tải ảnh 'level_set/level_set_3/1_1_icons/BODY.png' (Kích thước: 25x25)
Sử dụng ngưỡng Alpha: 128
Hoàn thành! Đã lưu board vào 'level_set/level_set_3/1_board_test/30'.
--- Đang tải board từ: level_set/level_set_3/1_board_test/30 ---
Đã tải thành công 240 ô 'editable'.
Tổng số ô có thể vẽ: 240

========================================
--- BẮT ĐẦU VÒNG LẶP (Length = 20) ---
Ô đã chiếm: 0 / Ô còn trống: 240
Đề xuất tạo 12 mũi tên cho vòng lặp này...
Generating level in painted area... (This will be slow)
Trying to generate arrow 1/12...
Trying to generate arrow 2/12...
Trying to generate arrow 3/12...
Trying to generate arrow 4/12...
Trying to generate arrow 5/12...
Trying to generate arrow 6/12...
Trying to generate arrow 7/12...
Trying to generate arrow 8/12...
Trying to generate arrow 9/12...
Trying to generate arrow 10/12...
Trying to generate arrow 11/12...
Trying to generate arrow 12/12...
Successfully generated 12 arrows!
Kết quả vòng lặp: Successfully generated 12 arrows!
Giảm độ dài từ 20...
Độ dài vòng tiếp theo: 15

========================================
--- BẮT ĐẦU VÒNG LẶP (Length = 15) ---
Ô đã chiếm: 183 / Ô còn trống: 57
Đề xuất tạo 4 mũi tên cho vòng lặp này...
Generating level in painted area... (This will be slow)
Trying to generate arrow 1/4...
Trying to generate arrow 2/4...
Trying to generate arrow 3/4...
Trying to generate arrow 4/4...
Successfully generated 4 arrows!
Kết quả vòng lặp: Successfully generated 4 arrows!
Giảm độ dài từ 15...
Độ dài vòng tiếp theo: 10

========================================
--- BẮT ĐẦU VÒNG LẶP (Length = 10) ---
Ô đã chiếm: 213 / Ô còn trống: 27
Đề xuất tạo 3 mũi tên cho vòng lặp này...
Generating level in painted area... (This will be slow)
Trying to generate arrow 1/3...
Could not find valid arrow 1. Stopping.
Kết quả vòng lặp: Generation complete, but 0 valid arrows found. Try again.
Không thể tạo thêm mũi tên ở độ dài này.
Giảm độ dài từ 10...
Độ dài vòng tiếp theo: 5

========================================
--- BẮT ĐẦU VÒNG LẶP (Length = 5) ---
Ô đã chiếm: 213 / Ô còn trống: 27
Đề xuất tạo 5 mũi tên cho vòng lặp này...
Generating level in painted area... (This will be slow)
Trying to generate arrow 1/5...
Trying to generate arrow 2/5...
Trying to generate arrow 3/5...
Trying to generate arrow 4/5...
Trying to generate arrow 5/5...
Successfully generated 5 arrows!
Kết quả vòng lặp: Successfully generated 5 arrows!
Tiếp tục lặp lại ở độ dài tối thiểu (5)...

========================================
--- BẮT ĐẦU VÒNG LẶP (Length = 5) ---
Ô đã chiếm: 226 / Ô còn trống: 14
Đề xuất tạo 3 mũi tên cho vòng lặp này...
Generating level in painted area... (This will be slow)
Trying to generate arrow 1/3...
Trying to generate arrow 2/3...
Trying to generate arrow 3/3...
Could not find valid arrow 3. Stopping.
Successfully generated 2 arrows!
Kết quả vòng lặp: Successfully generated 2 arrows!
Tiếp tục lặp lại ở độ dài tối thiểu (5)...

========================================
--- BẮT ĐẦU VÒNG LẶP (Length = 5) ---
Ô đã chiếm: 230 / Ô còn trống: 10
Đề xuất tạo 2 mũi tên cho vòng lặp này...
Generating level in painted area... (This will be slow)
Trying to generate arrow 1/2...
Could not find valid arrow 1. Stopping.
Kết quả vòng lặp: Generation complete, but 0 valid arrows found. Try again.
Không thể tạo thêm mũi tên ở độ dài này.
Đã đạt độ dài tối thiểu và không thể tạo thêm. Dừng.

========================================
--- ĐÃ HOÀN TẤT TẤT CẢ CÁC VÒNG LẶP ---
Tổng cộng đã tạo: 23 mũi tên.
Đã lấp đầy 230 / 240 ô (95.8%)
--- Đang lưu kết quả ra: level_set/level_set_3/2_result_test/30.json ---
Đã lưu thành công level 23x23 với 23 mũi tên.
--- Bản đồ kết quả (ASCII) ---
                         
         ######>         
        <########        
         ##.##<#         
                         
                         
       <######.<##       
      ##############     
     .#^###.^#######     
    .#########<#####.    
   ##v######.<###v####   
  ##v<################.  
  ###  #########.#  <### 
 ###v  #^<########  #### 
       ########^#>       
       #^##   ####       
       ##.#   ####       
       ####   ####       
       ####   ####       
       #>##   ####       
       ####   ####       
       ####   #>##       
       ####   ####       
       ####   v###       
                         
--- Đang render: 30 (23x23) ---
✅ Đã lưu hình ảnh vào: level_set/level_set_3/3_render/30.png
args: Args(level_set_path=PosixPath('level_set/level_set_3'), start_length=25, length_step=5, min_length=5, size=(25, 25), turn_probability=0.5, straight_weight=0.75, left_weight=0.25, right_weight=0.5, max_turns=6, generate_mode='basic', csv_path=PosixPath('level_set/level_set_3/[Data] levels - test dataframe.csv'), csv=    level_name  ... style
0           21  ...   NaN
1           22  ...    AZ
2           23  ...   NaN
3           24  ...   NaN
4           25  ...   NaN
5           26  ...    AZ
6           27  ...    AZ
7           28  ...   NaN
8           29  ...    AZ
9           30  ...   NaN
10          31  ...   NaN
11          32  ...    AZ
12          33  ...   NaN
13          34  ...   NaN
14          35  ...   NaN
15          36  ...    AZ
16          37  ...    AZ
17          38  ...   NaN
18          39  ...    AZ
19          40  ...   NaN
20          41  ...   NaN
21          42  ...    AZ
22          43  ...   NaN
23          44  ...   NaN
24          45  ...   NaN
25          46  ...    AZ
26          47  ...    AZ
27          48  ...   NaN
28          49  ...    AZ
29          50  ...   NaN
30          51  ...   NaN
31          52  ...    AZ
32          53  ...   NaN
33          54  ...   NaN
34          55  ...   NaN
35          56  ...    AZ
36          57  ...    AZ
37          58  ...   NaN
38          59  ...    AZ
39          60  ...   NaN

[40 rows x 10 columns], item_path='level_set/level_set_3/1_0_original_icons/circle.png', item_name='circle.png', alter_item_name='31')
Đang xử lý: 'level_set/level_set_3/1_0_original_icons/circle.png' (Kích thước gốc: (250, 250))
==> Đã lưu vào: 'level_set/level_set_3/1_1_icons/circle.png' (Kích thước mới: (25, 25))
Đã tải ảnh 'level_set/level_set_3/1_1_icons/circle.png' (Kích thước: 25x25)
Sử dụng ngưỡng Alpha: 128
Hoàn thành! Đã lưu board vào 'level_set/level_set_3/1_board_test/31'.
--- Đang tải board từ: level_set/level_set_3/1_board_test/31 ---
Đã tải thành công 489 ô 'editable'.
Tổng số ô có thể vẽ: 489

========================================
--- BẮT ĐẦU VÒNG LẶP (Length = 25) ---
Ô đã chiếm: 0 / Ô còn trống: 489
Đề xuất tạo 20 mũi tên cho vòng lặp này...
Generating level in painted area... (This will be slow)
Trying to generate arrow 1/20...
Trying to generate arrow 2/20...
Trying to generate arrow 3/20...
Trying to generate arrow 4/20...
Trying to generate arrow 5/20...
Trying to generate arrow 6/20...
Trying to generate arrow 7/20...
Trying to generate arrow 8/20...
Trying to generate arrow 9/20...
Trying to generate arrow 10/20...
Trying to generate arrow 11/20...
Trying to generate arrow 12/20...
Trying to generate arrow 13/20...
Trying to generate arrow 14/20...
Trying to generate arrow 15/20...
Trying to generate arrow 16/20...
Trying to generate arrow 17/20...
Trying to generate arrow 18/20...
Trying to generate arrow 19/20...
Trying to generate arrow 20/20...
Successfully generated 20 arrows!
Kết quả vòng lặp: Successfully generated 20 arrows!
Giảm độ dài từ 25...
Độ dài vòng tiếp theo: 20

========================================
--- BẮT ĐẦU VÒNG LẶP (Length = 20) ---
Ô đã chiếm: 364 / Ô còn trống: 125
Đề xuất tạo 6 mũi tên cho vòng lặp này...
Generating level in painted area... (This will be slow)
Trying to generate arrow 1/6...
Trying to generate arrow 2/6...
Trying to generate arrow 3/6...
Trying to generate arrow 4/6...
Trying to generate arrow 5/6...
Could not find valid arrow 5. Stopping.
Successfully generated 4 arrows!
Kết quả vòng lặp: Successfully generated 4 arrows!
Giảm độ dài từ 20...
Độ dài vòng tiếp theo: 15

========================================
--- BẮT ĐẦU VÒNG LẶP (Length = 15) ---
Ô đã chiếm: 405 / Ô còn trống: 84
Đề xuất tạo 6 mũi tên cho vòng lặp này...
Generating level in painted area... (This will be slow)
Trying to generate arrow 1/6...
Trying to generate arrow 2/6...
Trying to generate arrow 3/6...
Trying to generate arrow 4/6...
Trying to generate arrow 5/6...
Could not find valid arrow 5. Stopping.
Successfully generated 4 arrows!
Kết quả vòng lặp: Successfully generated 4 arrows!
Giảm độ dài từ 15...
Độ dài vòng tiếp theo: 10

========================================
--- BẮT ĐẦU VÒNG LẶP (Length = 10) ---
Ô đã chiếm: 433 / Ô còn trống: 56
Đề xuất tạo 6 mũi tên cho vòng lặp này...
Generating level in painted area... (This will be slow)
Trying to generate arrow 1/6...
Trying to generate arrow 2/6...
Trying to generate arrow 3/6...
Trying to generate arrow 4/6...
Trying to generate arrow 5/6...
Could not find valid arrow 5. Stopping.
Successfully generated 4 arrows!
Kết quả vòng lặp: Successfully generated 4 arrows!
Giảm độ dài từ 10...
Độ dài vòng tiếp theo: 5

========================================
--- BẮT ĐẦU VÒNG LẶP (Length = 5) ---
Ô đã chiếm: 455 / Ô còn trống: 34
Đề xuất tạo 7 mũi tên cho vòng lặp này...
Generating level in painted area... (This will be slow)
Trying to generate arrow 1/7...
Trying to generate arrow 2/7...
Trying to generate arrow 3/7...
Trying to generate arrow 4/7...
Trying to generate arrow 5/7...
Trying to generate arrow 6/7...
Trying to generate arrow 7/7...
Successfully generated 7 arrows!
Kết quả vòng lặp: Successfully generated 7 arrows!
Tiếp tục lặp lại ở độ dài tối thiểu (5)...

========================================
--- BẮT ĐẦU VÒNG LẶP (Length = 5) ---
Ô đã chiếm: 470 / Ô còn trống: 19
Đề xuất tạo 4 mũi tên cho vòng lặp này...
Generating level in painted area... (This will be slow)
Trying to generate arrow 1/4...
Could not find valid arrow 1. Stopping.
Kết quả vòng lặp: Generation complete, but 0 valid arrows found. Try again.
Không thể tạo thêm mũi tên ở độ dài này.
Đã đạt độ dài tối thiểu và không thể tạo thêm. Dừng.

========================================
--- ĐÃ HOÀN TẤT TẤT CẢ CÁC VÒNG LẶP ---
Tổng cộng đã tạo: 39 mũi tên.
Đã lấp đầy 470 / 489 ô (96.1%)
--- Đang lưu kết quả ra: level_set/level_set_3/2_result_test/31.json ---
Đã lưu thành công level 25x25 với 39 mũi tên.
--- Bản đồ kết quả (ASCII) ---
                           
          #>##>#>          
        ###.#######        
      ###############      
     ##^#####<########     
    .######.#######^###    
   ####.##^^############   
   #####################   
  ^#######^########.#v###  
  ###################.###  
 .<##########>##.######### 
 ########.######>#^.###### 
 #######^################# 
 v##################.##### 
 <#########>#######>###### 
 #############.######v#### 
 ################>####>v#v 
  #^#####################  
  v######################  
   #######^##########>##   
   #################.##v   
    v####v^##>##>#>###.    
     ########.##<#####     
      ##>############      
        .#########.        
          ###v.#.          
                           
--- Đang render: 31 (25x25) ---
✅ Đã lưu hình ảnh vào: level_set/level_set_3/3_render/31.png
args: Args(level_set_path=PosixPath('level_set/level_set_3'), start_length=35, length_step=5, min_length=5, size=(25, 25), turn_probability=0.5, straight_weight=0.75, left_weight=0.25, right_weight=0.5, max_turns=6, generate_mode='advance', csv_path=PosixPath('level_set/level_set_3/[Data] levels - test dataframe.csv'), csv=    level_name  ... style
0           21  ...   NaN
1           22  ...    AZ
2           23  ...   NaN
3           24  ...   NaN
4           25  ...   NaN
5           26  ...    AZ
6           27  ...    AZ
7           28  ...   NaN
8           29  ...    AZ
9           30  ...   NaN
10          31  ...   NaN
11          32  ...    AZ
12          33  ...   NaN
13          34  ...   NaN
14          35  ...   NaN
15          36  ...    AZ
16          37  ...    AZ
17          38  ...   NaN
18          39  ...    AZ
19          40  ...   NaN
20          41  ...   NaN
21          42  ...    AZ
22          43  ...   NaN
23          44  ...   NaN
24          45  ...   NaN
25          46  ...    AZ
26          47  ...    AZ
27          48  ...   NaN
28          49  ...    AZ
29          50  ...   NaN
30          51  ...   NaN
31          52  ...    AZ
32          53  ...   NaN
33          54  ...   NaN
34          55  ...   NaN
35          56  ...    AZ
36          57  ...    AZ
37          58  ...   NaN
38          59  ...    AZ
39          60  ...   NaN

[40 rows x 10 columns], item_path='level_set/level_set_3/1_0_original_icons/pentagon.png', item_name='pentagon.png', alter_item_name='32')
Đang xử lý: 'level_set/level_set_3/1_0_original_icons/pentagon.png' (Kích thước gốc: (250, 250))
==> Đã lưu vào: 'level_set/level_set_3/1_1_icons/pentagon.png' (Kích thước mới: (25, 25))
Đã tải ảnh 'level_set/level_set_3/1_1_icons/pentagon.png' (Kích thước: 25x25)
Sử dụng ngưỡng Alpha: 128
Hoàn thành! Đã lưu board vào 'level_set/level_set_3/1_board_test/32'.
--- Đang tải board từ: level_set/level_set_3/1_board_test/32 ---
Đã tải thành công 412 ô 'editable'.
Tổng số ô có thể vẽ: 412

========================================
--- BẮT ĐẦU VÒNG LẶP (Length = 35) ---
Ô đã chiếm: 0 / Ô còn trống: 412
Đề xuất tạo 12 mũi tên cho vòng lặp này...
Generating ADVANCED level in painted area... (This will be slow)
Trying to generate (adv) arrow 1/12...
Trying to generate (adv) arrow 2/12...
Trying to generate (adv) arrow 3/12...
Trying to generate (adv) arrow 4/12...
Trying to generate (adv) arrow 5/12...
Trying to generate (adv) arrow 6/12...
Trying to generate (adv) arrow 7/12...
Trying to generate (adv) arrow 8/12...
Trying to generate (adv) arrow 9/12...
Trying to generate (adv) arrow 10/12...
Trying to generate (adv) arrow 11/12...
Trying to generate (adv) arrow 12/12...
Successfully generated 12 arrows!
Kết quả vòng lặp: Successfully generated 12 arrows!
Giảm độ dài từ 35...
Độ dài vòng tiếp theo: 30

========================================
--- BẮT ĐẦU VÒNG LẶP (Length = 30) ---
Ô đã chiếm: 248 / Ô còn trống: 164
Đề xuất tạo 5 mũi tên cho vòng lặp này...
Generating ADVANCED level in painted area... (This will be slow)
Trying to generate (adv) arrow 1/5...
Trying to generate (adv) arrow 2/5...
Trying to generate (adv) arrow 3/5...
Trying to generate (adv) arrow 4/5...
Trying to generate (adv) arrow 5/5...
Could not find valid arrow 5. Stopping.
Successfully generated 4 arrows!
Kết quả vòng lặp: Successfully generated 4 arrows!
Giảm độ dài từ 30...
Độ dài vòng tiếp theo: 25

========================================
--- BẮT ĐẦU VÒNG LẶP (Length = 25) ---
Ô đã chiếm: 317 / Ô còn trống: 95
Đề xuất tạo 4 mũi tên cho vòng lặp này...
Generating ADVANCED level in painted area... (This will be slow)
Trying to generate (adv) arrow 1/4...
Could not find valid arrow 1. Stopping.
Kết quả vòng lặp: Generation complete, but 0 valid arrows found. Try again.
Không thể tạo thêm mũi tên ở độ dài này.
Giảm độ dài từ 25...
Độ dài vòng tiếp theo: 20

========================================
--- BẮT ĐẦU VÒNG LẶP (Length = 20) ---
Ô đã chiếm: 317 / Ô còn trống: 95
Đề xuất tạo 5 mũi tên cho vòng lặp này...
Generating ADVANCED level in painted area... (This will be slow)
Trying to generate (adv) arrow 1/5...
Trying to generate (adv) arrow 2/5...
Could not find valid arrow 2. Stopping.
Successfully generated 1 arrows!
Kết quả vòng lặp: Successfully generated 1 arrows!
Giảm độ dài từ 20...
Độ dài vòng tiếp theo: 15

========================================
--- BẮT ĐẦU VÒNG LẶP (Length = 15) ---
Ô đã chiếm: 327 / Ô còn trống: 85
Đề xuất tạo 6 mũi tên cho vòng lặp này...
Generating ADVANCED level in painted area... (This will be slow)
Trying to generate (adv) arrow 1/6...
Trying to generate (adv) arrow 2/6...
Trying to generate (adv) arrow 3/6...
Trying to generate (adv) arrow 4/6...
Trying to generate (adv) arrow 5/6...
Trying to generate (adv) arrow 6/6...
Could not find valid arrow 6. Stopping.
Successfully generated 5 arrows!
Kết quả vòng lặp: Successfully generated 5 arrows!
Giảm độ dài từ 15...
Độ dài vòng tiếp theo: 10

========================================
--- BẮT ĐẦU VÒNG LẶP (Length = 10) ---
Ô đã chiếm: 366 / Ô còn trống: 46
Đề xuất tạo 5 mũi tên cho vòng lặp này...
Generating ADVANCED level in painted area... (This will be slow)
Trying to generate (adv) arrow 1/5...
Trying to generate (adv) arrow 2/5...
Could not find valid arrow 2. Stopping.
Successfully generated 1 arrows!
Kết quả vòng lặp: Successfully generated 1 arrows!
Giảm độ dài từ 10...
Độ dài vòng tiếp theo: 5

========================================
--- BẮT ĐẦU VÒNG LẶP (Length = 5) ---
Ô đã chiếm: 372 / Ô còn trống: 40
Đề xuất tạo 8 mũi tên cho vòng lặp này...
Generating ADVANCED level in painted area... (This will be slow)
Trying to generate (adv) arrow 1/8...
Trying to generate (adv) arrow 2/8...
Trying to generate (adv) arrow 3/8...
Trying to generate (adv) arrow 4/8...
Trying to generate (adv) arrow 5/8...
Trying to generate (adv) arrow 6/8...
Trying to generate (adv) arrow 7/8...
Trying to generate (adv) arrow 8/8...
Successfully generated 8 arrows!
Kết quả vòng lặp: Successfully generated 8 arrows!
Tiếp tục lặp lại ở độ dài tối thiểu (5)...

========================================
--- BẮT ĐẦU VÒNG LẶP (Length = 5) ---
Ô đã chiếm: 390 / Ô còn trống: 22
Đề xuất tạo 4 mũi tên cho vòng lặp này...
Generating ADVANCED level in painted area... (This will be slow)
Trying to generate (adv) arrow 1/4...
Trying to generate (adv) arrow 2/4...
Trying to generate (adv) arrow 3/4...
Trying to generate (adv) arrow 4/4...
Could not find valid arrow 4. Stopping.
Successfully generated 3 arrows!
Kết quả vòng lặp: Successfully generated 3 arrows!
Tiếp tục lặp lại ở độ dài tối thiểu (5)...

========================================
--- BẮT ĐẦU VÒNG LẶP (Length = 5) ---
Ô đã chiếm: 398 / Ô còn trống: 14
Đề xuất tạo 3 mũi tên cho vòng lặp này...
Generating ADVANCED level in painted area... (This will be slow)
Trying to generate (adv) arrow 1/3...
Could not find valid arrow 1. Stopping.
Kết quả vòng lặp: Generation complete, but 0 valid arrows found. Try again.
Không thể tạo thêm mũi tên ở độ dài này.
Đã đạt độ dài tối thiểu và không thể tạo thêm. Dừng.

========================================
--- ĐÃ HOÀN TẤT TẤT CẢ CÁC VÒNG LẶP ---
Tổng cộng đã tạo: 34 mũi tên.
Đã lấp đầy 398 / 412 ô (96.6%)
--- Đang lưu kết quả ra: level_set/level_set_3/2_result_test/32.json ---
Đã lưu thành công level 25x23 với 34 mũi tên.
--- Bản đồ kết quả (ASCII) ---
                           
             .             
            ###            
          ^.###<#          
         .###v####         
        .###>.##.##        
      #####^########.      
     ################.     
   ##############>#####>   
  .#<####################  
 #########>^#######>###### 
 #############>##########v 
  #######################  
  ##############>.#######  
  v######################  
   ####<####<########>#>   
   ######v#########<####   
   v#<#####<############   
    ###################    
    #################.#    
    v.<#######<########    
     ################^     
     #####.###########     
     #####^###^<######     
      .##v#####<####>      
                           
--- Đang render: 32 (25x23) ---
✅ Đã lưu hình ảnh vào: level_set/level_set_3/3_render/32.png
args: Args(level_set_path=PosixPath('level_set/level_set_3'), start_length=25, length_step=5, min_length=5, size=(20, 30), turn_probability=0.5, straight_weight=0.75, left_weight=0.25, right_weight=0.5, max_turns=6, generate_mode='basic', csv_path=PosixPath('level_set/level_set_3/[Data] levels - test dataframe.csv'), csv=    level_name  ... style
0           21  ...   NaN
1           22  ...    AZ
2           23  ...   NaN
3           24  ...   NaN
4           25  ...   NaN
5           26  ...    AZ
6           27  ...    AZ
7           28  ...   NaN
8           29  ...    AZ
9           30  ...   NaN
10          31  ...   NaN
11          32  ...    AZ
12          33  ...   NaN
13          34  ...   NaN
14          35  ...   NaN
15          36  ...    AZ
16          37  ...    AZ
17          38  ...   NaN
18          39  ...    AZ
19          40  ...   NaN
20          41  ...   NaN
21          42  ...    AZ
22          43  ...   NaN
23          44  ...   NaN
24          45  ...   NaN
25          46  ...    AZ
26          47  ...    AZ
27          48  ...   NaN
28          49  ...    AZ
29          50  ...   NaN
30          51  ...   NaN
31          52  ...    AZ
32          53  ...   NaN
33          54  ...   NaN
34          55  ...   NaN
35          56  ...    AZ
36          57  ...    AZ
37          58  ...   NaN
38          59  ...    AZ
39          60  ...   NaN

[40 rows x 10 columns], item_path='level_set/level_set_3/1_0_original_icons/square.png', item_name='square.png', alter_item_name='33')
Đang xử lý: 'level_set/level_set_3/1_0_original_icons/square.png' (Kích thước gốc: (250, 250))
==> Đã lưu vào: 'level_set/level_set_3/1_1_icons/square.png' (Kích thước mới: (20, 30))
Đã tải ảnh 'level_set/level_set_3/1_1_icons/square.png' (Kích thước: 20x30)
Sử dụng ngưỡng Alpha: 128
Hoàn thành! Đã lưu board vào 'level_set/level_set_3/1_board_test/33'.
--- Đang tải board từ: level_set/level_set_3/1_board_test/33 ---
Đã tải thành công 600 ô 'editable'.
Tổng số ô có thể vẽ: 600

========================================
--- BẮT ĐẦU VÒNG LẶP (Length = 25) ---
Ô đã chiếm: 0 / Ô còn trống: 600
Đề xuất tạo 24 mũi tên cho vòng lặp này...
Generating level in painted area... (This will be slow)
Trying to generate arrow 1/24...
Trying to generate arrow 2/24...
Trying to generate arrow 3/24...
Trying to generate arrow 4/24...
Trying to generate arrow 5/24...
Trying to generate arrow 6/24...
Trying to generate arrow 7/24...
Trying to generate arrow 8/24...
Trying to generate arrow 9/24...
Trying to generate arrow 10/24...
Trying to generate arrow 11/24...
Trying to generate arrow 12/24...
Trying to generate arrow 13/24...
Trying to generate arrow 14/24...
Trying to generate arrow 15/24...
Trying to generate arrow 16/24...
Trying to generate arrow 17/24...
Trying to generate arrow 18/24...
Trying to generate arrow 19/24...
Trying to generate arrow 20/24...
Trying to generate arrow 21/24...
Trying to generate arrow 22/24...
Trying to generate arrow 23/24...
Trying to generate arrow 24/24...
Successfully generated 24 arrows!
Kết quả vòng lặp: Successfully generated 24 arrows!
Giảm độ dài từ 25...
Độ dài vòng tiếp theo: 20

========================================
--- BẮT ĐẦU VÒNG LẶP (Length = 20) ---
Ô đã chiếm: 469 / Ô còn trống: 131
Đề xuất tạo 7 mũi tên cho vòng lặp này...
Generating level in painted area... (This will be slow)
Trying to generate arrow 1/7...
Trying to generate arrow 2/7...
Trying to generate arrow 3/7...
Trying to generate arrow 4/7...
Trying to generate arrow 5/7...
Trying to generate arrow 6/7...
Could not find valid arrow 6. Stopping.
Successfully generated 5 arrows!
Kết quả vòng lặp: Successfully generated 5 arrows!
Giảm độ dài từ 20...
Độ dài vòng tiếp theo: 15

========================================
--- BẮT ĐẦU VÒNG LẶP (Length = 15) ---
Ô đã chiếm: 521 / Ô còn trống: 79
Đề xuất tạo 5 mũi tên cho vòng lặp này...
Generating level in painted area... (This will be slow)
Trying to generate arrow 1/5...
Trying to generate arrow 2/5...
Could not find valid arrow 2. Stopping.
Successfully generated 1 arrows!
Kết quả vòng lặp: Successfully generated 1 arrows!
Giảm độ dài từ 15...
Độ dài vòng tiếp theo: 10

========================================
--- BẮT ĐẦU VÒNG LẶP (Length = 10) ---
Ô đã chiếm: 529 / Ô còn trống: 71
Đề xuất tạo 7 mũi tên cho vòng lặp này...
Generating level in painted area... (This will be slow)
Trying to generate arrow 1/7...
Trying to generate arrow 2/7...
Could not find valid arrow 2. Stopping.
Successfully generated 1 arrows!
Kết quả vòng lặp: Successfully generated 1 arrows!
Giảm độ dài từ 10...
Độ dài vòng tiếp theo: 5

========================================
--- BẮT ĐẦU VÒNG LẶP (Length = 5) ---
Ô đã chiếm: 534 / Ô còn trống: 66
Đề xuất tạo 13 mũi tên cho vòng lặp này...
Generating level in painted area... (This will be slow)
Trying to generate arrow 1/13...
Trying to generate arrow 2/13...
Trying to generate arrow 3/13...
Trying to generate arrow 4/13...
Trying to generate arrow 5/13...
Trying to generate arrow 6/13...
Trying to generate arrow 7/13...
Trying to generate arrow 8/13...
Trying to generate arrow 9/13...
Trying to generate arrow 10/13...
Trying to generate arrow 11/13...
Trying to generate arrow 12/13...
Trying to generate arrow 13/13...
Successfully generated 13 arrows!
Kết quả vòng lặp: Successfully generated 13 arrows!
Tiếp tục lặp lại ở độ dài tối thiểu (5)...

========================================
--- BẮT ĐẦU VÒNG LẶP (Length = 5) ---
Ô đã chiếm: 564 / Ô còn trống: 36
Đề xuất tạo 7 mũi tên cho vòng lặp này...
Generating level in painted area... (This will be slow)
Trying to generate arrow 1/7...
Trying to generate arrow 2/7...
Trying to generate arrow 3/7...
Trying to generate arrow 4/7...
Could not find valid arrow 4. Stopping.
Successfully generated 3 arrows!
Kết quả vòng lặp: Successfully generated 3 arrows!
Tiếp tục lặp lại ở độ dài tối thiểu (5)...

========================================
--- BẮT ĐẦU VÒNG LẶP (Length = 5) ---
Ô đã chiếm: 571 / Ô còn trống: 29
Đề xuất tạo 6 mũi tên cho vòng lặp này...
Generating level in painted area... (This will be slow)
Trying to generate arrow 1/6...
Could not find valid arrow 1. Stopping.
Kết quả vòng lặp: Generation complete, but 0 valid arrows found. Try again.
Không thể tạo thêm mũi tên ở độ dài này.
Đã đạt độ dài tối thiểu và không thể tạo thêm. Dừng.

========================================
--- ĐÃ HOÀN TẤT TẤT CẢ CÁC VÒNG LẶP ---
Tổng cộng đã tạo: 47 mũi tên.
Đã lấp đầy 571 / 600 ô (95.2%)
--- Đang lưu kết quả ra: level_set/level_set_3/2_result_test/33.json ---
Đã lưu thành công level 20x30 với 47 mũi tên.
--- Bản đồ kết quả (ASCII) ---
                      
 ^.#############^#### 
 ###<#######.######## 
 ^#<###.############# 
 ####.######>#######^ 
 ####<#^######<###### 
 ####.##.###########> 
 <################### 
 #####^########v###^# 
 #########<########## 
 .##.#########.##.### 
 <#^##############^## 
 .#########.#>.###### 
 ##########^######### 
 ######^##.####>##### 
 ##^################# 
 ########.#####v###.# 
 #<##.##########v#### 
 ####<########.##v##> 
 ###########.##<#.### 
 #############v###### 
 ###############.#### 
 #################<## 
 ######v###.########. 
 ##v.########^######^ 
 #####.############## 
 #################### 
 ####<############>## 
 ########.#######<### 
 v###############<### 
 .##v.<###<###>####>. 
                      
--- Đang render: 33 (20x30) ---
✅ Đã lưu hình ảnh vào: level_set/level_set_3/3_render/33.png
args: Args(level_set_path=PosixPath('level_set/level_set_3'), start_length=25, length_step=5, min_length=5, size=(30, 30), turn_probability=0.5, straight_weight=0.75, left_weight=0.25, right_weight=0.5, max_turns=6, generate_mode='basic', csv_path=PosixPath('level_set/level_set_3/[Data] levels - test dataframe.csv'), csv=    level_name  ... style
0           21  ...   NaN
1           22  ...    AZ
2           23  ...   NaN
3           24  ...   NaN
4           25  ...   NaN
5           26  ...    AZ
6           27  ...    AZ
7           28  ...   NaN
8           29  ...    AZ
9           30  ...   NaN
10          31  ...   NaN
11          32  ...    AZ
12          33  ...   NaN
13          34  ...   NaN
14          35  ...   NaN
15          36  ...    AZ
16          37  ...    AZ
17          38  ...   NaN
18          39  ...    AZ
19          40  ...   NaN
20          41  ...   NaN
21          42  ...    AZ
22          43  ...   NaN
23          44  ...   NaN
24          45  ...   NaN
25          46  ...    AZ
26          47  ...    AZ
27          48  ...   NaN
28          49  ...    AZ
29          50  ...   NaN
30          51  ...   NaN
31          52  ...    AZ
32          53  ...   NaN
33          54  ...   NaN
34          55  ...   NaN
35          56  ...    AZ
36          57  ...    AZ
37          58  ...   NaN
38          59  ...    AZ
39          60  ...   NaN

[40 rows x 10 columns], item_path='level_set/level_set_3/1_0_original_icons/star.png', item_name='star.png', alter_item_name='34')
Đang xử lý: 'level_set/level_set_3/1_0_original_icons/star.png' (Kích thước gốc: (250, 250))
==> Đã lưu vào: 'level_set/level_set_3/1_1_icons/star.png' (Kích thước mới: (30, 30))
Đã tải ảnh 'level_set/level_set_3/1_1_icons/star.png' (Kích thước: 30x30)
Sử dụng ngưỡng Alpha: 128
Hoàn thành! Đã lưu board vào 'level_set/level_set_3/1_board_test/34'.
--- Đang tải board từ: level_set/level_set_3/1_board_test/34 ---
Đã tải thành công 306 ô 'editable'.
Tổng số ô có thể vẽ: 306

========================================
--- BẮT ĐẦU VÒNG LẶP (Length = 25) ---
Ô đã chiếm: 0 / Ô còn trống: 306
Đề xuất tạo 12 mũi tên cho vòng lặp này...
Generating level in painted area... (This will be slow)
Trying to generate arrow 1/12...
Trying to generate arrow 2/12...
Trying to generate arrow 3/12...
Trying to generate arrow 4/12...
Trying to generate arrow 5/12...
Trying to generate arrow 6/12...
Trying to generate arrow 7/12...
Trying to generate arrow 8/12...
Trying to generate arrow 9/12...
Trying to generate arrow 10/12...
Trying to generate arrow 11/12...
Trying to generate arrow 12/12...
Successfully generated 12 arrows!
Kết quả vòng lặp: Successfully generated 12 arrows!
Giảm độ dài từ 25...
Độ dài vòng tiếp theo: 20

========================================
--- BẮT ĐẦU VÒNG LẶP (Length = 20) ---
Ô đã chiếm: 208 / Ô còn trống: 98
Đề xuất tạo 5 mũi tên cho vòng lặp này...
Generating level in painted area... (This will be slow)
Trying to generate arrow 1/5...
Trying to generate arrow 2/5...
Trying to generate arrow 3/5...
Trying to generate arrow 4/5...
Could not find valid arrow 4. Stopping.
Successfully generated 3 arrows!
Kết quả vòng lặp: Successfully generated 3 arrows!
Giảm độ dài từ 20...
Độ dài vòng tiếp theo: 15

========================================
--- BẮT ĐẦU VÒNG LẶP (Length = 15) ---
Ô đã chiếm: 243 / Ô còn trống: 63
Đề xuất tạo 4 mũi tên cho vòng lặp này...
Generating level in painted area... (This will be slow)
Trying to generate arrow 1/4...
Trying to generate arrow 2/4...
Could not find valid arrow 2. Stopping.
Successfully generated 1 arrows!
Kết quả vòng lặp: Successfully generated 1 arrows!
Giảm độ dài từ 15...
Độ dài vòng tiếp theo: 10

========================================
--- BẮT ĐẦU VÒNG LẶP (Length = 10) ---
Ô đã chiếm: 250 / Ô còn trống: 56
Đề xuất tạo 6 mũi tên cho vòng lặp này...
Generating level in painted area... (This will be slow)
Trying to generate arrow 1/6...
Trying to generate arrow 2/6...
Trying to generate arrow 3/6...
Trying to generate arrow 4/6...
Trying to generate arrow 5/6...
Could not find valid arrow 5. Stopping.
Successfully generated 4 arrows!
Kết quả vòng lặp: Successfully generated 4 arrows!
Giảm độ dài từ 10...
Độ dài vòng tiếp theo: 5

========================================
--- BẮT ĐẦU VÒNG LẶP (Length = 5) ---
Ô đã chiếm: 271 / Ô còn trống: 35
Đề xuất tạo 7 mũi tên cho vòng lặp này...
Generating level in painted area... (This will be slow)
Trying to generate arrow 1/7...
Trying to generate arrow 2/7...
Trying to generate arrow 3/7...
Trying to generate arrow 4/7...
Trying to generate arrow 5/7...
Trying to generate arrow 6/7...
Trying to generate arrow 7/7...
Successfully generated 7 arrows!
Kết quả vòng lặp: Successfully generated 7 arrows!
Tiếp tục lặp lại ở độ dài tối thiểu (5)...

========================================
--- BẮT ĐẦU VÒNG LẶP (Length = 5) ---
Ô đã chiếm: 286 / Ô còn trống: 20
Đề xuất tạo 4 mũi tên cho vòng lặp này...
Generating level in painted area... (This will be slow)
Trying to generate arrow 1/4...
Trying to generate arrow 2/4...
Trying to generate arrow 3/4...
Trying to generate arrow 4/4...
Could not find valid arrow 4. Stopping.
Successfully generated 3 arrows!
Kết quả vòng lặp: Successfully generated 3 arrows!
Tiếp tục lặp lại ở độ dài tối thiểu (5)...

========================================
--- BẮT ĐẦU VÒNG LẶP (Length = 5) ---
Ô đã chiếm: 292 / Ô còn trống: 14
Đề xuất tạo 3 mũi tên cho vòng lặp này...
Generating level in painted area... (This will be slow)
Trying to generate arrow 1/3...
Could not find valid arrow 1. Stopping.
Kết quả vòng lặp: Generation complete, but 0 valid arrows found. Try again.
Không thể tạo thêm mũi tên ở độ dài này.
Đã đạt độ dài tối thiểu và không thể tạo thêm. Dừng.

========================================
--- ĐÃ HOÀN TẤT TẤT CẢ CÁC VÒNG LẶP ---
Tổng cộng đã tạo: 30 mũi tên.
Đã lấp đầy 292 / 306 ô (95.4%)
--- Đang lưu kết quả ra: level_set/level_set_3/2_result_test/34.json ---
Đã lưu thành công level 26x24 với 30 mũi tên.
--- Bản đồ kết quả (ASCII) ---
                            
             ##             
             ##             
            ####            
            ####            
           #####>           
           v#.#>.           
          <#######          
        .#######.###        
 ^##########>############## 
 #v######################## 
  .###########v.###v#####v  
   ##############.#######   
    v######.###^########    
     ###v####<#####<##.     
      <########<###.^.      
       ###>####.#####       
       v###v#<#######       
       ######.###>###       
       ############<#       
      #v######v#######      
      #######  #######      
      <####.    <#####      
      ^##v        ####      
      ##            ##      
                            
--- Đang render: 34 (26x24) ---
✅ Đã lưu hình ảnh vào: level_set/level_set_3/3_render/34.png
args: Args(level_set_path=PosixPath('level_set/level_set_3'), start_length=25, length_step=5, min_length=5, size=(30, 30), turn_probability=0.5, straight_weight=0.75, left_weight=0.25, right_weight=0.5, max_turns=6, generate_mode='basic', csv_path=PosixPath('level_set/level_set_3/[Data] levels - test dataframe.csv'), csv=    level_name  ... style
0           21  ...   NaN
1           22  ...    AZ
2           23  ...   NaN
3           24  ...   NaN
4           25  ...   NaN
5           26  ...    AZ
6           27  ...    AZ
7           28  ...   NaN
8           29  ...    AZ
9           30  ...   NaN
10          31  ...   NaN
11          32  ...    AZ
12          33  ...   NaN
13          34  ...   NaN
14          35  ...   NaN
15          36  ...    AZ
16          37  ...    AZ
17          38  ...   NaN
18          39  ...    AZ
19          40  ...   NaN
20          41  ...   NaN
21          42  ...    AZ
22          43  ...   NaN
23          44  ...   NaN
24          45  ...   NaN
25          46  ...    AZ
26          47  ...    AZ
27          48  ...   NaN
28          49  ...    AZ
29          50  ...   NaN
30          51  ...   NaN
31          52  ...    AZ
32          53  ...   NaN
33          54  ...   NaN
34          55  ...   NaN
35          56  ...    AZ
36          57  ...    AZ
37          58  ...   NaN
38          59  ...    AZ
39          60  ...   NaN

[40 rows x 10 columns], item_path='level_set/level_set_3/1_0_original_icons/CHESS.png', item_name='CHESS.png', alter_item_name='35')
Đang xử lý: 'level_set/level_set_3/1_0_original_icons/CHESS.png' (Kích thước gốc: (165, 232))
==> Đã lưu vào: 'level_set/level_set_3/1_1_icons/CHESS.png' (Kích thước mới: (30, 30))
Đã tải ảnh 'level_set/level_set_3/1_1_icons/CHESS.png' (Kích thước: 30x30)
Sử dụng ngưỡng Alpha: 128
Hoàn thành! Đã lưu board vào 'level_set/level_set_3/1_board_test/35'.
--- Đang tải board từ: level_set/level_set_3/1_board_test/35 ---
Đã tải thành công 324 ô 'editable'.
Tổng số ô có thể vẽ: 324

========================================
--- BẮT ĐẦU VÒNG LẶP (Length = 25) ---
Ô đã chiếm: 0 / Ô còn trống: 324
Đề xuất tạo 13 mũi tên cho vòng lặp này...
Generating level in painted area... (This will be slow)
Trying to generate arrow 1/13...
Trying to generate arrow 2/13...
Trying to generate arrow 3/13...
Trying to generate arrow 4/13...
Trying to generate arrow 5/13...
Trying to generate arrow 6/13...
Trying to generate arrow 7/13...
Trying to generate arrow 8/13...
Trying to generate arrow 9/13...
Trying to generate arrow 10/13...
Trying to generate arrow 11/13...
Trying to generate arrow 12/13...
Trying to generate arrow 13/13...
Successfully generated 13 arrows!
Kết quả vòng lặp: Successfully generated 13 arrows!
Giảm độ dài từ 25...
Độ dài vòng tiếp theo: 20

========================================
--- BẮT ĐẦU VÒNG LẶP (Length = 20) ---
Ô đã chiếm: 240 / Ô còn trống: 84
Đề xuất tạo 4 mũi tên cho vòng lặp này...
Generating level in painted area... (This will be slow)
Trying to generate arrow 1/4...
Could not find valid arrow 1. Stopping.
Kết quả vòng lặp: Generation complete, but 0 valid arrows found. Try again.
Không thể tạo thêm mũi tên ở độ dài này.
Giảm độ dài từ 20...
Độ dài vòng tiếp theo: 15

========================================
--- BẮT ĐẦU VÒNG LẶP (Length = 15) ---
Ô đã chiếm: 240 / Ô còn trống: 84
Đề xuất tạo 6 mũi tên cho vòng lặp này...
Generating level in painted area... (This will be slow)
Trying to generate arrow 1/6...
Could not find valid arrow 1. Stopping.
Kết quả vòng lặp: Generation complete, but 0 valid arrows found. Try again.
Không thể tạo thêm mũi tên ở độ dài này.
Giảm độ dài từ 15...
Độ dài vòng tiếp theo: 10

========================================
--- BẮT ĐẦU VÒNG LẶP (Length = 10) ---
Ô đã chiếm: 240 / Ô còn trống: 84
Đề xuất tạo 8 mũi tên cho vòng lặp này...
Generating level in painted area... (This will be slow)
Trying to generate arrow 1/8...
Trying to generate arrow 2/8...
Trying to generate arrow 3/8...
Trying to generate arrow 4/8...
Trying to generate arrow 5/8...
Trying to generate arrow 6/8...
Could not find valid arrow 6. Stopping.
Successfully generated 5 arrows!
Kết quả vòng lặp: Successfully generated 5 arrows!
Giảm độ dài từ 10...
Độ dài vòng tiếp theo: 5

========================================
--- BẮT ĐẦU VÒNG LẶP (Length = 5) ---
Ô đã chiếm: 266 / Ô còn trống: 58
Đề xuất tạo 12 mũi tên cho vòng lặp này...
Generating level in painted area... (This will be slow)
Trying to generate arrow 1/12...
Trying to generate arrow 2/12...
Trying to generate arrow 3/12...
Trying to generate arrow 4/12...
Trying to generate arrow 5/12...
Trying to generate arrow 6/12...
Trying to generate arrow 7/12...
Trying to generate arrow 8/12...
Trying to generate arrow 9/12...
Trying to generate arrow 10/12...
Trying to generate arrow 11/12...
Trying to generate arrow 12/12...
Successfully generated 12 arrows!
Kết quả vòng lặp: Successfully generated 12 arrows!
Tiếp tục lặp lại ở độ dài tối thiểu (5)...

========================================
--- BẮT ĐẦU VÒNG LẶP (Length = 5) ---
Ô đã chiếm: 297 / Ô còn trống: 27
Đề xuất tạo 5 mũi tên cho vòng lặp này...
Generating level in painted area... (This will be slow)
Trying to generate arrow 1/5...
Trying to generate arrow 2/5...
Trying to generate arrow 3/5...
Trying to generate arrow 4/5...
Trying to generate arrow 5/5...
Successfully generated 5 arrows!
Kết quả vòng lặp: Successfully generated 5 arrows!
Tiếp tục lặp lại ở độ dài tối thiểu (5)...

========================================
--- BẮT ĐẦU VÒNG LẶP (Length = 5) ---
Ô đã chiếm: 307 / Ô còn trống: 17
Đề xuất tạo 3 mũi tên cho vòng lặp này...
Generating level in painted area... (This will be slow)
Trying to generate arrow 1/3...
Could not find valid arrow 1. Stopping.
Kết quả vòng lặp: Generation complete, but 0 valid arrows found. Try again.
Không thể tạo thêm mũi tên ở độ dài này.
Đã đạt độ dài tối thiểu và không thể tạo thêm. Dừng.

========================================
--- ĐÃ HOÀN TẤT TẤT CẢ CÁC VÒNG LẶP ---
Tổng cộng đã tạo: 35 mũi tên.
Đã lấp đầy 307 / 324 ô (94.8%)
--- Đang lưu kết quả ra: level_set/level_set_3/2_result_test/35.json ---
Đã lưu thành công level 28x28 với 35 mũi tên.
--- Bản đồ kết quả (ASCII) ---
                              
               .              
           #>#####>           
          ##<#####<#          
         ###########.         
         #.<#<######^         
         ############         
         .###########         
          <#v######.          
           ###### .           
                              
                              
        .<######<######       
        <####>.########       
                              
                              
           ########^          
          .#########          
          ##.<######          
         #v#<###<####         
         #.##########         
        ^#############        
       ##.#############       
      ##<####.#######>v.      
                              
                              
   #>###>#######.#####>##^##  
 #############>#>v########### 
 #############^##########.### 
 v##v###<###########.v<###### 
                              
--- Đang render: 35 (28x28) ---
✅ Đã lưu hình ảnh vào: level_set/level_set_3/3_render/35.png
args: Args(level_set_path=PosixPath('level_set/level_set_3'), start_length=20, length_step=5, min_length=5, size=(20, 20), turn_probability=0.5, straight_weight=0.75, left_weight=0.25, right_weight=0.5, max_turns=6, generate_mode='advance', csv_path=PosixPath('level_set/level_set_3/[Data] levels - test dataframe.csv'), csv=    level_name  ... style
0           21  ...   NaN
1           22  ...    AZ
2           23  ...   NaN
3           24  ...   NaN
4           25  ...   NaN
5           26  ...    AZ
6           27  ...    AZ
7           28  ...   NaN
8           29  ...    AZ
9           30  ...   NaN
10          31  ...   NaN
11          32  ...    AZ
12          33  ...   NaN
13          34  ...   NaN
14          35  ...   NaN
15          36  ...    AZ
16          37  ...    AZ
17          38  ...   NaN
18          39  ...    AZ
19          40  ...   NaN
20          41  ...   NaN
21          42  ...    AZ
22          43  ...   NaN
23          44  ...   NaN
24          45  ...   NaN
25          46  ...    AZ
26          47  ...    AZ
27          48  ...   NaN
28          49  ...    AZ
29          50  ...   NaN
30          51  ...   NaN
31          52  ...    AZ
32          53  ...   NaN
33          54  ...   NaN
34          55  ...   NaN
35          56  ...    AZ
36          57  ...    AZ
37          58  ...   NaN
38          59  ...    AZ
39          60  ...   NaN

[40 rows x 10 columns], item_path='level_set/level_set_3/1_0_original_icons/hexagon.png', item_name='hexagon.png', alter_item_name='36')
Đang xử lý: 'level_set/level_set_3/1_0_original_icons/hexagon.png' (Kích thước gốc: (250, 250))
==> Đã lưu vào: 'level_set/level_set_3/1_1_icons/hexagon.png' (Kích thước mới: (20, 20))
Đã tải ảnh 'level_set/level_set_3/1_1_icons/hexagon.png' (Kích thước: 20x20)
Sử dụng ngưỡng Alpha: 128
Hoàn thành! Đã lưu board vào 'level_set/level_set_3/1_board_test/36'.
--- Đang tải board từ: level_set/level_set_3/1_board_test/36 ---
Đã tải thành công 268 ô 'editable'.
Tổng số ô có thể vẽ: 268

========================================
--- BẮT ĐẦU VÒNG LẶP (Length = 20) ---
Ô đã chiếm: 0 / Ô còn trống: 268
Đề xuất tạo 13 mũi tên cho vòng lặp này...
Generating ADVANCED level in painted area... (This will be slow)
Trying to generate (adv) arrow 1/13...
Trying to generate (adv) arrow 2/13...
Trying to generate (adv) arrow 3/13...
Trying to generate (adv) arrow 4/13...
Trying to generate (adv) arrow 5/13...
Trying to generate (adv) arrow 6/13...
Trying to generate (adv) arrow 7/13...
Trying to generate (adv) arrow 8/13...
Trying to generate (adv) arrow 9/13...
Trying to generate (adv) arrow 10/13...
Trying to generate (adv) arrow 11/13...
Trying to generate (adv) arrow 12/13...
Trying to generate (adv) arrow 13/13...
Successfully generated 13 arrows!
Kết quả vòng lặp: Successfully generated 13 arrows!
Giảm độ dài từ 20...
Độ dài vòng tiếp theo: 15

========================================
--- BẮT ĐẦU VÒNG LẶP (Length = 15) ---
Ô đã chiếm: 177 / Ô còn trống: 91
Đề xuất tạo 6 mũi tên cho vòng lặp này...
Generating ADVANCED level in painted area... (This will be slow)
Trying to generate (adv) arrow 1/6...
Trying to generate (adv) arrow 2/6...
Trying to generate (adv) arrow 3/6...
Trying to generate (adv) arrow 4/6...
Trying to generate (adv) arrow 5/6...
Trying to generate (adv) arrow 6/6...
Successfully generated 6 arrows!
Kết quả vòng lặp: Successfully generated 6 arrows!
Giảm độ dài từ 15...
Độ dài vòng tiếp theo: 10

========================================
--- BẮT ĐẦU VÒNG LẶP (Length = 10) ---
Ô đã chiếm: 231 / Ô còn trống: 37
Đề xuất tạo 4 mũi tên cho vòng lặp này...
Generating ADVANCED level in painted area... (This will be slow)
Trying to generate (adv) arrow 1/4...
Trying to generate (adv) arrow 2/4...
Trying to generate (adv) arrow 3/4...
Could not find valid arrow 3. Stopping.
Successfully generated 2 arrows!
Kết quả vòng lặp: Successfully generated 2 arrows!
Giảm độ dài từ 10...
Độ dài vòng tiếp theo: 5

========================================
--- BẮT ĐẦU VÒNG LẶP (Length = 5) ---
Ô đã chiếm: 242 / Ô còn trống: 26
Đề xuất tạo 5 mũi tên cho vòng lặp này...
Generating ADVANCED level in painted area... (This will be slow)
Trying to generate (adv) arrow 1/5...
Trying to generate (adv) arrow 2/5...
Trying to generate (adv) arrow 3/5...
Trying to generate (adv) arrow 4/5...
Trying to generate (adv) arrow 5/5...
Successfully generated 5 arrows!
Kết quả vòng lặp: Successfully generated 5 arrows!
Tiếp tục lặp lại ở độ dài tối thiểu (5)...

========================================
--- BẮT ĐẦU VÒNG LẶP (Length = 5) ---
Ô đã chiếm: 252 / Ô còn trống: 16
Đề xuất tạo 3 mũi tên cho vòng lặp này...
Generating ADVANCED level in painted area... (This will be slow)
Trying to generate (adv) arrow 1/3...
Trying to generate (adv) arrow 2/3...
Trying to generate (adv) arrow 3/3...
Could not find valid arrow 3. Stopping.
Successfully generated 2 arrows!
Kết quả vòng lặp: Successfully generated 2 arrows!
Tiếp tục lặp lại ở độ dài tối thiểu (5)...

========================================
--- BẮT ĐẦU VÒNG LẶP (Length = 5) ---
Ô đã chiếm: 256 / Ô còn trống: 12
Đề xuất tạo 2 mũi tên cho vòng lặp này...
Generating ADVANCED level in painted area... (This will be slow)
Trying to generate (adv) arrow 1/2...
Could not find valid arrow 1. Stopping.
Kết quả vòng lặp: Generation complete, but 0 valid arrows found. Try again.
Không thể tạo thêm mũi tên ở độ dài này.
Đã đạt độ dài tối thiểu và không thể tạo thêm. Dừng.

========================================
--- ĐÃ HOÀN TẤT TẤT CẢ CÁC VÒNG LẶP ---
Tổng cộng đã tạo: 28 mũi tên.
Đã lấp đầy 256 / 268 ô (95.5%)
--- Đang lưu kết quả ra: level_set/level_set_3/2_result_test/36.json ---
Đã lưu thành công level 20x18 với 28 mũi tên.
--- Bản đồ kết quả (ASCII) ---
                      
      <#########      
     ########^###     
     ##<##<######     
    ######.#######    
    ####v#######.v    
   <###############   
  #################.  
  ##########v^#>.##^  
 ##^.#^#.#>v.######## 
 v################### 
  ##<######<#####v##  
  v#.############.##  
   ###########.####   
    #####.####<###    
    #########v<###    
     ######>####>     
     ####>####>##     
      .<########      
                      
--- Đang render: 36 (20x18) ---
✅ Đã lưu hình ảnh vào: level_set/level_set_3/3_render/36.png
args: Args(level_set_path=PosixPath('level_set/level_set_3'), start_length=35, length_step=5, min_length=5, size=(25, 25), turn_probability=0.5, straight_weight=0.75, left_weight=0.25, right_weight=0.5, max_turns=6, generate_mode='advance', csv_path=PosixPath('level_set/level_set_3/[Data] levels - test dataframe.csv'), csv=    level_name  ... style
0           21  ...   NaN
1           22  ...    AZ
2           23  ...   NaN
3           24  ...   NaN
4           25  ...   NaN
5           26  ...    AZ
6           27  ...    AZ
7           28  ...   NaN
8           29  ...    AZ
9           30  ...   NaN
10          31  ...   NaN
11          32  ...    AZ
12          33  ...   NaN
13          34  ...   NaN
14          35  ...   NaN
15          36  ...    AZ
16          37  ...    AZ
17          38  ...   NaN
18          39  ...    AZ
19          40  ...   NaN
20          41  ...   NaN
21          42  ...    AZ
22          43  ...   NaN
23          44  ...   NaN
24          45  ...   NaN
25          46  ...    AZ
26          47  ...    AZ
27          48  ...   NaN
28          49  ...    AZ
29          50  ...   NaN
30          51  ...   NaN
31          52  ...    AZ
32          53  ...   NaN
33          54  ...   NaN
34          55  ...   NaN
35          56  ...    AZ
36          57  ...    AZ
37          58  ...   NaN
38          59  ...    AZ
39          60  ...   NaN

[40 rows x 10 columns], item_path='level_set/level_set_3/1_0_original_icons/square.png', item_name='square.png', alter_item_name='37')
Đang xử lý: 'level_set/level_set_3/1_0_original_icons/square.png' (Kích thước gốc: (250, 250))
==> Đã lưu vào: 'level_set/level_set_3/1_1_icons/square.png' (Kích thước mới: (25, 25))
Đã tải ảnh 'level_set/level_set_3/1_1_icons/square.png' (Kích thước: 25x25)
Sử dụng ngưỡng Alpha: 128
Hoàn thành! Đã lưu board vào 'level_set/level_set_3/1_board_test/37'.
--- Đang tải board từ: level_set/level_set_3/1_board_test/37 ---
Đã tải thành công 625 ô 'editable'.
Tổng số ô có thể vẽ: 625

========================================
--- BẮT ĐẦU VÒNG LẶP (Length = 35) ---
Ô đã chiếm: 0 / Ô còn trống: 625
Đề xuất tạo 18 mũi tên cho vòng lặp này...
Generating ADVANCED level in painted area... (This will be slow)
Trying to generate (adv) arrow 1/18...
Trying to generate (adv) arrow 2/18...
Trying to generate (adv) arrow 3/18...
Trying to generate (adv) arrow 4/18...
Trying to generate (adv) arrow 5/18...
Trying to generate (adv) arrow 6/18...
Trying to generate (adv) arrow 7/18...
Trying to generate (adv) arrow 8/18...
Trying to generate (adv) arrow 9/18...
Trying to generate (adv) arrow 10/18...
Trying to generate (adv) arrow 11/18...
Trying to generate (adv) arrow 12/18...
Trying to generate (adv) arrow 13/18...
Trying to generate (adv) arrow 14/18...
Trying to generate (adv) arrow 15/18...
Trying to generate (adv) arrow 16/18...
Trying to generate (adv) arrow 17/18...
Trying to generate (adv) arrow 18/18...
Successfully generated 18 arrows!
Kết quả vòng lặp: Successfully generated 18 arrows!
Giảm độ dài từ 35...
Độ dài vòng tiếp theo: 30

========================================
--- BẮT ĐẦU VÒNG LẶP (Length = 30) ---
Ô đã chiếm: 392 / Ô còn trống: 233
Đề xuất tạo 8 mũi tên cho vòng lặp này...
Generating ADVANCED level in painted area... (This will be slow)
Trying to generate (adv) arrow 1/8...
Trying to generate (adv) arrow 2/8...
Trying to generate (adv) arrow 3/8...
Trying to generate (adv) arrow 4/8...
Trying to generate (adv) arrow 5/8...
Trying to generate (adv) arrow 6/8...
Trying to generate (adv) arrow 7/8...
Trying to generate (adv) arrow 8/8...
Successfully generated 8 arrows!
Kết quả vòng lặp: Successfully generated 8 arrows!
Giảm độ dài từ 30...
Độ dài vòng tiếp theo: 25

========================================
--- BẮT ĐẦU VÒNG LẶP (Length = 25) ---
Ô đã chiếm: 523 / Ô còn trống: 102
Đề xuất tạo 4 mũi tên cho vòng lặp này...
Generating ADVANCED level in painted area... (This will be slow)
Trying to generate (adv) arrow 1/4...
Could not find valid arrow 1. Stopping.
Kết quả vòng lặp: Generation complete, but 0 valid arrows found. Try again.
Không thể tạo thêm mũi tên ở độ dài này.
Giảm độ dài từ 25...
Độ dài vòng tiếp theo: 20

========================================
--- BẮT ĐẦU VÒNG LẶP (Length = 20) ---
Ô đã chiếm: 523 / Ô còn trống: 102
Đề xuất tạo 5 mũi tên cho vòng lặp này...
Generating ADVANCED level in painted area... (This will be slow)
Trying to generate (adv) arrow 1/5...
Trying to generate (adv) arrow 2/5...
Trying to generate (adv) arrow 3/5...
Could not find valid arrow 3. Stopping.
Successfully generated 2 arrows!
Kết quả vòng lặp: Successfully generated 2 arrows!
Giảm độ dài từ 20...
Độ dài vòng tiếp theo: 15

========================================
--- BẮT ĐẦU VÒNG LẶP (Length = 15) ---
Ô đã chiếm: 543 / Ô còn trống: 82
Đề xuất tạo 5 mũi tên cho vòng lặp này...
Generating ADVANCED level in painted area... (This will be slow)
Trying to generate (adv) arrow 1/5...
Trying to generate (adv) arrow 2/5...
Trying to generate (adv) arrow 3/5...
Trying to generate (adv) arrow 4/5...
Trying to generate (adv) arrow 5/5...
Could not find valid arrow 5. Stopping.
Successfully generated 4 arrows!
Kết quả vòng lặp: Successfully generated 4 arrows!
Giảm độ dài từ 15...
Độ dài vòng tiếp theo: 10

========================================
--- BẮT ĐẦU VÒNG LẶP (Length = 10) ---
Ô đã chiếm: 576 / Ô còn trống: 49
Đề xuất tạo 5 mũi tên cho vòng lặp này...
Generating ADVANCED level in painted area... (This will be slow)
Trying to generate (adv) arrow 1/5...
Trying to generate (adv) arrow 2/5...
Could not find valid arrow 2. Stopping.
Successfully generated 1 arrows!
Kết quả vòng lặp: Successfully generated 1 arrows!
Giảm độ dài từ 10...
Độ dài vòng tiếp theo: 5

========================================
--- BẮT ĐẦU VÒNG LẶP (Length = 5) ---
Ô đã chiếm: 581 / Ô còn trống: 44
Đề xuất tạo 9 mũi tên cho vòng lặp này...
Generating ADVANCED level in painted area... (This will be slow)
Trying to generate (adv) arrow 1/9...
Trying to generate (adv) arrow 2/9...
Trying to generate (adv) arrow 3/9...
Trying to generate (adv) arrow 4/9...
Trying to generate (adv) arrow 5/9...
Trying to generate (adv) arrow 6/9...
Trying to generate (adv) arrow 7/9...
Trying to generate (adv) arrow 8/9...
Trying to generate (adv) arrow 9/9...
Successfully generated 9 arrows!
Kết quả vòng lặp: Successfully generated 9 arrows!
Tiếp tục lặp lại ở độ dài tối thiểu (5)...

========================================
--- BẮT ĐẦU VÒNG LẶP (Length = 5) ---
Ô đã chiếm: 601 / Ô còn trống: 24
Đề xuất tạo 5 mũi tên cho vòng lặp này...
Generating ADVANCED level in painted area... (This will be slow)
Trying to generate (adv) arrow 1/5...
Trying to generate (adv) arrow 2/5...
Trying to generate (adv) arrow 3/5...
Trying to generate (adv) arrow 4/5...
Trying to generate (adv) arrow 5/5...
Successfully generated 5 arrows!
Kết quả vòng lặp: Successfully generated 5 arrows!
Tiếp tục lặp lại ở độ dài tối thiểu (5)...

========================================
--- BẮT ĐẦU VÒNG LẶP (Length = 5) ---
Ô đã chiếm: 611 / Ô còn trống: 14
Đề xuất tạo 3 mũi tên cho vòng lặp này...
Generating ADVANCED level in painted area... (This will be slow)
Trying to generate (adv) arrow 1/3...
Trying to generate (adv) arrow 2/3...
Could not find valid arrow 2. Stopping.
Successfully generated 1 arrows!
Kết quả vòng lặp: Successfully generated 1 arrows!
Tiếp tục lặp lại ở độ dài tối thiểu (5)...

========================================
--- BẮT ĐẦU VÒNG LẶP (Length = 5) ---
Ô đã chiếm: 613 / Ô còn trống: 12
Đề xuất tạo 2 mũi tên cho vòng lặp này...
Generating ADVANCED level in painted area... (This will be slow)
Trying to generate (adv) arrow 1/2...
Could not find valid arrow 1. Stopping.
Kết quả vòng lặp: Generation complete, but 0 valid arrows found. Try again.
Không thể tạo thêm mũi tên ở độ dài này.
Đã đạt độ dài tối thiểu và không thể tạo thêm. Dừng.

========================================
--- ĐÃ HOÀN TẤT TẤT CẢ CÁC VÒNG LẶP ---
Tổng cộng đã tạo: 48 mũi tên.
Đã lấp đầy 613 / 625 ô (98.1%)
--- Đang lưu kết quả ra: level_set/level_set_3/2_result_test/37.json ---
Đã lưu thành công level 25x25 với 48 mũi tên.
--- Bản đồ kết quả (ASCII) ---
                           
 .######################## 
 ^#.##########<###<####### 
 ######################### 
 ###.######^###########>^# 
 #v####################### 
 ######<#<################ 
 #########<###<#####<####> 
 #<###<###<###^#######>### 
 #.##########v######^#>#># 
 ##^##^##########.######## 
 #########v############### 
 ###############^######### 
 #########v############### 
 .######################## 
 ######################### 
 ######################### 
 ######<################## 
 v##########v##########>v# 
 .################^####### 
 <##########v############. 
 ######################>#> 
 ##########v<###v.###v#### 
 ##################v####.# 
 ##>##>.###v############## 
 <#####>v.################ 
                           
--- Đang render: 37 (25x25) ---
✅ Đã lưu hình ảnh vào: level_set/level_set_3/3_render/37.png
args: Args(level_set_path=PosixPath('level_set/level_set_3'), start_length=20, length_step=5, min_length=5, size=(25, 25), turn_probability=0.5, straight_weight=0.75, left_weight=0.25, right_weight=0.5, max_turns=6, generate_mode='basic', csv_path=PosixPath('level_set/level_set_3/[Data] levels - test dataframe.csv'), csv=    level_name  ... style
0           21  ...   NaN
1           22  ...    AZ
2           23  ...   NaN
3           24  ...   NaN
4           25  ...   NaN
5           26  ...    AZ
6           27  ...    AZ
7           28  ...   NaN
8           29  ...    AZ
9           30  ...   NaN
10          31  ...   NaN
11          32  ...    AZ
12          33  ...   NaN
13          34  ...   NaN
14          35  ...   NaN
15          36  ...    AZ
16          37  ...    AZ
17          38  ...   NaN
18          39  ...    AZ
19          40  ...   NaN
20          41  ...   NaN
21          42  ...    AZ
22          43  ...   NaN
23          44  ...   NaN
24          45  ...   NaN
25          46  ...    AZ
26          47  ...    AZ
27          48  ...   NaN
28          49  ...    AZ
29          50  ...   NaN
30          51  ...   NaN
31          52  ...    AZ
32          53  ...   NaN
33          54  ...   NaN
34          55  ...   NaN
35          56  ...    AZ
36          57  ...    AZ
37          58  ...   NaN
38          59  ...    AZ
39          60  ...   NaN

[40 rows x 10 columns], item_path='level_set/level_set_3/1_0_original_icons/circle.png', item_name='circle.png', alter_item_name='38')
Đang xử lý: 'level_set/level_set_3/1_0_original_icons/circle.png' (Kích thước gốc: (250, 250))
==> Đã lưu vào: 'level_set/level_set_3/1_1_icons/circle.png' (Kích thước mới: (25, 25))
Đã tải ảnh 'level_set/level_set_3/1_1_icons/circle.png' (Kích thước: 25x25)
Sử dụng ngưỡng Alpha: 128
Hoàn thành! Đã lưu board vào 'level_set/level_set_3/1_board_test/38'.
--- Đang tải board từ: level_set/level_set_3/1_board_test/38 ---
Đã tải thành công 489 ô 'editable'.
Tổng số ô có thể vẽ: 489

========================================
--- BẮT ĐẦU VÒNG LẶP (Length = 20) ---
Ô đã chiếm: 0 / Ô còn trống: 489
Đề xuất tạo 24 mũi tên cho vòng lặp này...
Generating level in painted area... (This will be slow)
Trying to generate arrow 1/24...
Trying to generate arrow 2/24...
Trying to generate arrow 3/24...
Trying to generate arrow 4/24...
Trying to generate arrow 5/24...
Trying to generate arrow 6/24...
Trying to generate arrow 7/24...
Trying to generate arrow 8/24...
Trying to generate arrow 9/24...
Trying to generate arrow 10/24...
Trying to generate arrow 11/24...
Trying to generate arrow 12/24...
Trying to generate arrow 13/24...
Trying to generate arrow 14/24...
Trying to generate arrow 15/24...
Trying to generate arrow 16/24...
Trying to generate arrow 17/24...
Trying to generate arrow 18/24...
Trying to generate arrow 19/24...
Trying to generate arrow 20/24...
Trying to generate arrow 21/24...
Trying to generate arrow 22/24...
Trying to generate arrow 23/24...
Trying to generate arrow 24/24...
Successfully generated 24 arrows!
Kết quả vòng lặp: Successfully generated 24 arrows!
Giảm độ dài từ 20...
Độ dài vòng tiếp theo: 15

========================================
--- BẮT ĐẦU VÒNG LẶP (Length = 15) ---
Ô đã chiếm: 388 / Ô còn trống: 101
Đề xuất tạo 7 mũi tên cho vòng lặp này...
Generating level in painted area... (This will be slow)
Trying to generate arrow 1/7...
Trying to generate arrow 2/7...
Trying to generate arrow 3/7...
Could not find valid arrow 3. Stopping.
Successfully generated 2 arrows!
Kết quả vòng lặp: Successfully generated 2 arrows!
Giảm độ dài từ 15...
Độ dài vòng tiếp theo: 10

========================================
--- BẮT ĐẦU VÒNG LẶP (Length = 10) ---
Ô đã chiếm: 402 / Ô còn trống: 87
Đề xuất tạo 9 mũi tên cho vòng lặp này...
Generating level in painted area... (This will be slow)
Trying to generate arrow 1/9...
Trying to generate arrow 2/9...
Trying to generate arrow 3/9...
Trying to generate arrow 4/9...
Trying to generate arrow 5/9...
Trying to generate arrow 6/9...
Trying to generate arrow 7/9...
Could not find valid arrow 7. Stopping.
Successfully generated 6 arrows!
Kết quả vòng lặp: Successfully generated 6 arrows!
Giảm độ dài từ 10...
Độ dài vòng tiếp theo: 5

========================================
--- BẮT ĐẦU VÒNG LẶP (Length = 5) ---
Ô đã chiếm: 433 / Ô còn trống: 56
Đề xuất tạo 11 mũi tên cho vòng lặp này...
Generating level in painted area... (This will be slow)
Trying to generate arrow 1/11...
Trying to generate arrow 2/11...
Trying to generate arrow 3/11...
Trying to generate arrow 4/11...
Trying to generate arrow 5/11...
Trying to generate arrow 6/11...
Trying to generate arrow 7/11...
Trying to generate arrow 8/11...
Trying to generate arrow 9/11...
Trying to generate arrow 10/11...
Trying to generate arrow 11/11...
Successfully generated 11 arrows!
Kết quả vòng lặp: Successfully generated 11 arrows!
Tiếp tục lặp lại ở độ dài tối thiểu (5)...

========================================
--- BẮT ĐẦU VÒNG LẶP (Length = 5) ---
Ô đã chiếm: 461 / Ô còn trống: 28
Đề xuất tạo 6 mũi tên cho vòng lặp này...
Generating level in painted area... (This will be slow)
Trying to generate arrow 1/6...
Trying to generate arrow 2/6...
Could not find valid arrow 2. Stopping.
Successfully generated 1 arrows!
Kết quả vòng lặp: Successfully generated 1 arrows!
Tiếp tục lặp lại ở độ dài tối thiểu (5)...

========================================
--- BẮT ĐẦU VÒNG LẶP (Length = 5) ---
Ô đã chiếm: 463 / Ô còn trống: 26
Đề xuất tạo 5 mũi tên cho vòng lặp này...
Generating level in painted area... (This will be slow)
Trying to generate arrow 1/5...
Could not find valid arrow 1. Stopping.
Kết quả vòng lặp: Generation complete, but 0 valid arrows found. Try again.
Không thể tạo thêm mũi tên ở độ dài này.
Đã đạt độ dài tối thiểu và không thể tạo thêm. Dừng.

========================================
--- ĐÃ HOÀN TẤT TẤT CẢ CÁC VÒNG LẶP ---
Tổng cộng đã tạo: 44 mũi tên.
Đã lấp đầy 463 / 489 ô (94.7%)
--- Đang lưu kết quả ra: level_set/level_set_3/2_result_test/38.json ---
Đã lưu thành công level 25x25 với 44 mũi tên.
--- Bản đồ kết quả (ASCII) ---
                           
          ^#####>          
        ########<#.        
      ###############      
     #########^.######     
    ######<####<#######    
   #v.v###^.###########.   
   v####.####<######v###   
  ######^######.######.##  
  ####################>.#  
 ####.#######^.##^##>###v^ 
 v<####################### 
 ####.<################### 
 ######.######<########### 
 ######################^## 
 ########v########>####### 
 .############^##.######## 
  ###.###v##############>  
  #############^####v###.  
   #####v###############   
   vv.#v.####v.^###.#.##   
    .######<###########    
     ###v##.#######<##     
      ###############      
        ##^######v.        
          ###>#>.          
                           
--- Đang render: 38 (25x25) ---
✅ Đã lưu hình ảnh vào: level_set/level_set_3/3_render/38.png
args: Args(level_set_path=PosixPath('level_set/level_set_3'), start_length=20, length_step=5, min_length=5, size=(20, 35), turn_probability=0.5, straight_weight=0.75, left_weight=0.25, right_weight=0.5, max_turns=6, generate_mode='advance', csv_path=PosixPath('level_set/level_set_3/[Data] levels - test dataframe.csv'), csv=    level_name  ... style
0           21  ...   NaN
1           22  ...    AZ
2           23  ...   NaN
3           24  ...   NaN
4           25  ...   NaN
5           26  ...    AZ
6           27  ...    AZ
7           28  ...   NaN
8           29  ...    AZ
9           30  ...   NaN
10          31  ...   NaN
11          32  ...    AZ
12          33  ...   NaN
13          34  ...   NaN
14          35  ...   NaN
15          36  ...    AZ
16          37  ...    AZ
17          38  ...   NaN
18          39  ...    AZ
19          40  ...   NaN
20          41  ...   NaN
21          42  ...    AZ
22          43  ...   NaN
23          44  ...   NaN
24          45  ...   NaN
25          46  ...    AZ
26          47  ...    AZ
27          48  ...   NaN
28          49  ...    AZ
29          50  ...   NaN
30          51  ...   NaN
31          52  ...    AZ
32          53  ...   NaN
33          54  ...   NaN
34          55  ...   NaN
35          56  ...    AZ
36          57  ...    AZ
37          58  ...   NaN
38          59  ...    AZ
39          60  ...   NaN

[40 rows x 10 columns], item_path='level_set/level_set_3/1_0_original_icons/square.png', item_name='square.png', alter_item_name='39')
Đang xử lý: 'level_set/level_set_3/1_0_original_icons/square.png' (Kích thước gốc: (250, 250))
==> Đã lưu vào: 'level_set/level_set_3/1_1_icons/square.png' (Kích thước mới: (20, 35))
Đã tải ảnh 'level_set/level_set_3/1_1_icons/square.png' (Kích thước: 20x35)
Sử dụng ngưỡng Alpha: 128
Hoàn thành! Đã lưu board vào 'level_set/level_set_3/1_board_test/39'.
--- Đang tải board từ: level_set/level_set_3/1_board_test/39 ---
Đã tải thành công 700 ô 'editable'.
Tổng số ô có thể vẽ: 700

========================================
--- BẮT ĐẦU VÒNG LẶP (Length = 20) ---
Ô đã chiếm: 0 / Ô còn trống: 700
Đề xuất tạo 35 mũi tên cho vòng lặp này...
Generating ADVANCED level in painted area... (This will be slow)
Trying to generate (adv) arrow 1/35...
Trying to generate (adv) arrow 2/35...
Trying to generate (adv) arrow 3/35...
Trying to generate (adv) arrow 4/35...
Trying to generate (adv) arrow 5/35...
Trying to generate (adv) arrow 6/35...
Trying to generate (adv) arrow 7/35...
Trying to generate (adv) arrow 8/35...
Trying to generate (adv) arrow 9/35...
Trying to generate (adv) arrow 10/35...
Trying to generate (adv) arrow 11/35...
Trying to generate (adv) arrow 12/35...
Trying to generate (adv) arrow 13/35...
Trying to generate (adv) arrow 14/35...
Trying to generate (adv) arrow 15/35...
Trying to generate (adv) arrow 16/35...
Trying to generate (adv) arrow 17/35...
Trying to generate (adv) arrow 18/35...
Trying to generate (adv) arrow 19/35...
Trying to generate (adv) arrow 20/35...
Trying to generate (adv) arrow 21/35...
Trying to generate (adv) arrow 22/35...
Trying to generate (adv) arrow 23/35...
Trying to generate (adv) arrow 24/35...
Trying to generate (adv) arrow 25/35...
Trying to generate (adv) arrow 26/35...
Trying to generate (adv) arrow 27/35...
Trying to generate (adv) arrow 28/35...
Trying to generate (adv) arrow 29/35...
Trying to generate (adv) arrow 30/35...
Trying to generate (adv) arrow 31/35...
Trying to generate (adv) arrow 32/35...
Trying to generate (adv) arrow 33/35...
Trying to generate (adv) arrow 34/35...
Trying to generate (adv) arrow 35/35...
Successfully generated 35 arrows!
Kết quả vòng lặp: Successfully generated 35 arrows!
Giảm độ dài từ 20...
Độ dài vòng tiếp theo: 15

========================================
--- BẮT ĐẦU VÒNG LẶP (Length = 15) ---
Ô đã chiếm: 520 / Ô còn trống: 180
Đề xuất tạo 12 mũi tên cho vòng lặp này...
Generating ADVANCED level in painted area... (This will be slow)
Trying to generate (adv) arrow 1/12...
Trying to generate (adv) arrow 2/12...
Trying to generate (adv) arrow 3/12...
Trying to generate (adv) arrow 4/12...
Trying to generate (adv) arrow 5/12...
Trying to generate (adv) arrow 6/12...
Trying to generate (adv) arrow 7/12...
Trying to generate (adv) arrow 8/12...
Trying to generate (adv) arrow 9/12...
Trying to generate (adv) arrow 10/12...
Trying to generate (adv) arrow 11/12...
Could not find valid arrow 11. Stopping.
Successfully generated 10 arrows!
Kết quả vòng lặp: Successfully generated 10 arrows!
Giảm độ dài từ 15...
Độ dài vòng tiếp theo: 10

========================================
--- BẮT ĐẦU VÒNG LẶP (Length = 10) ---
Ô đã chiếm: 617 / Ô còn trống: 83
Đề xuất tạo 8 mũi tên cho vòng lặp này...
Generating ADVANCED level in painted area... (This will be slow)
Trying to generate (adv) arrow 1/8...
Trying to generate (adv) arrow 2/8...
Trying to generate (adv) arrow 3/8...
Trying to generate (adv) arrow 4/8...
Trying to generate (adv) arrow 5/8...
Could not find valid arrow 5. Stopping.
Successfully generated 4 arrows!
Kết quả vòng lặp: Successfully generated 4 arrows!
Giảm độ dài từ 10...
Độ dài vòng tiếp theo: 5

========================================
--- BẮT ĐẦU VÒNG LẶP (Length = 5) ---
Ô đã chiếm: 638 / Ô còn trống: 62
Đề xuất tạo 12 mũi tên cho vòng lặp này...
Generating ADVANCED level in painted area... (This will be slow)
Trying to generate (adv) arrow 1/12...
Trying to generate (adv) arrow 2/12...
Trying to generate (adv) arrow 3/12...
Trying to generate (adv) arrow 4/12...
Trying to generate (adv) arrow 5/12...
Trying to generate (adv) arrow 6/12...
Trying to generate (adv) arrow 7/12...
Trying to generate (adv) arrow 8/12...
Trying to generate (adv) arrow 9/12...
Trying to generate (adv) arrow 10/12...
Trying to generate (adv) arrow 11/12...
Trying to generate (adv) arrow 12/12...
Successfully generated 12 arrows!
Kết quả vòng lặp: Successfully generated 12 arrows!
Tiếp tục lặp lại ở độ dài tối thiểu (5)...

========================================
--- BẮT ĐẦU VÒNG LẶP (Length = 5) ---
Ô đã chiếm: 665 / Ô còn trống: 35
Đề xuất tạo 7 mũi tên cho vòng lặp này...
Generating ADVANCED level in painted area... (This will be slow)
Trying to generate (adv) arrow 1/7...
Trying to generate (adv) arrow 2/7...
Trying to generate (adv) arrow 3/7...
Trying to generate (adv) arrow 4/7...
Trying to generate (adv) arrow 5/7...
Trying to generate (adv) arrow 6/7...
Trying to generate (adv) arrow 7/7...
Could not find valid arrow 7. Stopping.
Successfully generated 6 arrows!
Kết quả vòng lặp: Successfully generated 6 arrows!
Tiếp tục lặp lại ở độ dài tối thiểu (5)...

========================================
--- BẮT ĐẦU VÒNG LẶP (Length = 5) ---
Ô đã chiếm: 678 / Ô còn trống: 22
Đề xuất tạo 4 mũi tên cho vòng lặp này...
Generating ADVANCED level in painted area... (This will be slow)
Trying to generate (adv) arrow 1/4...
Could not find valid arrow 1. Stopping.
Kết quả vòng lặp: Generation complete, but 0 valid arrows found. Try again.
Không thể tạo thêm mũi tên ở độ dài này.
Đã đạt độ dài tối thiểu và không thể tạo thêm. Dừng.

========================================
--- ĐÃ HOÀN TẤT TẤT CẢ CÁC VÒNG LẶP ---
Tổng cộng đã tạo: 67 mũi tên.
Đã lấp đầy 678 / 700 ô (96.9%)
--- Đang lưu kết quả ra: level_set/level_set_3/2_result_test/39.json ---
Đã lưu thành công level 20x35 với 67 mũi tên.
--- Bản đồ kết quả (ASCII) ---
                      
 #######>##>####>#### 
 ##############>.##># 
 #########^#####<#### 
 ############>.###### 
 ######>############# 
 #################### 
 #<#############v#### 
 ########^######.#### 
 ######>############# 
 ###>####^####>###>## 
 #################### 
 ###v####^########### 
 ############>###v#v# 
 ############.v##.### 
 <########^###.#####. 
 #################.## 
 #<####>###########># 
 ######.############# 
 ##.#####v#######v### 
 #####<##.^####v##### 
 <###########v###v### 
 <######<#<######...# 
 ####>############### 
 #################### 
 ####vv#v###v####v### 
 ##>#..####v######### 
 ##########.vv#>##### 
 ##v<###########>###> 
 ###<########<######> 
 ######>############# 
 #####>.########>##.# 
 #################.## 
 ############>.#>#### 
 ##.############<#### 
 v#<#<########<###### 
                      
--- Đang render: 39 (20x35) ---
✅ Đã lưu hình ảnh vào: level_set/level_set_3/3_render/39.png
args: Args(level_set_path=PosixPath('level_set/level_set_3'), start_length=20, length_step=5, min_length=5, size=(30, 30), turn_probability=0.5, straight_weight=0.75, left_weight=0.25, right_weight=0.5, max_turns=6, generate_mode='basic', csv_path=PosixPath('level_set/level_set_3/[Data] levels - test dataframe.csv'), csv=    level_name  ... style
0           21  ...   NaN
1           22  ...    AZ
2           23  ...   NaN
3           24  ...   NaN
4           25  ...   NaN
5           26  ...    AZ
6           27  ...    AZ
7           28  ...   NaN
8           29  ...    AZ
9           30  ...   NaN
10          31  ...   NaN
11          32  ...    AZ
12          33  ...   NaN
13          34  ...   NaN
14          35  ...   NaN
15          36  ...    AZ
16          37  ...    AZ
17          38  ...   NaN
18          39  ...    AZ
19          40  ...   NaN
20          41  ...   NaN
21          42  ...    AZ
22          43  ...   NaN
23          44  ...   NaN
24          45  ...   NaN
25          46  ...    AZ
26          47  ...    AZ
27          48  ...   NaN
28          49  ...    AZ
29          50  ...   NaN
30          51  ...   NaN
31          52  ...    AZ
32          53  ...   NaN
33          54  ...   NaN
34          55  ...   NaN
35          56  ...    AZ
36          57  ...    AZ
37          58  ...   NaN
38          59  ...    AZ
39          60  ...   NaN

[40 rows x 10 columns], item_path='level_set/level_set_3/1_0_original_icons/CRUSTACEAN.png', item_name='CRUSTACEAN.png', alter_item_name='40')
Đang xử lý: 'level_set/level_set_3/1_0_original_icons/CRUSTACEAN.png' (Kích thước gốc: (246, 199))
==> Đã lưu vào: 'level_set/level_set_3/1_1_icons/CRUSTACEAN.png' (Kích thước mới: (30, 30))
Đã tải ảnh 'level_set/level_set_3/1_1_icons/CRUSTACEAN.png' (Kích thước: 30x30)
Sử dụng ngưỡng Alpha: 128
Hoàn thành! Đã lưu board vào 'level_set/level_set_3/1_board_test/40'.
--- Đang tải board từ: level_set/level_set_3/1_board_test/40 ---
Đã tải thành công 468 ô 'editable'.
Tổng số ô có thể vẽ: 468

========================================
--- BẮT ĐẦU VÒNG LẶP (Length = 20) ---
Ô đã chiếm: 0 / Ô còn trống: 468
Đề xuất tạo 23 mũi tên cho vòng lặp này...
Generating level in painted area... (This will be slow)
Trying to generate arrow 1/23...
Trying to generate arrow 2/23...
Trying to generate arrow 3/23...
Trying to generate arrow 4/23...
Trying to generate arrow 5/23...
Trying to generate arrow 6/23...
Trying to generate arrow 7/23...
Trying to generate arrow 8/23...
Trying to generate arrow 9/23...
Trying to generate arrow 10/23...
Trying to generate arrow 11/23...
Trying to generate arrow 12/23...
Trying to generate arrow 13/23...
Trying to generate arrow 14/23...
Trying to generate arrow 15/23...
Trying to generate arrow 16/23...
Trying to generate arrow 17/23...
Trying to generate arrow 18/23...
Trying to generate arrow 19/23...
Trying to generate arrow 20/23...
Trying to generate arrow 21/23...
Trying to generate arrow 22/23...
Trying to generate arrow 23/23...
Successfully generated 23 arrows!
Kết quả vòng lặp: Successfully generated 23 arrows!
Giảm độ dài từ 20...
Độ dài vòng tiếp theo: 15

========================================
--- BẮT ĐẦU VÒNG LẶP (Length = 15) ---
Ô đã chiếm: 353 / Ô còn trống: 115
Đề xuất tạo 8 mũi tên cho vòng lặp này...
Generating level in painted area... (This will be slow)
Trying to generate arrow 1/8...
Trying to generate arrow 2/8...
Trying to generate arrow 3/8...
Could not find valid arrow 3. Stopping.
Successfully generated 2 arrows!
Kết quả vòng lặp: Successfully generated 2 arrows!
Giảm độ dài từ 15...
Độ dài vòng tiếp theo: 10

========================================
--- BẮT ĐẦU VÒNG LẶP (Length = 10) ---
Ô đã chiếm: 368 / Ô còn trống: 100
Đề xuất tạo 10 mũi tên cho vòng lặp này...
Generating level in painted area... (This will be slow)
Trying to generate arrow 1/10...
Trying to generate arrow 2/10...
Trying to generate arrow 3/10...
Trying to generate arrow 4/10...
Could not find valid arrow 4. Stopping.
Successfully generated 3 arrows!
Kết quả vòng lặp: Successfully generated 3 arrows!
Giảm độ dài từ 10...
Độ dài vòng tiếp theo: 5

========================================
--- BẮT ĐẦU VÒNG LẶP (Length = 5) ---
Ô đã chiếm: 386 / Ô còn trống: 82
Đề xuất tạo 16 mũi tên cho vòng lặp này...
Generating level in painted area... (This will be slow)
Trying to generate arrow 1/16...
Trying to generate arrow 2/16...
Trying to generate arrow 3/16...
Trying to generate arrow 4/16...
Trying to generate arrow 5/16...
Trying to generate arrow 6/16...
Trying to generate arrow 7/16...
Trying to generate arrow 8/16...
Trying to generate arrow 9/16...
Trying to generate arrow 10/16...
Trying to generate arrow 11/16...
Trying to generate arrow 12/16...
Trying to generate arrow 13/16...
Trying to generate arrow 14/16...
Trying to generate arrow 15/16...
Trying to generate arrow 16/16...
Successfully generated 16 arrows!
Kết quả vòng lặp: Successfully generated 16 arrows!
Tiếp tục lặp lại ở độ dài tối thiểu (5)...

========================================
--- BẮT ĐẦU VÒNG LẶP (Length = 5) ---
Ô đã chiếm: 422 / Ô còn trống: 46
Đề xuất tạo 9 mũi tên cho vòng lặp này...
Generating level in painted area... (This will be slow)
Trying to generate arrow 1/9...
Trying to generate arrow 2/9...
Trying to generate arrow 3/9...
Trying to generate arrow 4/9...
Trying to generate arrow 5/9...
Trying to generate arrow 6/9...
Trying to generate arrow 7/9...
Trying to generate arrow 8/9...
Trying to generate arrow 9/9...
Could not find valid arrow 9. Stopping.
Successfully generated 8 arrows!
Kết quả vòng lặp: Successfully generated 8 arrows!
Tiếp tục lặp lại ở độ dài tối thiểu (5)...

========================================
--- BẮT ĐẦU VÒNG LẶP (Length = 5) ---
Ô đã chiếm: 440 / Ô còn trống: 28
Đề xuất tạo 6 mũi tên cho vòng lặp này...
Generating level in painted area... (This will be slow)
Trying to generate arrow 1/6...
Could not find valid arrow 1. Stopping.
Kết quả vòng lặp: Generation complete, but 0 valid arrows found. Try again.
Không thể tạo thêm mũi tên ở độ dài này.
Đã đạt độ dài tối thiểu và không thể tạo thêm. Dừng.

========================================
--- ĐÃ HOÀN TẤT TẤT CẢ CÁC VÒNG LẶP ---
Tổng cộng đã tạo: 52 mũi tên.
Đã lấp đầy 440 / 468 ô (94.0%)
--- Đang lưu kết quả ra: level_set/level_set_3/2_result_test/40.json ---
Đã lưu thành công level 28x28 với 52 mũi tên.
--- Bản đồ kết quả (ASCII) ---
                              
   ####                ####   
  ###.#                ####.  
 ######                #####. 
 ###.###^            ^.##<##^ 
 ###>####^           ####>### 
 ##>.v####           ^####### 
 ##^#####            ######## 
 #######>            ######## 
  #######    ####    ######## 
  v###<#   <########  #####v  
    ##.  .^#########>   ##v   
    ##  .^###^#######^  #.    
     ## ######^#######  #>    
     .###^########>######     
      .########.#######>#     
    .############.##<#####    
   #####^####.<#####<######   
  ###  #######<########   v#  
  v    ###<#<#^########    v  
     #>###.^########>####     
    ##################.###    
   #v.  #.############  .#.   
   v.  ###############.  ##   
  <#  ########>#####.###  #>  
     ##.  ####^#v##>  .#^     
     #.     ######     ##     
    ##                  ##    
    #>                  #>    
                              
--- Đang render: 40 (28x28) ---
✅ Đã lưu hình ảnh vào: level_set/level_set_3/3_render/40.png
args: Args(level_set_path=PosixPath('level_set/level_set_3'), start_length=25, length_step=5, min_length=5, size=(25, 25), turn_probability=0.5, straight_weight=0.75, left_weight=0.25, right_weight=0.5, max_turns=6, generate_mode='basic', csv_path=PosixPath('level_set/level_set_3/[Data] levels - test dataframe.csv'), csv=    level_name  ... style
0           21  ...   NaN
1           22  ...    AZ
2           23  ...   NaN
3           24  ...   NaN
4           25  ...   NaN
5           26  ...    AZ
6           27  ...    AZ
7           28  ...   NaN
8           29  ...    AZ
9           30  ...   NaN
10          31  ...   NaN
11          32  ...    AZ
12          33  ...   NaN
13          34  ...   NaN
14          35  ...   NaN
15          36  ...    AZ
16          37  ...    AZ
17          38  ...   NaN
18          39  ...    AZ
19          40  ...   NaN
20          41  ...   NaN
21          42  ...    AZ
22          43  ...   NaN
23          44  ...   NaN
24          45  ...   NaN
25          46  ...    AZ
26          47  ...    AZ
27          48  ...   NaN
28          49  ...    AZ
29          50  ...   NaN
30          51  ...   NaN
31          52  ...    AZ
32          53  ...   NaN
33          54  ...   NaN
34          55  ...   NaN
35          56  ...    AZ
36          57  ...    AZ
37          58  ...   NaN
38          59  ...    AZ
39          60  ...   NaN

[40 rows x 10 columns], item_path='level_set/level_set_3/1_0_original_icons/pentagon.png', item_name='pentagon.png', alter_item_name='41')
Đang xử lý: 'level_set/level_set_3/1_0_original_icons/pentagon.png' (Kích thước gốc: (250, 250))
==> Đã lưu vào: 'level_set/level_set_3/1_1_icons/pentagon.png' (Kích thước mới: (25, 25))
Đã tải ảnh 'level_set/level_set_3/1_1_icons/pentagon.png' (Kích thước: 25x25)
Sử dụng ngưỡng Alpha: 128
Hoàn thành! Đã lưu board vào 'level_set/level_set_3/1_board_test/41'.
--- Đang tải board từ: level_set/level_set_3/1_board_test/41 ---
Đã tải thành công 412 ô 'editable'.
Tổng số ô có thể vẽ: 412

========================================
--- BẮT ĐẦU VÒNG LẶP (Length = 25) ---
Ô đã chiếm: 0 / Ô còn trống: 412
Đề xuất tạo 16 mũi tên cho vòng lặp này...
Generating level in painted area... (This will be slow)
Trying to generate arrow 1/16...
Trying to generate arrow 2/16...
Trying to generate arrow 3/16...
Trying to generate arrow 4/16...
Trying to generate arrow 5/16...
Trying to generate arrow 6/16...
Trying to generate arrow 7/16...
Trying to generate arrow 8/16...
Trying to generate arrow 9/16...
Trying to generate arrow 10/16...
Trying to generate arrow 11/16...
Trying to generate arrow 12/16...
Trying to generate arrow 13/16...
Trying to generate arrow 14/16...
Trying to generate arrow 15/16...
Trying to generate arrow 16/16...
Successfully generated 16 arrows!
Kết quả vòng lặp: Successfully generated 16 arrows!
Giảm độ dài từ 25...
Độ dài vòng tiếp theo: 20

========================================
--- BẮT ĐẦU VÒNG LẶP (Length = 20) ---
Ô đã chiếm: 302 / Ô còn trống: 110
Đề xuất tạo 6 mũi tên cho vòng lặp này...
Generating level in painted area... (This will be slow)
Trying to generate arrow 1/6...
Trying to generate arrow 2/6...
Trying to generate arrow 3/6...
Trying to generate arrow 4/6...
Trying to generate arrow 5/6...
Could not find valid arrow 5. Stopping.
Successfully generated 4 arrows!
Kết quả vòng lặp: Successfully generated 4 arrows!
Giảm độ dài từ 20...
Độ dài vòng tiếp theo: 15

========================================
--- BẮT ĐẦU VÒNG LẶP (Length = 15) ---
Ô đã chiếm: 344 / Ô còn trống: 68
Đề xuất tạo 5 mũi tên cho vòng lặp này...
Generating level in painted area... (This will be slow)
Trying to generate arrow 1/5...
Could not find valid arrow 1. Stopping.
Kết quả vòng lặp: Generation complete, but 0 valid arrows found. Try again.
Không thể tạo thêm mũi tên ở độ dài này.
Giảm độ dài từ 15...
Độ dài vòng tiếp theo: 10

========================================
--- BẮT ĐẦU VÒNG LẶP (Length = 10) ---
Ô đã chiếm: 344 / Ô còn trống: 68
Đề xuất tạo 7 mũi tên cho vòng lặp này...
Generating level in painted area... (This will be slow)
Trying to generate arrow 1/7...
Trying to generate arrow 2/7...
Trying to generate arrow 3/7...
Trying to generate arrow 4/7...
Trying to generate arrow 5/7...
Could not find valid arrow 5. Stopping.
Successfully generated 4 arrows!
Kết quả vòng lặp: Successfully generated 4 arrows!
Giảm độ dài từ 10...
Độ dài vòng tiếp theo: 5

========================================
--- BẮT ĐẦU VÒNG LẶP (Length = 5) ---
Ô đã chiếm: 364 / Ô còn trống: 48
Đề xuất tạo 10 mũi tên cho vòng lặp này...
Generating level in painted area... (This will be slow)
Trying to generate arrow 1/10...
Trying to generate arrow 2/10...
Trying to generate arrow 3/10...
Trying to generate arrow 4/10...
Trying to generate arrow 5/10...
Trying to generate arrow 6/10...
Trying to generate arrow 7/10...
Trying to generate arrow 8/10...
Trying to generate arrow 9/10...
Trying to generate arrow 10/10...
Successfully generated 10 arrows!
Kết quả vòng lặp: Successfully generated 10 arrows!
Tiếp tục lặp lại ở độ dài tối thiểu (5)...

========================================
--- BẮT ĐẦU VÒNG LẶP (Length = 5) ---
Ô đã chiếm: 386 / Ô còn trống: 26
Đề xuất tạo 5 mũi tên cho vòng lặp này...
Generating level in painted area... (This will be slow)
Trying to generate arrow 1/5...
Trying to generate arrow 2/5...
Trying to generate arrow 3/5...
Trying to generate arrow 4/5...
Trying to generate arrow 5/5...
Could not find valid arrow 5. Stopping.
Successfully generated 4 arrows!
Kết quả vòng lặp: Successfully generated 4 arrows!
Tiếp tục lặp lại ở độ dài tối thiểu (5)...

========================================
--- BẮT ĐẦU VÒNG LẶP (Length = 5) ---
Ô đã chiếm: 394 / Ô còn trống: 18
Đề xuất tạo 4 mũi tên cho vòng lặp này...
Generating level in painted area... (This will be slow)
Trying to generate arrow 1/4...
Could not find valid arrow 1. Stopping.
Kết quả vòng lặp: Generation complete, but 0 valid arrows found. Try again.
Không thể tạo thêm mũi tên ở độ dài này.
Đã đạt độ dài tối thiểu và không thể tạo thêm. Dừng.

========================================
--- ĐÃ HOÀN TẤT TẤT CẢ CÁC VÒNG LẶP ---
Tổng cộng đã tạo: 38 mũi tên.
Đã lấp đầy 394 / 412 ô (95.6%)
--- Đang lưu kết quả ra: level_set/level_set_3/2_result_test/41.json ---
Đã lưu thành công level 25x24 với 38 mũi tên.
--- Bản đồ kết quả (ASCII) ---
                           
             #             
            .v.            
          ##^.##.          
         <########         
        ###>#######        
      #####.########>      
     .######.#########     
   ##############.######   
  <#<#####v########.<####  
 #######.###^####^######## 
 v#<#################<##<# 
  #^##############.######  
  ############^<####<####  
  #######<#######v#######  
   ###.##<#############>   
   #########^v####<####^   
   ##################.##   
    ###############.#>#    
    v##################    
    .###############.#>    
     #######<#########     
     ^###<##<#########     
     #######<###<#####     
      .#########<##v.      
                           
--- Đang render: 41 (25x24) ---
✅ Đã lưu hình ảnh vào: level_set/level_set_3/3_render/41.png
args: Args(level_set_path=PosixPath('level_set/level_set_3'), start_length=25, length_step=5, min_length=5, size=(25, 25), turn_probability=0.5, straight_weight=0.75, left_weight=0.25, right_weight=0.5, max_turns=6, generate_mode='advance', csv_path=PosixPath('level_set/level_set_3/[Data] levels - test dataframe.csv'), csv=    level_name  ... style
0           21  ...   NaN
1           22  ...    AZ
2           23  ...   NaN
3           24  ...   NaN
4           25  ...   NaN
5           26  ...    AZ
6           27  ...    AZ
7           28  ...   NaN
8           29  ...    AZ
9           30  ...   NaN
10          31  ...   NaN
11          32  ...    AZ
12          33  ...   NaN
13          34  ...   NaN
14          35  ...   NaN
15          36  ...    AZ
16          37  ...    AZ
17          38  ...   NaN
18          39  ...    AZ
19          40  ...   NaN
20          41  ...   NaN
21          42  ...    AZ
22          43  ...   NaN
23          44  ...   NaN
24          45  ...   NaN
25          46  ...    AZ
26          47  ...    AZ
27          48  ...   NaN
28          49  ...    AZ
29          50  ...   NaN
30          51  ...   NaN
31          52  ...    AZ
32          53  ...   NaN
33          54  ...   NaN
34          55  ...   NaN
35          56  ...    AZ
36          57  ...    AZ
37          58  ...   NaN
38          59  ...    AZ
39          60  ...   NaN

[40 rows x 10 columns], item_path='level_set/level_set_3/1_0_original_icons/star.png', item_name='star.png', alter_item_name='42')
Đang xử lý: 'level_set/level_set_3/1_0_original_icons/star.png' (Kích thước gốc: (250, 250))
==> Đã lưu vào: 'level_set/level_set_3/1_1_icons/star.png' (Kích thước mới: (25, 25))
Đã tải ảnh 'level_set/level_set_3/1_1_icons/star.png' (Kích thước: 25x25)
Sử dụng ngưỡng Alpha: 128
Hoàn thành! Đã lưu board vào 'level_set/level_set_3/1_board_test/42'.
--- Đang tải board từ: level_set/level_set_3/1_board_test/42 ---
Đã tải thành công 208 ô 'editable'.
Tổng số ô có thể vẽ: 208

========================================
--- BẮT ĐẦU VÒNG LẶP (Length = 25) ---
Ô đã chiếm: 0 / Ô còn trống: 208
Đề xuất tạo 8 mũi tên cho vòng lặp này...
Generating ADVANCED level in painted area... (This will be slow)
Trying to generate (adv) arrow 1/8...
Trying to generate (adv) arrow 2/8...
Trying to generate (adv) arrow 3/8...
Trying to generate (adv) arrow 4/8...
Trying to generate (adv) arrow 5/8...
Trying to generate (adv) arrow 6/8...
Trying to generate (adv) arrow 7/8...
Trying to generate (adv) arrow 8/8...
Successfully generated 8 arrows!
Kết quả vòng lặp: Successfully generated 8 arrows!
Giảm độ dài từ 25...
Độ dài vòng tiếp theo: 20

========================================
--- BẮT ĐẦU VÒNG LẶP (Length = 20) ---
Ô đã chiếm: 120 / Ô còn trống: 88
Đề xuất tạo 4 mũi tên cho vòng lặp này...
Generating ADVANCED level in painted area... (This will be slow)
Trying to generate (adv) arrow 1/4...
Trying to generate (adv) arrow 2/4...
Trying to generate (adv) arrow 3/4...
Trying to generate (adv) arrow 4/4...
Could not find valid arrow 4. Stopping.
Successfully generated 3 arrows!
Kết quả vòng lặp: Successfully generated 3 arrows!
Giảm độ dài từ 20...
Độ dài vòng tiếp theo: 15

========================================
--- BẮT ĐẦU VÒNG LẶP (Length = 15) ---
Ô đã chiếm: 151 / Ô còn trống: 57
Đề xuất tạo 4 mũi tên cho vòng lặp này...
Generating ADVANCED level in painted area... (This will be slow)
Trying to generate (adv) arrow 1/4...
Trying to generate (adv) arrow 2/4...
Could not find valid arrow 2. Stopping.
Successfully generated 1 arrows!
Kết quả vòng lặp: Successfully generated 1 arrows!
Giảm độ dài từ 15...
Độ dài vòng tiếp theo: 10

========================================
--- BẮT ĐẦU VÒNG LẶP (Length = 10) ---
Ô đã chiếm: 159 / Ô còn trống: 49
Đề xuất tạo 5 mũi tên cho vòng lặp này...
Generating ADVANCED level in painted area... (This will be slow)
Trying to generate (adv) arrow 1/5...
Trying to generate (adv) arrow 2/5...
Trying to generate (adv) arrow 3/5...
Trying to generate (adv) arrow 4/5...
Trying to generate (adv) arrow 5/5...
Successfully generated 5 arrows!
Kết quả vòng lặp: Successfully generated 5 arrows!
Giảm độ dài từ 10...
Độ dài vòng tiếp theo: 5

========================================
--- BẮT ĐẦU VÒNG LẶP (Length = 5) ---
Ô đã chiếm: 185 / Ô còn trống: 23
Đề xuất tạo 5 mũi tên cho vòng lặp này...
Generating ADVANCED level in painted area... (This will be slow)
Trying to generate (adv) arrow 1/5...
Trying to generate (adv) arrow 2/5...
Trying to generate (adv) arrow 3/5...
Trying to generate (adv) arrow 4/5...
Trying to generate (adv) arrow 5/5...
Successfully generated 5 arrows!
Kết quả vòng lặp: Successfully generated 5 arrows!
Tiếp tục lặp lại ở độ dài tối thiểu (5)...

========================================
--- BẮT ĐẦU VÒNG LẶP (Length = 5) ---
Ô đã chiếm: 196 / Ô còn trống: 12
Đề xuất tạo 2 mũi tên cho vòng lặp này...
Generating ADVANCED level in painted area... (This will be slow)
Trying to generate (adv) arrow 1/2...
Trying to generate (adv) arrow 2/2...
Could not find valid arrow 2. Stopping.
Successfully generated 1 arrows!
Kết quả vòng lặp: Successfully generated 1 arrows!
Tiếp tục lặp lại ở độ dài tối thiểu (5)...

========================================
--- BẮT ĐẦU VÒNG LẶP (Length = 5) ---
Ô đã chiếm: 198 / Ô còn trống: 10
Đề xuất tạo 2 mũi tên cho vòng lặp này...
Generating ADVANCED level in painted area... (This will be slow)
Trying to generate (adv) arrow 1/2...
Could not find valid arrow 1. Stopping.
Kết quả vòng lặp: Generation complete, but 0 valid arrows found. Try again.
Không thể tạo thêm mũi tên ở độ dài này.
Đã đạt độ dài tối thiểu và không thể tạo thêm. Dừng.

========================================
--- ĐÃ HOÀN TẤT TẤT CẢ CÁC VÒNG LẶP ---
Tổng cộng đã tạo: 23 mũi tên.
Đã lấp đầy 198 / 208 ô (95.2%)
--- Đang lưu kết quả ra: level_set/level_set_3/2_result_test/42.json ---
Đã lưu thành công level 20x21 với 23 mũi tên.
--- Bản đồ kết quả (ASCII) ---
                       
           ^           
           #           
          #^.          
          ##^          
         #####         
         #>###         
        ######.        
  ###################  
 #########>##>.###>.#. 
  .#########<########  
   ##<###########v##   
    ##<###>#>#>.###    
     #####^######v     
      ###########      
      #>########.      
     ####^########     
     ##>###>^#####     
     #############     
     #.###   <####     
     ###       ###     
     .           v     
                       
--- Đang render: 42 (20x21) ---
✅ Đã lưu hình ảnh vào: level_set/level_set_3/3_render/42.png
args: Args(level_set_path=PosixPath('level_set/level_set_3'), start_length=25, length_step=5, min_length=5, size=(25, 35), turn_probability=0.5, straight_weight=0.75, left_weight=0.25, right_weight=0.5, max_turns=6, generate_mode='basic', csv_path=PosixPath('level_set/level_set_3/[Data] levels - test dataframe.csv'), csv=    level_name  ... style
0           21  ...   NaN
1           22  ...    AZ
2           23  ...   NaN
3           24  ...   NaN
4           25  ...   NaN
5           26  ...    AZ
6           27  ...    AZ
7           28  ...   NaN
8           29  ...    AZ
9           30  ...   NaN
10          31  ...   NaN
11          32  ...    AZ
12          33  ...   NaN
13          34  ...   NaN
14          35  ...   NaN
15          36  ...    AZ
16          37  ...    AZ
17          38  ...   NaN
18          39  ...    AZ
19          40  ...   NaN
20          41  ...   NaN
21          42  ...    AZ
22          43  ...   NaN
23          44  ...   NaN
24          45  ...   NaN
25          46  ...    AZ
26          47  ...    AZ
27          48  ...   NaN
28          49  ...    AZ
29          50  ...   NaN
30          51  ...   NaN
31          52  ...    AZ
32          53  ...   NaN
33          54  ...   NaN
34          55  ...   NaN
35          56  ...    AZ
36          57  ...    AZ
37          58  ...   NaN
38          59  ...    AZ
39          60  ...   NaN

[40 rows x 10 columns], item_path='level_set/level_set_3/1_0_original_icons/square.png', item_name='square.png', alter_item_name='43')
Đang xử lý: 'level_set/level_set_3/1_0_original_icons/square.png' (Kích thước gốc: (250, 250))
==> Đã lưu vào: 'level_set/level_set_3/1_1_icons/square.png' (Kích thước mới: (25, 35))
Đã tải ảnh 'level_set/level_set_3/1_1_icons/square.png' (Kích thước: 25x35)
Sử dụng ngưỡng Alpha: 128
Hoàn thành! Đã lưu board vào 'level_set/level_set_3/1_board_test/43'.
--- Đang tải board từ: level_set/level_set_3/1_board_test/43 ---
Đã tải thành công 875 ô 'editable'.
Tổng số ô có thể vẽ: 875

========================================
--- BẮT ĐẦU VÒNG LẶP (Length = 25) ---
Ô đã chiếm: 0 / Ô còn trống: 875
Đề xuất tạo 35 mũi tên cho vòng lặp này...
Generating level in painted area... (This will be slow)
Trying to generate arrow 1/35...
Trying to generate arrow 2/35...
Trying to generate arrow 3/35...
Trying to generate arrow 4/35...
Trying to generate arrow 5/35...
Trying to generate arrow 6/35...
Trying to generate arrow 7/35...
Trying to generate arrow 8/35...
Trying to generate arrow 9/35...
Trying to generate arrow 10/35...
Trying to generate arrow 11/35...
Trying to generate arrow 12/35...
Trying to generate arrow 13/35...
Trying to generate arrow 14/35...
Trying to generate arrow 15/35...
Trying to generate arrow 16/35...
Trying to generate arrow 17/35...
Trying to generate arrow 18/35...
Trying to generate arrow 19/35...
Trying to generate arrow 20/35...
Trying to generate arrow 21/35...
Trying to generate arrow 22/35...
Trying to generate arrow 23/35...
Trying to generate arrow 24/35...
Trying to generate arrow 25/35...
Trying to generate arrow 26/35...
Trying to generate arrow 27/35...
Trying to generate arrow 28/35...
Trying to generate arrow 29/35...
Trying to generate arrow 30/35...
Trying to generate arrow 31/35...
Trying to generate arrow 32/35...
Trying to generate arrow 33/35...
Trying to generate arrow 34/35...
Trying to generate arrow 35/35...
Successfully generated 35 arrows!
Kết quả vòng lặp: Successfully generated 35 arrows!
Giảm độ dài từ 25...
Độ dài vòng tiếp theo: 20

========================================
--- BẮT ĐẦU VÒNG LẶP (Length = 20) ---
Ô đã chiếm: 678 / Ô còn trống: 197
Đề xuất tạo 10 mũi tên cho vòng lặp này...
Generating level in painted area... (This will be slow)
Trying to generate arrow 1/10...
Trying to generate arrow 2/10...
Trying to generate arrow 3/10...
Trying to generate arrow 4/10...
Trying to generate arrow 5/10...
Trying to generate arrow 6/10...
Could not find valid arrow 6. Stopping.
Successfully generated 5 arrows!
Kết quả vòng lặp: Successfully generated 5 arrows!
Giảm độ dài từ 20...
Độ dài vòng tiếp theo: 15

========================================
--- BẮT ĐẦU VÒNG LẶP (Length = 15) ---
Ô đã chiếm: 737 / Ô còn trống: 138
Đề xuất tạo 9 mũi tên cho vòng lặp này...
Generating level in painted area... (This will be slow)
Trying to generate arrow 1/9...
Trying to generate arrow 2/9...
Trying to generate arrow 3/9...
Trying to generate arrow 4/9...
Trying to generate arrow 5/9...
Could not find valid arrow 5. Stopping.
Successfully generated 4 arrows!
Kết quả vòng lặp: Successfully generated 4 arrows!
Giảm độ dài từ 15...
Độ dài vòng tiếp theo: 10

========================================
--- BẮT ĐẦU VÒNG LẶP (Length = 10) ---
Ô đã chiếm: 765 / Ô còn trống: 110
Đề xuất tạo 11 mũi tên cho vòng lặp này...
Generating level in painted area... (This will be slow)
Trying to generate arrow 1/11...
Trying to generate arrow 2/11...
Trying to generate arrow 3/11...
Trying to generate arrow 4/11...
Could not find valid arrow 4. Stopping.
Successfully generated 3 arrows!
Kết quả vòng lặp: Successfully generated 3 arrows!
Giảm độ dài từ 10...
Độ dài vòng tiếp theo: 5

========================================
--- BẮT ĐẦU VÒNG LẶP (Length = 5) ---
Ô đã chiếm: 780 / Ô còn trống: 95
Đề xuất tạo 19 mũi tên cho vòng lặp này...
Generating level in painted area... (This will be slow)
Trying to generate arrow 1/19...
Trying to generate arrow 2/19...
Trying to generate arrow 3/19...
Trying to generate arrow 4/19...
Trying to generate arrow 5/19...
Trying to generate arrow 6/19...
Trying to generate arrow 7/19...
Trying to generate arrow 8/19...
Trying to generate arrow 9/19...
Trying to generate arrow 10/19...
Trying to generate arrow 11/19...
Trying to generate arrow 12/19...
Trying to generate arrow 13/19...
Trying to generate arrow 14/19...
Trying to generate arrow 15/19...
Trying to generate arrow 16/19...
Trying to generate arrow 17/19...
Trying to generate arrow 18/19...
Trying to generate arrow 19/19...
Successfully generated 19 arrows!
Kết quả vòng lặp: Successfully generated 19 arrows!
Tiếp tục lặp lại ở độ dài tối thiểu (5)...

========================================
--- BẮT ĐẦU VÒNG LẶP (Length = 5) ---
Ô đã chiếm: 822 / Ô còn trống: 53
Đề xuất tạo 11 mũi tên cho vòng lặp này...
Generating level in painted area... (This will be slow)
Trying to generate arrow 1/11...
Trying to generate arrow 2/11...
Trying to generate arrow 3/11...
Trying to generate arrow 4/11...
Trying to generate arrow 5/11...
Trying to generate arrow 6/11...
Trying to generate arrow 7/11...
Could not find valid arrow 7. Stopping.
Successfully generated 6 arrows!
Kết quả vòng lặp: Successfully generated 6 arrows!
Tiếp tục lặp lại ở độ dài tối thiểu (5)...

========================================
--- BẮT ĐẦU VÒNG LẶP (Length = 5) ---
Ô đã chiếm: 834 / Ô còn trống: 41
Đề xuất tạo 8 mũi tên cho vòng lặp này...
Generating level in painted area... (This will be slow)
Trying to generate arrow 1/8...
Could not find valid arrow 1. Stopping.
Kết quả vòng lặp: Generation complete, but 0 valid arrows found. Try again.
Không thể tạo thêm mũi tên ở độ dài này.
Đã đạt độ dài tối thiểu và không thể tạo thêm. Dừng.

========================================
--- ĐÃ HOÀN TẤT TẤT CẢ CÁC VÒNG LẶP ---
Tổng cộng đã tạo: 72 mũi tên.
Đã lấp đầy 834 / 875 ô (95.3%)
--- Đang lưu kết quả ra: level_set/level_set_3/2_result_test/43.json ---
Đã lưu thành công level 25x35 với 72 mũi tên.
--- Bản đồ kết quả (ASCII) ---
                           
 ########^^###^^######.### 
 #####################^#^# 
 #####.^################## 
 ####v#####..###.######### 
 <######.#####^###<####### 
 #######<################# 
 ########.##########>vv.## 
 <####<####<############## 
 .####>##############.#### 
 ###v<###.^#^########.#### 
 ###.##.#############>#### 
 ##########.#########>#### 
 ########^#<#<#####<#####^ 
 ######################### 
 ########<###^###########^ 
 #############^########### 
 ###>.####..#####^######## 
 ##<####################># 
 ##>####>#####>.########># 
 ####.############>####>## 
 ########<#########v#####^ 
 ########.<#<########.#### 
 #.####.#########.######## 
 v.#<##^###^#.#####.####^# 
 <################<####### 
 ####.####.##<############ 
 ######<#####.############ 
 ##.###########<##.####### 
 #############^########### 
 ######>#####v#########>.# 
 #.#####v##.####>####.#### 
 ######################.## 
 #######v################# 
 vv###############>.#####v 
 .<##########<###########. 
                           
--- Đang render: 43 (25x35) ---
✅ Đã lưu hình ảnh vào: level_set/level_set_3/3_render/43.png
args: Args(level_set_path=PosixPath('level_set/level_set_3'), start_length=25, length_step=5, min_length=5, size=(22, 22), turn_probability=0.5, straight_weight=0.75, left_weight=0.25, right_weight=0.5, max_turns=6, generate_mode='basic', csv_path=PosixPath('level_set/level_set_3/[Data] levels - test dataframe.csv'), csv=    level_name    template_name  ...  difficulty  style
0           21     pentagon.png  ...      Normal    NaN
1           22         star.png  ...      Normal     AZ
2           23       square.png  ...        Hard    NaN
3           24     pentagon.png  ...      Normal    NaN
4           25  AIR BALLOON.png  ...      Normal    NaN
5           26       square.png  ...      Normal     AZ
6           27       circle.png  ...      Normal     AZ
7           28      hexagon.png  ...      Normal    NaN
8           29       square.png  ...        Hard     AZ
9           30         BODY.png  ...      Normal    NaN
10          31       circle.png  ...      Normal    NaN
11          32     pentagon.png  ...      Normal     AZ
12          33       square.png  ...        Hard    NaN
13          34         star.png  ...      Normal    NaN
14          35        CHESS.png  ...      Normal    NaN
15          36      hexagon.png  ...      Normal     AZ
16          37       square.png  ...      Normal     AZ
17          38       circle.png  ...      Normal    NaN
18          39       square.png  ...        Hard     AZ
19          40   CRUSTACEAN.png  ...      Normal    NaN
20          41     pentagon.png  ...      Normal    NaN
21          42         star.png  ...      Normal     AZ
22          43       square.png  ...        Hard    NaN
23          44     pentagon.png  ...      Normal    NaN
24          45  FLAT SHAPES.png  ...      Normal    NaN
25          46         star.png  ...      Normal     AZ
26          47       circle.png  ...      Normal     AZ
27          48      hexagon.png  ...      Normal    NaN
28          49       square.png  ...        Hard     AZ
29          50        HOUSE.png  ...      Normal    NaN
30          51       circle.png  ...      Normal    NaN
31          52     pentagon.png  ...      Normal     AZ
32          53       square.png  ...        Hard    NaN
33          54       square.png  ...      Normal    NaN
34          55        PLANE.png  ...      Normal    NaN
35          56      hexagon.png  ...      Normal     AZ
36          57       square.png  ...      Normal     AZ
37          58       circle.png  ...      Normal    NaN
38          59       square.png  ...        Hard     AZ
39          60       SPIDER.png  ...      Normal    NaN

[40 rows x 10 columns], item_path='level_set/level_set_3/1_0_original_icons/pentagon.png', item_name='pentagon.png', alter_item_name='44')
Đang xử lý: 'level_set/level_set_3/1_0_original_icons/pentagon.png' (Kích thước gốc: (250, 250))
==> Đã lưu vào: 'level_set/level_set_3/1_1_icons/pentagon.png' (Kích thước mới: (22, 22))
Đã tải ảnh 'level_set/level_set_3/1_1_icons/pentagon.png' (Kích thước: 22x22)
Sử dụng ngưỡng Alpha: 128
Hoàn thành! Đã lưu board vào 'level_set/level_set_3/1_board_test/44'.
--- Đang tải board từ: level_set/level_set_3/1_board_test/44 ---
Đã tải thành công 320 ô 'editable'.
Tổng số ô có thể vẽ: 320

========================================
--- BẮT ĐẦU VÒNG LẶP (Length = 25) ---
Ô đã chiếm: 0 / Ô còn trống: 320
Đề xuất tạo 13 mũi tên cho vòng lặp này...
Generating level in painted area... (This will be slow)
Trying to generate arrow 1/13...
Trying to generate arrow 2/13...
Trying to generate arrow 3/13...
Trying to generate arrow 4/13...
Trying to generate arrow 5/13...
Trying to generate arrow 6/13...
Trying to generate arrow 7/13...
Trying to generate arrow 8/13...
Trying to generate arrow 9/13...
Trying to generate arrow 10/13...
Trying to generate arrow 11/13...
Trying to generate arrow 12/13...
Could not find valid arrow 12. Stopping.
Successfully generated 11 arrows!
Kết quả vòng lặp: Successfully generated 11 arrows!
Giảm độ dài từ 25...
Độ dài vòng tiếp theo: 20

========================================
--- BẮT ĐẦU VÒNG LẶP (Length = 20) ---
Ô đã chiếm: 226 / Ô còn trống: 94
Đề xuất tạo 5 mũi tên cho vòng lặp này...
Generating level in painted area... (This will be slow)
Trying to generate arrow 1/5...
Trying to generate arrow 2/5...
Trying to generate arrow 3/5...
Could not find valid arrow 3. Stopping.
Successfully generated 2 arrows!
Kết quả vòng lặp: Successfully generated 2 arrows!
Giảm độ dài từ 20...
Độ dài vòng tiếp theo: 15

========================================
--- BẮT ĐẦU VÒNG LẶP (Length = 15) ---
Ô đã chiếm: 247 / Ô còn trống: 73
Đề xuất tạo 5 mũi tên cho vòng lặp này...
Generating level in painted area... (This will be slow)
Trying to generate arrow 1/5...
Trying to generate arrow 2/5...
Trying to generate arrow 3/5...
Could not find valid arrow 3. Stopping.
Successfully generated 2 arrows!
Kết quả vòng lặp: Successfully generated 2 arrows!
Giảm độ dài từ 15...
Độ dài vòng tiếp theo: 10

========================================
--- BẮT ĐẦU VÒNG LẶP (Length = 10) ---
Ô đã chiếm: 261 / Ô còn trống: 59
Đề xuất tạo 6 mũi tên cho vòng lặp này...
Generating level in painted area... (This will be slow)
Trying to generate arrow 1/6...
Trying to generate arrow 2/6...
Trying to generate arrow 3/6...
Could not find valid arrow 3. Stopping.
Successfully generated 2 arrows!
Kết quả vòng lặp: Successfully generated 2 arrows!
Giảm độ dài từ 10...
Độ dài vòng tiếp theo: 5

========================================
--- BẮT ĐẦU VÒNG LẶP (Length = 5) ---
Ô đã chiếm: 272 / Ô còn trống: 48
Đề xuất tạo 10 mũi tên cho vòng lặp này...
Generating level in painted area... (This will be slow)
Trying to generate arrow 1/10...
Trying to generate arrow 2/10...
Trying to generate arrow 3/10...
Trying to generate arrow 4/10...
Trying to generate arrow 5/10...
Trying to generate arrow 6/10...
Trying to generate arrow 7/10...
Trying to generate arrow 8/10...
Trying to generate arrow 9/10...
Trying to generate arrow 10/10...
Successfully generated 10 arrows!
Kết quả vòng lặp: Successfully generated 10 arrows!
Tiếp tục lặp lại ở độ dài tối thiểu (5)...

========================================
--- BẮT ĐẦU VÒNG LẶP (Length = 5) ---
Ô đã chiếm: 297 / Ô còn trống: 23
Đề xuất tạo 5 mũi tên cho vòng lặp này...
Generating level in painted area... (This will be slow)
Trying to generate arrow 1/5...
Trying to generate arrow 2/5...
Trying to generate arrow 3/5...
Could not find valid arrow 3. Stopping.
Successfully generated 2 arrows!
Kết quả vòng lặp: Successfully generated 2 arrows!
Tiếp tục lặp lại ở độ dài tối thiểu (5)...

========================================
--- BẮT ĐẦU VÒNG LẶP (Length = 5) ---
Ô đã chiếm: 302 / Ô còn trống: 18
Đề xuất tạo 4 mũi tên cho vòng lặp này...
Generating level in painted area... (This will be slow)
Trying to generate arrow 1/4...
Could not find valid arrow 1. Stopping.
Kết quả vòng lặp: Generation complete, but 0 valid arrows found. Try again.
Không thể tạo thêm mũi tên ở độ dài này.
Đã đạt độ dài tối thiểu và không thể tạo thêm. Dừng.

========================================
--- ĐÃ HOÀN TẤT TẤT CẢ CÁC VÒNG LẶP ---
Tổng cộng đã tạo: 29 mũi tên.
Đã lấp đầy 302 / 320 ô (94.4%)
--- Đang lưu kết quả ra: level_set/level_set_3/2_result_test/44.json ---
Đã lưu thành công level 22x21 với 29 mũi tên.
--- Bản đồ kết quả (ASCII) ---
                        
           ##           
          .###          
         .##.#.         
       ##########       
      <###########      
     <######v####v.     
   ^###############<#   
  #####^##.<#.##.<###.  
 ^#############.####### 
 #########.####^####### 
  ######>#######.v####  
  ####################  
  ###^^####<#######>#v  
   ###########.^#####   
   ####.##>##########   
   ##############>##v   
    ^.########^#####    
    ######>########v    
    .^##.##########.    
     ##############     
     #########<###v     
                        
--- Đang render: 44 (22x21) ---
✅ Đã lưu hình ảnh vào: level_set/level_set_3/3_render/44.png
args: Args(level_set_path=PosixPath('level_set/level_set_3'), start_length=25, length_step=5, min_length=5, size=(20, 20), turn_probability=0.5, straight_weight=0.75, left_weight=0.25, right_weight=0.5, max_turns=6, generate_mode='basic', csv_path=PosixPath('level_set/level_set_3/[Data] levels - test dataframe.csv'), csv=    level_name    template_name  ...  difficulty  style
0           21     pentagon.png  ...      Normal    NaN
1           22         star.png  ...      Normal     AZ
2           23       square.png  ...        Hard    NaN
3           24     pentagon.png  ...      Normal    NaN
4           25  AIR BALLOON.png  ...      Normal    NaN
5           26       square.png  ...      Normal     AZ
6           27       circle.png  ...      Normal     AZ
7           28      hexagon.png  ...      Normal    NaN
8           29       square.png  ...        Hard     AZ
9           30         BODY.png  ...      Normal    NaN
10          31       circle.png  ...      Normal    NaN
11          32     pentagon.png  ...      Normal     AZ
12          33       square.png  ...        Hard    NaN
13          34         star.png  ...      Normal    NaN
14          35        CHESS.png  ...      Normal    NaN
15          36      hexagon.png  ...      Normal     AZ
16          37       square.png  ...      Normal     AZ
17          38       circle.png  ...      Normal    NaN
18          39       square.png  ...        Hard     AZ
19          40   CRUSTACEAN.png  ...      Normal    NaN
20          41     pentagon.png  ...      Normal    NaN
21          42         star.png  ...      Normal     AZ
22          43       square.png  ...        Hard    NaN
23          44     pentagon.png  ...      Normal    NaN
24          45  FLAT SHAPES.png  ...      Normal    NaN
25          46         star.png  ...      Normal     AZ
26          47       circle.png  ...      Normal     AZ
27          48      hexagon.png  ...      Normal    NaN
28          49       square.png  ...        Hard     AZ
29          50        HOUSE.png  ...      Normal    NaN
30          51       circle.png  ...      Normal    NaN
31          52     pentagon.png  ...      Normal     AZ
32          53       square.png  ...        Hard    NaN
33          54       square.png  ...      Normal    NaN
34          55        PLANE.png  ...      Normal    NaN
35          56      hexagon.png  ...      Normal     AZ
36          57       square.png  ...      Normal     AZ
37          58       circle.png  ...      Normal    NaN
38          59       square.png  ...        Hard     AZ
39          60       SPIDER.png  ...      Normal    NaN

[40 rows x 10 columns], item_path='level_set/level_set_3/1_0_original_icons/FLAT SHAPES.png', item_name='FLAT SHAPES.png', alter_item_name='45')
Đang xử lý: 'level_set/level_set_3/1_0_original_icons/FLAT SHAPES.png' (Kích thước gốc: (205, 206))
==> Đã lưu vào: 'level_set/level_set_3/1_1_icons/FLAT SHAPES.png' (Kích thước mới: (20, 20))
Đã tải ảnh 'level_set/level_set_3/1_1_icons/FLAT SHAPES.png' (Kích thước: 20x20)
Sử dụng ngưỡng Alpha: 128
Hoàn thành! Đã lưu board vào 'level_set/level_set_3/1_board_test/45'.
--- Đang tải board từ: level_set/level_set_3/1_board_test/45 ---
Đã tải thành công 166 ô 'editable'.
Tổng số ô có thể vẽ: 166

========================================
--- BẮT ĐẦU VÒNG LẶP (Length = 25) ---
Ô đã chiếm: 0 / Ô còn trống: 166
Đề xuất tạo 7 mũi tên cho vòng lặp này...
Generating level in painted area... (This will be slow)
Trying to generate arrow 1/7...
Trying to generate arrow 2/7...
Trying to generate arrow 3/7...
Trying to generate arrow 4/7...
Trying to generate arrow 5/7...
Trying to generate arrow 6/7...
Trying to generate arrow 7/7...
Could not find valid arrow 7. Stopping.
Successfully generated 6 arrows!
Kết quả vòng lặp: Successfully generated 6 arrows!
Giảm độ dài từ 25...
Độ dài vòng tiếp theo: 20

========================================
--- BẮT ĐẦU VÒNG LẶP (Length = 20) ---
Ô đã chiếm: 109 / Ô còn trống: 57
Đề xuất tạo 3 mũi tên cho vòng lặp này...
Generating level in painted area... (This will be slow)
Trying to generate arrow 1/3...
Trying to generate arrow 2/3...
Trying to generate arrow 3/3...
Could not find valid arrow 3. Stopping.
Successfully generated 2 arrows!
Kết quả vòng lặp: Successfully generated 2 arrows!
Giảm độ dài từ 20...
Độ dài vòng tiếp theo: 15

========================================
--- BẮT ĐẦU VÒNG LẶP (Length = 15) ---
Ô đã chiếm: 129 / Ô còn trống: 37
Đề xuất tạo 2 mũi tên cho vòng lặp này...
Generating level in painted area... (This will be slow)
Trying to generate arrow 1/2...
Trying to generate arrow 2/2...
Successfully generated 2 arrows!
Kết quả vòng lặp: Successfully generated 2 arrows!
Giảm độ dài từ 15...
Độ dài vòng tiếp theo: 10

========================================
--- BẮT ĐẦU VÒNG LẶP (Length = 10) ---
Ô đã chiếm: 143 / Ô còn trống: 23
Đề xuất tạo 2 mũi tên cho vòng lặp này...
Generating level in painted area... (This will be slow)
Trying to generate arrow 1/2...
Could not find valid arrow 1. Stopping.
Kết quả vòng lặp: Generation complete, but 0 valid arrows found. Try again.
Không thể tạo thêm mũi tên ở độ dài này.
Giảm độ dài từ 10...
Độ dài vòng tiếp theo: 5

========================================
--- BẮT ĐẦU VÒNG LẶP (Length = 5) ---
Ô đã chiếm: 143 / Ô còn trống: 23
Đề xuất tạo 5 mũi tên cho vòng lặp này...
Generating level in painted area... (This will be slow)
Trying to generate arrow 1/5...
Trying to generate arrow 2/5...
Trying to generate arrow 3/5...
Trying to generate arrow 4/5...
Trying to generate arrow 5/5...
Could not find valid arrow 5. Stopping.
Successfully generated 4 arrows!
Kết quả vòng lặp: Successfully generated 4 arrows!
Tiếp tục lặp lại ở độ dài tối thiểu (5)...

========================================
--- BẮT ĐẦU VÒNG LẶP (Length = 5) ---
Ô đã chiếm: 153 / Ô còn trống: 13
Đề xuất tạo 3 mũi tên cho vòng lặp này...
Generating level in painted area... (This will be slow)
Trying to generate arrow 1/3...
Could not find valid arrow 1. Stopping.
Kết quả vòng lặp: Generation complete, but 0 valid arrows found. Try again.
Không thể tạo thêm mũi tên ở độ dài này.
Đã đạt độ dài tối thiểu và không thể tạo thêm. Dừng.

========================================
--- ĐÃ HOÀN TẤT TẤT CẢ CÁC VÒNG LẶP ---
Tổng cộng đã tạo: 14 mũi tên.
Đã lấp đầy 153 / 166 ô (92.2%)
--- Đang lưu kết quả ra: level_set/level_set_3/2_result_test/45.json ---
Đã lưu thành công level 19x18 với 14 mũi tên.
--- Bản đồ kết quả (ASCII) ---
                      
          ##          
          #v          
         ###.         
        #####.        
        #####^        
       ###^#.##       
       ######>#       
      #########.      
                      
                      
  #######>    .###    
  #######.   #####.   
  ##v####^  #######>  
  ########  #######.  
  ##v###.^  #####.#>. 
  ########  v#######  
  ########   ###.###  
 ##v######    .<###   
                      
--- Đang render: 45 (19x18) ---
✅ Đã lưu hình ảnh vào: level_set/level_set_3/3_render/45.png
args: Args(level_set_path=PosixPath('level_set/level_set_3'), start_length=20, length_step=5, min_length=5, size=(25, 25), turn_probability=0.5, straight_weight=0.75, left_weight=0.25, right_weight=0.5, max_turns=6, generate_mode='advance', csv_path=PosixPath('level_set/level_set_3/[Data] levels - test dataframe.csv'), csv=    level_name    template_name  ...  difficulty  style
0           21     pentagon.png  ...      Normal    NaN
1           22         star.png  ...      Normal     AZ
2           23       square.png  ...        Hard    NaN
3           24     pentagon.png  ...      Normal    NaN
4           25  AIR BALLOON.png  ...      Normal    NaN
5           26       square.png  ...      Normal     AZ
6           27       circle.png  ...      Normal     AZ
7           28      hexagon.png  ...      Normal    NaN
8           29       square.png  ...        Hard     AZ
9           30         BODY.png  ...      Normal    NaN
10          31       circle.png  ...      Normal    NaN
11          32     pentagon.png  ...      Normal     AZ
12          33       square.png  ...        Hard    NaN
13          34         star.png  ...      Normal    NaN
14          35        CHESS.png  ...      Normal    NaN
15          36      hexagon.png  ...      Normal     AZ
16          37       square.png  ...      Normal     AZ
17          38       circle.png  ...      Normal    NaN
18          39       square.png  ...        Hard     AZ
19          40   CRUSTACEAN.png  ...      Normal    NaN
20          41     pentagon.png  ...      Normal    NaN
21          42         star.png  ...      Normal     AZ
22          43       square.png  ...        Hard    NaN
23          44     pentagon.png  ...      Normal    NaN
24          45  FLAT SHAPES.png  ...      Normal    NaN
25          46         star.png  ...      Normal     AZ
26          47       circle.png  ...      Normal     AZ
27          48      hexagon.png  ...      Normal    NaN
28          49       square.png  ...        Hard     AZ
29          50        HOUSE.png  ...      Normal    NaN
30          51       circle.png  ...      Normal    NaN
31          52     pentagon.png  ...      Normal     AZ
32          53       square.png  ...        Hard    NaN
33          54       square.png  ...      Normal    NaN
34          55        PLANE.png  ...      Normal    NaN
35          56      hexagon.png  ...      Normal     AZ
36          57       square.png  ...      Normal     AZ
37          58       circle.png  ...      Normal    NaN
38          59       square.png  ...        Hard     AZ
39          60       SPIDER.png  ...      Normal    NaN

[40 rows x 10 columns], item_path='level_set/level_set_3/1_0_original_icons/star.png', item_name='star.png', alter_item_name='46')
Đang xử lý: 'level_set/level_set_3/1_0_original_icons/star.png' (Kích thước gốc: (250, 250))
==> Đã lưu vào: 'level_set/level_set_3/1_1_icons/star.png' (Kích thước mới: (25, 25))
Đã tải ảnh 'level_set/level_set_3/1_1_icons/star.png' (Kích thước: 25x25)
Sử dụng ngưỡng Alpha: 128
Hoàn thành! Đã lưu board vào 'level_set/level_set_3/1_board_test/46'.
--- Đang tải board từ: level_set/level_set_3/1_board_test/46 ---
Đã tải thành công 208 ô 'editable'.
Tổng số ô có thể vẽ: 208

========================================
--- BẮT ĐẦU VÒNG LẶP (Length = 20) ---
Ô đã chiếm: 0 / Ô còn trống: 208
Đề xuất tạo 10 mũi tên cho vòng lặp này...
Generating ADVANCED level in painted area... (This will be slow)
Trying to generate (adv) arrow 1/10...
Trying to generate (adv) arrow 2/10...
Trying to generate (adv) arrow 3/10...
Trying to generate (adv) arrow 4/10...
Trying to generate (adv) arrow 5/10...
Trying to generate (adv) arrow 6/10...
Trying to generate (adv) arrow 7/10...
Trying to generate (adv) arrow 8/10...
Trying to generate (adv) arrow 9/10...
Trying to generate (adv) arrow 10/10...
Successfully generated 10 arrows!
Kết quả vòng lặp: Successfully generated 10 arrows!
Giảm độ dài từ 20...
Độ dài vòng tiếp theo: 15

========================================
--- BẮT ĐẦU VÒNG LẶP (Length = 15) ---
Ô đã chiếm: 138 / Ô còn trống: 70
Đề xuất tạo 5 mũi tên cho vòng lặp này...
Generating ADVANCED level in painted area... (This will be slow)
Trying to generate (adv) arrow 1/5...
Trying to generate (adv) arrow 2/5...
Trying to generate (adv) arrow 3/5...
Trying to generate (adv) arrow 4/5...
Trying to generate (adv) arrow 5/5...
Successfully generated 5 arrows!
Kết quả vòng lặp: Successfully generated 5 arrows!
Giảm độ dài từ 15...
Độ dài vòng tiếp theo: 10

========================================
--- BẮT ĐẦU VÒNG LẶP (Length = 10) ---
Ô đã chiếm: 175 / Ô còn trống: 33
Đề xuất tạo 3 mũi tên cho vòng lặp này...
Generating ADVANCED level in painted area... (This will be slow)
Trying to generate (adv) arrow 1/3...
Could not find valid arrow 1. Stopping.
Kết quả vòng lặp: Generation complete, but 0 valid arrows found. Try again.
Không thể tạo thêm mũi tên ở độ dài này.
Giảm độ dài từ 10...
Độ dài vòng tiếp theo: 5

========================================
--- BẮT ĐẦU VÒNG LẶP (Length = 5) ---
Ô đã chiếm: 175 / Ô còn trống: 33
Đề xuất tạo 7 mũi tên cho vòng lặp này...
Generating ADVANCED level in painted area... (This will be slow)
Trying to generate (adv) arrow 1/7...
Trying to generate (adv) arrow 2/7...
Trying to generate (adv) arrow 3/7...
Trying to generate (adv) arrow 4/7...
Trying to generate (adv) arrow 5/7...
Trying to generate (adv) arrow 6/7...
Trying to generate (adv) arrow 7/7...
Successfully generated 7 arrows!
Kết quả vòng lặp: Successfully generated 7 arrows!
Tiếp tục lặp lại ở độ dài tối thiểu (5)...

========================================
--- BẮT ĐẦU VÒNG LẶP (Length = 5) ---
Ô đã chiếm: 189 / Ô còn trống: 19
Đề xuất tạo 4 mũi tên cho vòng lặp này...
Generating ADVANCED level in painted area... (This will be slow)
Trying to generate (adv) arrow 1/4...
Trying to generate (adv) arrow 2/4...
Trying to generate (adv) arrow 3/4...
Could not find valid arrow 3. Stopping.
Successfully generated 2 arrows!
Kết quả vòng lặp: Successfully generated 2 arrows!
Tiếp tục lặp lại ở độ dài tối thiểu (5)...

========================================
--- BẮT ĐẦU VÒNG LẶP (Length = 5) ---
Ô đã chiếm: 195 / Ô còn trống: 13
Đề xuất tạo 3 mũi tên cho vòng lặp này...
Generating ADVANCED level in painted area... (This will be slow)
Trying to generate (adv) arrow 1/3...
Could not find valid arrow 1. Stopping.
Kết quả vòng lặp: Generation complete, but 0 valid arrows found. Try again.
Không thể tạo thêm mũi tên ở độ dài này.
Đã đạt độ dài tối thiểu và không thể tạo thêm. Dừng.

========================================
--- ĐÃ HOÀN TẤT TẤT CẢ CÁC VÒNG LẶP ---
Tổng cộng đã tạo: 24 mũi tên.
Đã lấp đầy 195 / 208 ô (93.8%)
--- Đang lưu kết quả ra: level_set/level_set_3/2_result_test/46.json ---
Đã lưu thành công level 19x21 với 24 mũi tên.
--- Bản đồ kết quả (ASCII) ---
                       
           ^           
           #           
          ###          
          ###          
         ####.         
         ####^         
        #>.###.        
  <#<################  
 .#################.#. 
  #######v<##^####>##  
   .################   
    ##############.    
     .v#####v####.     
      #######<###      
      v####.#####      
     ####v###<####     
     #####<###>###     
     ###>#.#######     
     vv###   <####     
     #<#       ##v     
     v           .     
                       
--- Đang render: 46 (19x21) ---
✅ Đã lưu hình ảnh vào: level_set/level_set_3/3_render/46.png
args: Args(level_set_path=PosixPath('level_set/level_set_3'), start_length=30, length_step=5, min_length=5, size=(25, 25), turn_probability=0.5, straight_weight=0.75, left_weight=0.25, right_weight=0.5, max_turns=6, generate_mode='advance', csv_path=PosixPath('level_set/level_set_3/[Data] levels - test dataframe.csv'), csv=    level_name    template_name  ...  difficulty  style
0           21     pentagon.png  ...      Normal    NaN
1           22         star.png  ...      Normal     AZ
2           23       square.png  ...        Hard    NaN
3           24     pentagon.png  ...      Normal    NaN
4           25  AIR BALLOON.png  ...      Normal    NaN
5           26       square.png  ...      Normal     AZ
6           27       circle.png  ...      Normal     AZ
7           28      hexagon.png  ...      Normal    NaN
8           29       square.png  ...        Hard     AZ
9           30         BODY.png  ...      Normal    NaN
10          31       circle.png  ...      Normal    NaN
11          32     pentagon.png  ...      Normal     AZ
12          33       square.png  ...        Hard    NaN
13          34         star.png  ...      Normal    NaN
14          35        CHESS.png  ...      Normal    NaN
15          36      hexagon.png  ...      Normal     AZ
16          37       square.png  ...      Normal     AZ
17          38       circle.png  ...      Normal    NaN
18          39       square.png  ...        Hard     AZ
19          40   CRUSTACEAN.png  ...      Normal    NaN
20          41     pentagon.png  ...      Normal    NaN
21          42         star.png  ...      Normal     AZ
22          43       square.png  ...        Hard    NaN
23          44     pentagon.png  ...      Normal    NaN
24          45  FLAT SHAPES.png  ...      Normal    NaN
25          46         star.png  ...      Normal     AZ
26          47       circle.png  ...      Normal     AZ
27          48      hexagon.png  ...      Normal    NaN
28          49       square.png  ...        Hard     AZ
29          50        HOUSE.png  ...      Normal    NaN
30          51       circle.png  ...      Normal    NaN
31          52     pentagon.png  ...      Normal     AZ
32          53       square.png  ...        Hard    NaN
33          54       square.png  ...      Normal    NaN
34          55        PLANE.png  ...      Normal    NaN
35          56      hexagon.png  ...      Normal     AZ
36          57       square.png  ...      Normal     AZ
37          58       circle.png  ...      Normal    NaN
38          59       square.png  ...        Hard     AZ
39          60       SPIDER.png  ...      Normal    NaN

[40 rows x 10 columns], item_path='level_set/level_set_3/1_0_original_icons/circle.png', item_name='circle.png', alter_item_name='47')
Đang xử lý: 'level_set/level_set_3/1_0_original_icons/circle.png' (Kích thước gốc: (250, 250))
==> Đã lưu vào: 'level_set/level_set_3/1_1_icons/circle.png' (Kích thước mới: (25, 25))
Đã tải ảnh 'level_set/level_set_3/1_1_icons/circle.png' (Kích thước: 25x25)
Sử dụng ngưỡng Alpha: 128
Hoàn thành! Đã lưu board vào 'level_set/level_set_3/1_board_test/47'.
--- Đang tải board từ: level_set/level_set_3/1_board_test/47 ---
Đã tải thành công 489 ô 'editable'.
Tổng số ô có thể vẽ: 489

========================================
--- BẮT ĐẦU VÒNG LẶP (Length = 30) ---
Ô đã chiếm: 0 / Ô còn trống: 489
Đề xuất tạo 16 mũi tên cho vòng lặp này...
Generating ADVANCED level in painted area... (This will be slow)
Trying to generate (adv) arrow 1/16...
Trying to generate (adv) arrow 2/16...
Trying to generate (adv) arrow 3/16...
Trying to generate (adv) arrow 4/16...
Trying to generate (adv) arrow 5/16...
Trying to generate (adv) arrow 6/16...
Trying to generate (adv) arrow 7/16...
Trying to generate (adv) arrow 8/16...
Trying to generate (adv) arrow 9/16...
Trying to generate (adv) arrow 10/16...
Trying to generate (adv) arrow 11/16...
Trying to generate (adv) arrow 12/16...
Trying to generate (adv) arrow 13/16...
Trying to generate (adv) arrow 14/16...
Trying to generate (adv) arrow 15/16...
Trying to generate (adv) arrow 16/16...
Successfully generated 16 arrows!
Kết quả vòng lặp: Successfully generated 16 arrows!
Giảm độ dài từ 30...
Độ dài vòng tiếp theo: 25

========================================
--- BẮT ĐẦU VÒNG LẶP (Length = 25) ---
Ô đã chiếm: 313 / Ô còn trống: 176
Đề xuất tạo 7 mũi tên cho vòng lặp này...
Generating ADVANCED level in painted area... (This will be slow)
Trying to generate (adv) arrow 1/7...
Trying to generate (adv) arrow 2/7...
Trying to generate (adv) arrow 3/7...
Trying to generate (adv) arrow 4/7...
Trying to generate (adv) arrow 5/7...
Trying to generate (adv) arrow 6/7...
Could not find valid arrow 6. Stopping.
Successfully generated 5 arrows!
Kết quả vòng lặp: Successfully generated 5 arrows!
Giảm độ dài từ 25...
Độ dài vòng tiếp theo: 20

========================================
--- BẮT ĐẦU VÒNG LẶP (Length = 20) ---
Ô đã chiếm: 377 / Ô còn trống: 112
Đề xuất tạo 6 mũi tên cho vòng lặp này...
Generating ADVANCED level in painted area... (This will be slow)
Trying to generate (adv) arrow 1/6...
Trying to generate (adv) arrow 2/6...
Trying to generate (adv) arrow 3/6...
Could not find valid arrow 3. Stopping.
Successfully generated 2 arrows!
Kết quả vòng lặp: Successfully generated 2 arrows!
Giảm độ dài từ 20...
Độ dài vòng tiếp theo: 15

========================================
--- BẮT ĐẦU VÒNG LẶP (Length = 15) ---
Ô đã chiếm: 401 / Ô còn trống: 88
Đề xuất tạo 6 mũi tên cho vòng lặp này...
Generating ADVANCED level in painted area... (This will be slow)
Trying to generate (adv) arrow 1/6...
Trying to generate (adv) arrow 2/6...
Trying to generate (adv) arrow 3/6...
Could not find valid arrow 3. Stopping.
Successfully generated 2 arrows!
Kết quả vòng lặp: Successfully generated 2 arrows!
Giảm độ dài từ 15...
Độ dài vòng tiếp theo: 10

========================================
--- BẮT ĐẦU VÒNG LẶP (Length = 10) ---
Ô đã chiếm: 415 / Ô còn trống: 74
Đề xuất tạo 7 mũi tên cho vòng lặp này...
Generating ADVANCED level in painted area... (This will be slow)
Trying to generate (adv) arrow 1/7...
Trying to generate (adv) arrow 2/7...
Trying to generate (adv) arrow 3/7...
Trying to generate (adv) arrow 4/7...
Trying to generate (adv) arrow 5/7...
Trying to generate (adv) arrow 6/7...
Trying to generate (adv) arrow 7/7...
Could not find valid arrow 7. Stopping.
Successfully generated 6 arrows!
Kết quả vòng lặp: Successfully generated 6 arrows!
Giảm độ dài từ 10...
Độ dài vòng tiếp theo: 5

========================================
--- BẮT ĐẦU VÒNG LẶP (Length = 5) ---
Ô đã chiếm: 447 / Ô còn trống: 42
Đề xuất tạo 8 mũi tên cho vòng lặp này...
Generating ADVANCED level in painted area... (This will be slow)
Trying to generate (adv) arrow 1/8...
Trying to generate (adv) arrow 2/8...
Trying to generate (adv) arrow 3/8...
Trying to generate (adv) arrow 4/8...
Trying to generate (adv) arrow 5/8...
Trying to generate (adv) arrow 6/8...
Trying to generate (adv) arrow 7/8...
Trying to generate (adv) arrow 8/8...
Successfully generated 8 arrows!
Kết quả vòng lặp: Successfully generated 8 arrows!
Tiếp tục lặp lại ở độ dài tối thiểu (5)...

========================================
--- BẮT ĐẦU VÒNG LẶP (Length = 5) ---
Ô đã chiếm: 463 / Ô còn trống: 26
Đề xuất tạo 5 mũi tên cho vòng lặp này...
Generating ADVANCED level in painted area... (This will be slow)
Trying to generate (adv) arrow 1/5...
Trying to generate (adv) arrow 2/5...
Trying to generate (adv) arrow 3/5...
Could not find valid arrow 3. Stopping.
Successfully generated 2 arrows!
Kết quả vòng lặp: Successfully generated 2 arrows!
Tiếp tục lặp lại ở độ dài tối thiểu (5)...

========================================
--- BẮT ĐẦU VÒNG LẶP (Length = 5) ---
Ô đã chiếm: 467 / Ô còn trống: 22
Đề xuất tạo 4 mũi tên cho vòng lặp này...
Generating ADVANCED level in painted area... (This will be slow)
Trying to generate (adv) arrow 1/4...
Could not find valid arrow 1. Stopping.
Kết quả vòng lặp: Generation complete, but 0 valid arrows found. Try again.
Không thể tạo thêm mũi tên ở độ dài này.
Đã đạt độ dài tối thiểu và không thể tạo thêm. Dừng.

========================================
--- ĐÃ HOÀN TẤT TẤT CẢ CÁC VÒNG LẶP ---
Tổng cộng đã tạo: 41 mũi tên.
Đã lấp đầy 467 / 489 ô (95.5%)
--- Đang lưu kết quả ra: level_set/level_set_3/2_result_test/47.json ---
Đã lưu thành công level 25x25 với 41 mũi tên.
--- Bản đồ kết quả (ASCII) ---
                           
          .######          
        #>##v##.##>        
      ###############      
     .############>##.     
    <##################    
   #>######.#########.#.   
   ########.##v#########   
  #######v##############.  
  #########>.############  
 .#####>.################# 
 ^###.########v########v## 
 ######################### 
 ############.#v##v#v##### 
 ##########>#^######>##.v# 
 ##############v########## 
 <###########>#######>#>#v 
  #######################  
  ####################>#v  
   ######>##>######^##.#   
   #########.###>.v#####   
    <##########>#>.##^.    
     #>###############     
      .############>.      
        <##########        
          ##<####          
                           
--- Đang render: 47 (25x25) ---
✅ Đã lưu hình ảnh vào: level_set/level_set_3/3_render/47.png
args: Args(level_set_path=PosixPath('level_set/level_set_3'), start_length=20, length_step=5, min_length=5, size=(30, 30), turn_probability=0.5, straight_weight=0.75, left_weight=0.25, right_weight=0.5, max_turns=6, generate_mode='basic', csv_path=PosixPath('level_set/level_set_3/[Data] levels - test dataframe.csv'), csv=    level_name    template_name  ...  difficulty  style
0           21     pentagon.png  ...      Normal    NaN
1           22         star.png  ...      Normal     AZ
2           23       square.png  ...        Hard    NaN
3           24     pentagon.png  ...      Normal    NaN
4           25  AIR BALLOON.png  ...      Normal    NaN
5           26       square.png  ...      Normal     AZ
6           27       circle.png  ...      Normal     AZ
7           28      hexagon.png  ...      Normal    NaN
8           29       square.png  ...        Hard     AZ
9           30         BODY.png  ...      Normal    NaN
10          31       circle.png  ...      Normal    NaN
11          32     pentagon.png  ...      Normal     AZ
12          33       square.png  ...        Hard    NaN
13          34         star.png  ...      Normal    NaN
14          35        CHESS.png  ...      Normal    NaN
15          36      hexagon.png  ...      Normal     AZ
16          37       square.png  ...      Normal     AZ
17          38       circle.png  ...      Normal    NaN
18          39       square.png  ...        Hard     AZ
19          40   CRUSTACEAN.png  ...      Normal    NaN
20          41     pentagon.png  ...      Normal    NaN
21          42         star.png  ...      Normal     AZ
22          43       square.png  ...        Hard    NaN
23          44     pentagon.png  ...      Normal    NaN
24          45  FLAT SHAPES.png  ...      Normal    NaN
25          46         star.png  ...      Normal     AZ
26          47       circle.png  ...      Normal     AZ
27          48      hexagon.png  ...      Normal    NaN
28          49       square.png  ...        Hard     AZ
29          50        HOUSE.png  ...      Normal    NaN
30          51       circle.png  ...      Normal    NaN
31          52     pentagon.png  ...      Normal     AZ
32          53       square.png  ...        Hard    NaN
33          54       square.png  ...      Normal    NaN
34          55        PLANE.png  ...      Normal    NaN
35          56      hexagon.png  ...      Normal     AZ
36          57       square.png  ...      Normal     AZ
37          58       circle.png  ...      Normal    NaN
38          59       square.png  ...        Hard     AZ
39          60       SPIDER.png  ...      Normal    NaN

[40 rows x 10 columns], item_path='level_set/level_set_3/1_0_original_icons/hexagon.png', item_name='hexagon.png', alter_item_name='48')
Đang xử lý: 'level_set/level_set_3/1_0_original_icons/hexagon.png' (Kích thước gốc: (250, 250))
==> Đã lưu vào: 'level_set/level_set_3/1_1_icons/hexagon.png' (Kích thước mới: (30, 30))
Đã tải ảnh 'level_set/level_set_3/1_1_icons/hexagon.png' (Kích thước: 30x30)
Sử dụng ngưỡng Alpha: 128
Hoàn thành! Đã lưu board vào 'level_set/level_set_3/1_board_test/48'.
--- Đang tải board từ: level_set/level_set_3/1_board_test/48 ---
Đã tải thành công 588 ô 'editable'.
Tổng số ô có thể vẽ: 588

========================================
--- BẮT ĐẦU VÒNG LẶP (Length = 20) ---
Ô đã chiếm: 0 / Ô còn trống: 588
Đề xuất tạo 29 mũi tên cho vòng lặp này...
Generating level in painted area... (This will be slow)
Trying to generate arrow 1/29...
Trying to generate arrow 2/29...
Trying to generate arrow 3/29...
Trying to generate arrow 4/29...
Trying to generate arrow 5/29...
Trying to generate arrow 6/29...
Trying to generate arrow 7/29...
Trying to generate arrow 8/29...
Trying to generate arrow 9/29...
Trying to generate arrow 10/29...
Trying to generate arrow 11/29...
Trying to generate arrow 12/29...
Trying to generate arrow 13/29...
Trying to generate arrow 14/29...
Trying to generate arrow 15/29...
Trying to generate arrow 16/29...
Trying to generate arrow 17/29...
Trying to generate arrow 18/29...
Trying to generate arrow 19/29...
Trying to generate arrow 20/29...
Trying to generate arrow 21/29...
Trying to generate arrow 22/29...
Trying to generate arrow 23/29...
Trying to generate arrow 24/29...
Trying to generate arrow 25/29...
Trying to generate arrow 26/29...
Trying to generate arrow 27/29...
Trying to generate arrow 28/29...
Trying to generate arrow 29/29...
Successfully generated 29 arrows!
Kết quả vòng lặp: Successfully generated 29 arrows!
Giảm độ dài từ 20...
Độ dài vòng tiếp theo: 15

========================================
--- BẮT ĐẦU VÒNG LẶP (Length = 15) ---
Ô đã chiếm: 467 / Ô còn trống: 121
Đề xuất tạo 8 mũi tên cho vòng lặp này...
Generating level in painted area... (This will be slow)
Trying to generate arrow 1/8...
Trying to generate arrow 2/8...
Trying to generate arrow 3/8...
Trying to generate arrow 4/8...
Trying to generate arrow 5/8...
Trying to generate arrow 6/8...
Trying to generate arrow 7/8...
Could not find valid arrow 7. Stopping.
Successfully generated 6 arrows!
Kết quả vòng lặp: Successfully generated 6 arrows!
Giảm độ dài từ 15...
Độ dài vòng tiếp theo: 10

========================================
--- BẮT ĐẦU VÒNG LẶP (Length = 10) ---
Ô đã chiếm: 512 / Ô còn trống: 76
Đề xuất tạo 8 mũi tên cho vòng lặp này...
Generating level in painted area... (This will be slow)
Trying to generate arrow 1/8...
Trying to generate arrow 2/8...
Trying to generate arrow 3/8...
Could not find valid arrow 3. Stopping.
Successfully generated 2 arrows!
Kết quả vòng lặp: Successfully generated 2 arrows!
Giảm độ dài từ 10...
Độ dài vòng tiếp theo: 5

========================================
--- BẮT ĐẦU VÒNG LẶP (Length = 5) ---
Ô đã chiếm: 522 / Ô còn trống: 66
Đề xuất tạo 13 mũi tên cho vòng lặp này...
Generating level in painted area... (This will be slow)
Trying to generate arrow 1/13...
Trying to generate arrow 2/13...
Trying to generate arrow 3/13...
Trying to generate arrow 4/13...
Trying to generate arrow 5/13...
Trying to generate arrow 6/13...
Trying to generate arrow 7/13...
Trying to generate arrow 8/13...
Trying to generate arrow 9/13...
Trying to generate arrow 10/13...
Trying to generate arrow 11/13...
Trying to generate arrow 12/13...
Trying to generate arrow 13/13...
Successfully generated 13 arrows!
Kết quả vòng lặp: Successfully generated 13 arrows!
Tiếp tục lặp lại ở độ dài tối thiểu (5)...

========================================
--- BẮT ĐẦU VÒNG LẶP (Length = 5) ---
Ô đã chiếm: 549 / Ô còn trống: 39
Đề xuất tạo 8 mũi tên cho vòng lặp này...
Generating level in painted area... (This will be slow)
Trying to generate arrow 1/8...
Trying to generate arrow 2/8...
Trying to generate arrow 3/8...
Trying to generate arrow 4/8...
Trying to generate arrow 5/8...
Trying to generate arrow 6/8...
Trying to generate arrow 7/8...
Could not find valid arrow 7. Stopping.
Successfully generated 6 arrows!
Kết quả vòng lặp: Successfully generated 6 arrows!
Tiếp tục lặp lại ở độ dài tối thiểu (5)...

========================================
--- BẮT ĐẦU VÒNG LẶP (Length = 5) ---
Ô đã chiếm: 564 / Ô còn trống: 24
Đề xuất tạo 5 mũi tên cho vòng lặp này...
Generating level in painted area... (This will be slow)
Trying to generate arrow 1/5...
Could not find valid arrow 1. Stopping.
Kết quả vòng lặp: Generation complete, but 0 valid arrows found. Try again.
Không thể tạo thêm mũi tên ở độ dài này.
Đã đạt độ dài tối thiểu và không thể tạo thêm. Dừng.

========================================
--- ĐÃ HOÀN TẤT TẤT CẢ CÁC VÒNG LẶP ---
Tổng cộng đã tạo: 56 mũi tên.
Đã lấp đầy 564 / 588 ô (95.9%)
--- Đang lưu kết quả ra: level_set/level_set_3/2_result_test/48.json ---
Đã lưu thành công level 30x26 với 56 mũi tên.
--- Bản đồ kết quả (ASCII) ---
                                
        ##########>#####        
        #####>####>#####        
       ###############>#>       
      ^v.##>.#############      
      ########.######v#^##      
     <##.#####^######.#####     
     ######################     
    .######^##.###>#########    
    ##<#####v##########^####    
   ##v##########^############   
  #####v#############>#####>#^  
  ###v#####.#.##.########>####  
 ##########^######<####.####### 
 #######^#########^#######<#### 
  ###.#####<#<########^#####.#  
  #####.<#<###################  
   v#################.<######   
    #.<#####################    
    #######^####>#>###.###>v    
     <###########>####>####     
     .##<##.#######.#######     
      ####################      
      ##^#####.<#######v^.      
       v##########.######       
        ######<###^#####        
        #####v.<########        
                                
--- Đang render: 48 (30x26) ---
✅ Đã lưu hình ảnh vào: level_set/level_set_3/3_render/48.png
args: Args(level_set_path=PosixPath('level_set/level_set_3'), start_length=20, length_step=5, min_length=5, size=(20, 30), turn_probability=0.5, straight_weight=0.75, left_weight=0.25, right_weight=0.5, max_turns=6, generate_mode='advance', csv_path=PosixPath('level_set/level_set_3/[Data] levels - test dataframe.csv'), csv=    level_name    template_name  ...  difficulty  style
0           21     pentagon.png  ...      Normal    NaN
1           22         star.png  ...      Normal     AZ
2           23       square.png  ...        Hard    NaN
3           24     pentagon.png  ...      Normal    NaN
4           25  AIR BALLOON.png  ...      Normal    NaN
5           26       square.png  ...      Normal     AZ
6           27       circle.png  ...      Normal     AZ
7           28      hexagon.png  ...      Normal    NaN
8           29       square.png  ...        Hard     AZ
9           30         BODY.png  ...      Normal    NaN
10          31       circle.png  ...      Normal    NaN
11          32     pentagon.png  ...      Normal     AZ
12          33       square.png  ...        Hard    NaN
13          34         star.png  ...      Normal    NaN
14          35        CHESS.png  ...      Normal    NaN
15          36      hexagon.png  ...      Normal     AZ
16          37       square.png  ...      Normal     AZ
17          38       circle.png  ...      Normal    NaN
18          39       square.png  ...        Hard     AZ
19          40   CRUSTACEAN.png  ...      Normal    NaN
20          41     pentagon.png  ...      Normal    NaN
21          42         star.png  ...      Normal     AZ
22          43       square.png  ...        Hard    NaN
23          44     pentagon.png  ...      Normal    NaN
24          45  FLAT SHAPES.png  ...      Normal    NaN
25          46         star.png  ...      Normal     AZ
26          47       circle.png  ...      Normal     AZ
27          48      hexagon.png  ...      Normal    NaN
28          49       square.png  ...        Hard     AZ
29          50        HOUSE.png  ...      Normal    NaN
30          51       circle.png  ...      Normal    NaN
31          52     pentagon.png  ...      Normal     AZ
32          53       square.png  ...        Hard    NaN
33          54       square.png  ...      Normal    NaN
34          55        PLANE.png  ...      Normal    NaN
35          56      hexagon.png  ...      Normal     AZ
36          57       square.png  ...      Normal     AZ
37          58       circle.png  ...      Normal    NaN
38          59       square.png  ...        Hard     AZ
39          60       SPIDER.png  ...      Normal    NaN

[40 rows x 10 columns], item_path='level_set/level_set_3/1_0_original_icons/square.png', item_name='square.png', alter_item_name='49')
Đang xử lý: 'level_set/level_set_3/1_0_original_icons/square.png' (Kích thước gốc: (250, 250))
==> Đã lưu vào: 'level_set/level_set_3/1_1_icons/square.png' (Kích thước mới: (20, 30))
Đã tải ảnh 'level_set/level_set_3/1_1_icons/square.png' (Kích thước: 20x30)
Sử dụng ngưỡng Alpha: 128
Hoàn thành! Đã lưu board vào 'level_set/level_set_3/1_board_test/49'.
--- Đang tải board từ: level_set/level_set_3/1_board_test/49 ---
Đã tải thành công 600 ô 'editable'.
Tổng số ô có thể vẽ: 600

========================================
--- BẮT ĐẦU VÒNG LẶP (Length = 20) ---
Ô đã chiếm: 0 / Ô còn trống: 600
Đề xuất tạo 30 mũi tên cho vòng lặp này...
Generating ADVANCED level in painted area... (This will be slow)
Trying to generate (adv) arrow 1/30...
Trying to generate (adv) arrow 2/30...
Trying to generate (adv) arrow 3/30...
Trying to generate (adv) arrow 4/30...
Trying to generate (adv) arrow 5/30...
Trying to generate (adv) arrow 6/30...
Trying to generate (adv) arrow 7/30...
Trying to generate (adv) arrow 8/30...
Trying to generate (adv) arrow 9/30...
Trying to generate (adv) arrow 10/30...
Trying to generate (adv) arrow 11/30...
Trying to generate (adv) arrow 12/30...
Trying to generate (adv) arrow 13/30...
Trying to generate (adv) arrow 14/30...
Trying to generate (adv) arrow 15/30...
Trying to generate (adv) arrow 16/30...
Trying to generate (adv) arrow 17/30...
Trying to generate (adv) arrow 18/30...
Trying to generate (adv) arrow 19/30...
Trying to generate (adv) arrow 20/30...
Trying to generate (adv) arrow 21/30...
Trying to generate (adv) arrow 22/30...
Trying to generate (adv) arrow 23/30...
Trying to generate (adv) arrow 24/30...
Trying to generate (adv) arrow 25/30...
Trying to generate (adv) arrow 26/30...
Trying to generate (adv) arrow 27/30...
Trying to generate (adv) arrow 28/30...
Trying to generate (adv) arrow 29/30...
Trying to generate (adv) arrow 30/30...
Successfully generated 30 arrows!
Kết quả vòng lặp: Successfully generated 30 arrows!
Giảm độ dài từ 20...
Độ dài vòng tiếp theo: 15

========================================
--- BẮT ĐẦU VÒNG LẶP (Length = 15) ---
Ô đã chiếm: 469 / Ô còn trống: 131
Đề xuất tạo 9 mũi tên cho vòng lặp này...
Generating ADVANCED level in painted area... (This will be slow)
Trying to generate (adv) arrow 1/9...
Trying to generate (adv) arrow 2/9...
Trying to generate (adv) arrow 3/9...
Trying to generate (adv) arrow 4/9...
Trying to generate (adv) arrow 5/9...
Trying to generate (adv) arrow 6/9...
Trying to generate (adv) arrow 7/9...
Could not find valid arrow 7. Stopping.
Successfully generated 6 arrows!
Kết quả vòng lặp: Successfully generated 6 arrows!
Giảm độ dài từ 15...
Độ dài vòng tiếp theo: 10

========================================
--- BẮT ĐẦU VÒNG LẶP (Length = 10) ---
Ô đã chiếm: 525 / Ô còn trống: 75
Đề xuất tạo 8 mũi tên cho vòng lặp này...
Generating ADVANCED level in painted area... (This will be slow)
Trying to generate (adv) arrow 1/8...
Trying to generate (adv) arrow 2/8...
Trying to generate (adv) arrow 3/8...
Could not find valid arrow 3. Stopping.
Successfully generated 2 arrows!
Kết quả vòng lặp: Successfully generated 2 arrows!
Giảm độ dài từ 10...
Độ dài vòng tiếp theo: 5

========================================
--- BẮT ĐẦU VÒNG LẶP (Length = 5) ---
Ô đã chiếm: 536 / Ô còn trống: 64
Đề xuất tạo 13 mũi tên cho vòng lặp này...
Generating ADVANCED level in painted area... (This will be slow)
Trying to generate (adv) arrow 1/13...
Trying to generate (adv) arrow 2/13...
Trying to generate (adv) arrow 3/13...
Trying to generate (adv) arrow 4/13...
Trying to generate (adv) arrow 5/13...
Trying to generate (adv) arrow 6/13...
Trying to generate (adv) arrow 7/13...
Trying to generate (adv) arrow 8/13...
Trying to generate (adv) arrow 9/13...
Trying to generate (adv) arrow 10/13...
Trying to generate (adv) arrow 11/13...
Trying to generate (adv) arrow 12/13...
Trying to generate (adv) arrow 13/13...
Successfully generated 13 arrows!
Kết quả vòng lặp: Successfully generated 13 arrows!
Tiếp tục lặp lại ở độ dài tối thiểu (5)...

========================================
--- BẮT ĐẦU VÒNG LẶP (Length = 5) ---
Ô đã chiếm: 565 / Ô còn trống: 35
Đề xuất tạo 7 mũi tên cho vòng lặp này...
Generating ADVANCED level in painted area... (This will be slow)
Trying to generate (adv) arrow 1/7...
Trying to generate (adv) arrow 2/7...
Trying to generate (adv) arrow 3/7...
Trying to generate (adv) arrow 4/7...
Trying to generate (adv) arrow 5/7...
Trying to generate (adv) arrow 6/7...
Trying to generate (adv) arrow 7/7...
Successfully generated 7 arrows!
Kết quả vòng lặp: Successfully generated 7 arrows!
Tiếp tục lặp lại ở độ dài tối thiểu (5)...

========================================
--- BẮT ĐẦU VÒNG LẶP (Length = 5) ---
Ô đã chiếm: 580 / Ô còn trống: 20
Đề xuất tạo 4 mũi tên cho vòng lặp này...
Generating ADVANCED level in painted area... (This will be slow)
Trying to generate (adv) arrow 1/4...
Could not find valid arrow 1. Stopping.
Kết quả vòng lặp: Generation complete, but 0 valid arrows found. Try again.
Không thể tạo thêm mũi tên ở độ dài này.
Đã đạt độ dài tối thiểu và không thể tạo thêm. Dừng.

========================================
--- ĐÃ HOÀN TẤT TẤT CẢ CÁC VÒNG LẶP ---
Tổng cộng đã tạo: 58 mũi tên.
Đã lấp đầy 580 / 600 ô (96.7%)
--- Đang lưu kết quả ra: level_set/level_set_3/2_result_test/49.json ---
Đã lưu thành công level 20x30 với 58 mũi tên.
--- Bản đồ kết quả (ASCII) ---
                      
 .^###<#######<###### 
 ^####.<##^###^###### 
 ####.^#>###########> 
 ###################. 
 ################^##^ 
 ###########<######## 
 #^################## 
 ########.^<#######^# 
 ##########.^######## 
 ##########^###>##### 
 #######^#v########## 
 #v<##^#######..<#### 
 #############^^^#### 
 ###^##############.# 
 ##########^#######^# 
 #################### 
 #<################## 
 #####>###.########## 
 #############.v##### 
 ######>####v######## 
 #<#<####.##<######## 
 #################### 
 #################.## 
 #####v.^####>####### 
 v##########<####<#<# 
 ####.######<######## 
 vvv#####.########### 
 <########v#######<## 
 ##v.####>.#####.#>.# 
 #############v###### 
                      
--- Đang render: 49 (20x30) ---
✅ Đã lưu hình ảnh vào: level_set/level_set_3/3_render/49.png
args: Args(level_set_path=PosixPath('level_set/level_set_3'), start_length=20, length_step=5, min_length=5, size=(30, 30), turn_probability=0.5, straight_weight=0.75, left_weight=0.25, right_weight=0.5, max_turns=6, generate_mode='basic', csv_path=PosixPath('level_set/level_set_3/[Data] levels - test dataframe.csv'), csv=    level_name    template_name  ...  difficulty  style
0           21     pentagon.png  ...      Normal    NaN
1           22         star.png  ...      Normal     AZ
2           23       square.png  ...        Hard    NaN
3           24     pentagon.png  ...      Normal    NaN
4           25  AIR BALLOON.png  ...      Normal    NaN
5           26       square.png  ...      Normal     AZ
6           27       circle.png  ...      Normal     AZ
7           28      hexagon.png  ...      Normal    NaN
8           29       square.png  ...        Hard     AZ
9           30         BODY.png  ...      Normal    NaN
10          31       circle.png  ...      Normal    NaN
11          32     pentagon.png  ...      Normal     AZ
12          33       square.png  ...        Hard    NaN
13          34         star.png  ...      Normal    NaN
14          35        CHESS.png  ...      Normal    NaN
15          36      hexagon.png  ...      Normal     AZ
16          37       square.png  ...      Normal     AZ
17          38       circle.png  ...      Normal    NaN
18          39       square.png  ...        Hard     AZ
19          40   CRUSTACEAN.png  ...      Normal    NaN
20          41     pentagon.png  ...      Normal    NaN
21          42         star.png  ...      Normal     AZ
22          43       square.png  ...        Hard    NaN
23          44     pentagon.png  ...      Normal    NaN
24          45  FLAT SHAPES.png  ...      Normal    NaN
25          46         star.png  ...      Normal     AZ
26          47       circle.png  ...      Normal     AZ
27          48      hexagon.png  ...      Normal    NaN
28          49       square.png  ...        Hard     AZ
29          50        HOUSE.png  ...      Normal    NaN
30          51       circle.png  ...      Normal    NaN
31          52     pentagon.png  ...      Normal     AZ
32          53       square.png  ...        Hard    NaN
33          54       square.png  ...      Normal    NaN
34          55        PLANE.png  ...      Normal    NaN
35          56      hexagon.png  ...      Normal     AZ
36          57       square.png  ...      Normal     AZ
37          58       circle.png  ...      Normal    NaN
38          59       square.png  ...        Hard     AZ
39          60       SPIDER.png  ...      Normal    NaN

[40 rows x 10 columns], item_path='level_set/level_set_3/1_0_original_icons/HOUSE.png', item_name='HOUSE.png', alter_item_name='50')
Đang xử lý: 'level_set/level_set_3/1_0_original_icons/HOUSE.png' (Kích thước gốc: (241, 219))
==> Đã lưu vào: 'level_set/level_set_3/1_1_icons/HOUSE.png' (Kích thước mới: (30, 30))
Đã tải ảnh 'level_set/level_set_3/1_1_icons/HOUSE.png' (Kích thước: 30x30)
Sử dụng ngưỡng Alpha: 128
Hoàn thành! Đã lưu board vào 'level_set/level_set_3/1_board_test/50'.
--- Đang tải board từ: level_set/level_set_3/1_board_test/50 ---
Đã tải thành công 406 ô 'editable'.
Tổng số ô có thể vẽ: 406

========================================
--- BẮT ĐẦU VÒNG LẶP (Length = 20) ---
Ô đã chiếm: 0 / Ô còn trống: 406
Đề xuất tạo 20 mũi tên cho vòng lặp này...
Generating level in painted area... (This will be slow)
Trying to generate arrow 1/20...
Trying to generate arrow 2/20...
Trying to generate arrow 3/20...
Trying to generate arrow 4/20...
Trying to generate arrow 5/20...
Trying to generate arrow 6/20...
Trying to generate arrow 7/20...
Trying to generate arrow 8/20...
Trying to generate arrow 9/20...
Trying to generate arrow 10/20...
Trying to generate arrow 11/20...
Trying to generate arrow 12/20...
Trying to generate arrow 13/20...
Trying to generate arrow 14/20...
Trying to generate arrow 15/20...
Trying to generate arrow 16/20...
Trying to generate arrow 17/20...
Trying to generate arrow 18/20...
Trying to generate arrow 19/20...
Trying to generate arrow 20/20...
Successfully generated 20 arrows!
Kết quả vòng lặp: Successfully generated 20 arrows!
Giảm độ dài từ 20...
Độ dài vòng tiếp theo: 15

========================================
--- BẮT ĐẦU VÒNG LẶP (Length = 15) ---
Ô đã chiếm: 288 / Ô còn trống: 118
Đề xuất tạo 8 mũi tên cho vòng lặp này...
Generating level in painted area... (This will be slow)
Trying to generate arrow 1/8...
Trying to generate arrow 2/8...
Trying to generate arrow 3/8...
Trying to generate arrow 4/8...
Trying to generate arrow 5/8...
Trying to generate arrow 6/8...
Could not find valid arrow 6. Stopping.
Successfully generated 5 arrows!
Kết quả vòng lặp: Successfully generated 5 arrows!
Giảm độ dài từ 15...
Độ dài vòng tiếp theo: 10

========================================
--- BẮT ĐẦU VÒNG LẶP (Length = 10) ---
Ô đã chiếm: 325 / Ô còn trống: 81
Đề xuất tạo 8 mũi tên cho vòng lặp này...
Generating level in painted area... (This will be slow)
Trying to generate arrow 1/8...
Trying to generate arrow 2/8...
Trying to generate arrow 3/8...
Trying to generate arrow 4/8...
Could not find valid arrow 4. Stopping.
Successfully generated 3 arrows!
Kết quả vòng lặp: Successfully generated 3 arrows!
Giảm độ dài từ 10...
Độ dài vòng tiếp theo: 5

========================================
--- BẮT ĐẦU VÒNG LẶP (Length = 5) ---
Ô đã chiếm: 340 / Ô còn trống: 66
Đề xuất tạo 13 mũi tên cho vòng lặp này...
Generating level in painted area... (This will be slow)
Trying to generate arrow 1/13...
Trying to generate arrow 2/13...
Trying to generate arrow 3/13...
Trying to generate arrow 4/13...
Trying to generate arrow 5/13...
Trying to generate arrow 6/13...
Trying to generate arrow 7/13...
Trying to generate arrow 8/13...
Trying to generate arrow 9/13...
Trying to generate arrow 10/13...
Trying to generate arrow 11/13...
Trying to generate arrow 12/13...
Trying to generate arrow 13/13...
Successfully generated 13 arrows!
Kết quả vòng lặp: Successfully generated 13 arrows!
Tiếp tục lặp lại ở độ dài tối thiểu (5)...

========================================
--- BẮT ĐẦU VÒNG LẶP (Length = 5) ---
Ô đã chiếm: 369 / Ô còn trống: 37
Đề xuất tạo 7 mũi tên cho vòng lặp này...
Generating level in painted area... (This will be slow)
Trying to generate arrow 1/7...
Trying to generate arrow 2/7...
Trying to generate arrow 3/7...
Trying to generate arrow 4/7...
Trying to generate arrow 5/7...
Could not find valid arrow 5. Stopping.
Successfully generated 4 arrows!
Kết quả vòng lặp: Successfully generated 4 arrows!
Tiếp tục lặp lại ở độ dài tối thiểu (5)...

========================================
--- BẮT ĐẦU VÒNG LẶP (Length = 5) ---
Ô đã chiếm: 379 / Ô còn trống: 27
Đề xuất tạo 5 mũi tên cho vòng lặp này...
Generating level in painted area... (This will be slow)
Trying to generate arrow 1/5...
Could not find valid arrow 1. Stopping.
Kết quả vòng lặp: Generation complete, but 0 valid arrows found. Try again.
Không thể tạo thêm mũi tên ở độ dài này.
Đã đạt độ dài tối thiểu và không thể tạo thêm. Dừng.

========================================
--- ĐÃ HOÀN TẤT TẤT CẢ CÁC VÒNG LẶP ---
Tổng cộng đã tạo: 45 mũi tên.
Đã lấp đầy 379 / 406 ô (93.3%)
--- Đang lưu kết quả ra: level_set/level_set_3/2_result_test/50.json ---
Đã lưu thành công level 29x28 với 45 mũi tên.
--- Bản đồ kết quả (ASCII) ---
                               
             ####              
            ####v.    <#       
           ########   .#       
          <#########  ^#       
         ####.  .###  ##       
        ####.    v###^##       
       ####v      #####^       
      #v.##        #####       
     ^###.   ####   ####       
    ##<##    #####   .##.      
   .<#^.    #######   ####     
  ^####    ##.v####    .##.    
  ####    ########>.    ###.   
 ####    ^#######<###    .###  
 ###    .######<#.###.    <##> 
  .    <###<###########    #>  
      ###########<#####.       
     ^############>.#####      
     ####<###v###########      
     #############>###v##      
     v####>#      #######      
     #######      #######      
     v######      ######^      
     .######      <######      
     #######      #######      
     #<#<###      ###^###      
     #.#####      #<#####      
     #>v.##v      ####>.v      
                               
--- Đang render: 50 (29x28) ---
✅ Đã lưu hình ảnh vào: level_set/level_set_3/3_render/50.png
args: Args(level_set_path=PosixPath('level_set/level_set_3'), start_length=25, length_step=5, min_length=5, size=(25, 25), turn_probability=0.5, straight_weight=0.75, left_weight=0.25, right_weight=0.5, max_turns=6, generate_mode='basic', csv_path=PosixPath('level_set/level_set_3/[Data] levels - test dataframe.csv'), csv=    level_name    template_name  ...  difficulty  style
0           21     pentagon.png  ...      Normal    NaN
1           22         star.png  ...      Normal     AZ
2           23       square.png  ...        Hard    NaN
3           24     pentagon.png  ...      Normal    NaN
4           25  AIR BALLOON.png  ...      Normal    NaN
5           26       square.png  ...      Normal     AZ
6           27       circle.png  ...      Normal     AZ
7           28      hexagon.png  ...      Normal    NaN
8           29       square.png  ...        Hard     AZ
9           30         BODY.png  ...      Normal    NaN
10          31       circle.png  ...      Normal    NaN
11          32     pentagon.png  ...      Normal     AZ
12          33       square.png  ...        Hard    NaN
13          34         star.png  ...      Normal    NaN
14          35        CHESS.png  ...      Normal    NaN
15          36      hexagon.png  ...      Normal     AZ
16          37       square.png  ...      Normal     AZ
17          38       circle.png  ...      Normal    NaN
18          39       square.png  ...        Hard     AZ
19          40   CRUSTACEAN.png  ...      Normal    NaN
20          41     pentagon.png  ...      Normal    NaN
21          42         star.png  ...      Normal     AZ
22          43       square.png  ...        Hard    NaN
23          44     pentagon.png  ...      Normal    NaN
24          45  FLAT SHAPES.png  ...      Normal    NaN
25          46         star.png  ...      Normal     AZ
26          47       circle.png  ...      Normal     AZ
27          48      hexagon.png  ...      Normal    NaN
28          49       square.png  ...        Hard     AZ
29          50        HOUSE.png  ...      Normal    NaN
30          51       circle.png  ...      Normal    NaN
31          52     pentagon.png  ...      Normal     AZ
32          53       square.png  ...        Hard    NaN
33          54       square.png  ...      Normal    NaN
34          55        PLANE.png  ...      Normal    NaN
35          56      hexagon.png  ...      Normal     AZ
36          57       square.png  ...      Normal     AZ
37          58       circle.png  ...      Normal    NaN
38          59       square.png  ...        Hard     AZ
39          60       SPIDER.png  ...      Normal    NaN

[40 rows x 10 columns], item_path='level_set/level_set_3/1_0_original_icons/circle.png', item_name='circle.png', alter_item_name='51')
Đang xử lý: 'level_set/level_set_3/1_0_original_icons/circle.png' (Kích thước gốc: (250, 250))
==> Đã lưu vào: 'level_set/level_set_3/1_1_icons/circle.png' (Kích thước mới: (25, 25))
Đã tải ảnh 'level_set/level_set_3/1_1_icons/circle.png' (Kích thước: 25x25)
Sử dụng ngưỡng Alpha: 128
Hoàn thành! Đã lưu board vào 'level_set/level_set_3/1_board_test/51'.
--- Đang tải board từ: level_set/level_set_3/1_board_test/51 ---
Đã tải thành công 489 ô 'editable'.
Tổng số ô có thể vẽ: 489

========================================
--- BẮT ĐẦU VÒNG LẶP (Length = 25) ---
Ô đã chiếm: 0 / Ô còn trống: 489
Đề xuất tạo 20 mũi tên cho vòng lặp này...
Generating level in painted area... (This will be slow)
Trying to generate arrow 1/20...
Trying to generate arrow 2/20...
Trying to generate arrow 3/20...
Trying to generate arrow 4/20...
Trying to generate arrow 5/20...
Trying to generate arrow 6/20...
Trying to generate arrow 7/20...
Trying to generate arrow 8/20...
Trying to generate arrow 9/20...
Trying to generate arrow 10/20...
Trying to generate arrow 11/20...
Trying to generate arrow 12/20...
Trying to generate arrow 13/20...
Trying to generate arrow 14/20...
Trying to generate arrow 15/20...
Trying to generate arrow 16/20...
Trying to generate arrow 17/20...
Trying to generate arrow 18/20...
Trying to generate arrow 19/20...
Trying to generate arrow 20/20...
Could not find valid arrow 20. Stopping.
Successfully generated 19 arrows!
Kết quả vòng lặp: Successfully generated 19 arrows!
Giảm độ dài từ 25...
Độ dài vòng tiếp theo: 20

========================================
--- BẮT ĐẦU VÒNG LẶP (Length = 20) ---
Ô đã chiếm: 359 / Ô còn trống: 130
Đề xuất tạo 6 mũi tên cho vòng lặp này...
Generating level in painted area... (This will be slow)
Trying to generate arrow 1/6...
Trying to generate arrow 2/6...
Trying to generate arrow 3/6...
Trying to generate arrow 4/6...
Could not find valid arrow 4. Stopping.
Successfully generated 3 arrows!
Kết quả vòng lặp: Successfully generated 3 arrows!
Giảm độ dài từ 20...
Độ dài vòng tiếp theo: 15

========================================
--- BẮT ĐẦU VÒNG LẶP (Length = 15) ---
Ô đã chiếm: 389 / Ô còn trống: 100
Đề xuất tạo 7 mũi tên cho vòng lặp này...
Generating level in painted area... (This will be slow)
Trying to generate arrow 1/7...
Trying to generate arrow 2/7...
Trying to generate arrow 3/7...
Trying to generate arrow 4/7...
Could not find valid arrow 4. Stopping.
Successfully generated 3 arrows!
Kết quả vòng lặp: Successfully generated 3 arrows!
Giảm độ dài từ 15...
Độ dài vòng tiếp theo: 10

========================================
--- BẮT ĐẦU VÒNG LẶP (Length = 10) ---
Ô đã chiếm: 411 / Ô còn trống: 78
Đề xuất tạo 8 mũi tên cho vòng lặp này...
Generating level in painted area... (This will be slow)
Trying to generate arrow 1/8...
Trying to generate arrow 2/8...
Trying to generate arrow 3/8...
Trying to generate arrow 4/8...
Trying to generate arrow 5/8...
Could not find valid arrow 5. Stopping.
Successfully generated 4 arrows!
Kết quả vòng lặp: Successfully generated 4 arrows!
Giảm độ dài từ 10...
Độ dài vòng tiếp theo: 5

========================================
--- BẮT ĐẦU VÒNG LẶP (Length = 5) ---
Ô đã chiếm: 432 / Ô còn trống: 57
Đề xuất tạo 11 mũi tên cho vòng lặp này...
Generating level in painted area... (This will be slow)
Trying to generate arrow 1/11...
Trying to generate arrow 2/11...
Trying to generate arrow 3/11...
Trying to generate arrow 4/11...
Trying to generate arrow 5/11...
Trying to generate arrow 6/11...
Trying to generate arrow 7/11...
Trying to generate arrow 8/11...
Trying to generate arrow 9/11...
Trying to generate arrow 10/11...
Trying to generate arrow 11/11...
Successfully generated 11 arrows!
Kết quả vòng lặp: Successfully generated 11 arrows!
Tiếp tục lặp lại ở độ dài tối thiểu (5)...

========================================
--- BẮT ĐẦU VÒNG LẶP (Length = 5) ---
Ô đã chiếm: 455 / Ô còn trống: 34
Đề xuất tạo 7 mũi tên cho vòng lặp này...
Generating level in painted area... (This will be slow)
Trying to generate arrow 1/7...
Trying to generate arrow 2/7...
Trying to generate arrow 3/7...
Trying to generate arrow 4/7...
Trying to generate arrow 5/7...
Trying to generate arrow 6/7...
Trying to generate arrow 7/7...
Could not find valid arrow 7. Stopping.
Successfully generated 6 arrows!
Kết quả vòng lặp: Successfully generated 6 arrows!
Tiếp tục lặp lại ở độ dài tối thiểu (5)...

========================================
--- BẮT ĐẦU VÒNG LẶP (Length = 5) ---
Ô đã chiếm: 469 / Ô còn trống: 20
Đề xuất tạo 4 mũi tên cho vòng lặp này...
Generating level in painted area... (This will be slow)
Trying to generate arrow 1/4...
Could not find valid arrow 1. Stopping.
Kết quả vòng lặp: Generation complete, but 0 valid arrows found. Try again.
Không thể tạo thêm mũi tên ở độ dài này.
Đã đạt độ dài tối thiểu và không thể tạo thêm. Dừng.

========================================
--- ĐÃ HOÀN TẤT TẤT CẢ CÁC VÒNG LẶP ---
Tổng cộng đã tạo: 46 mũi tên.
Đã lấp đầy 469 / 489 ô (95.9%)
--- Đang lưu kết quả ra: level_set/level_set_3/2_result_test/51.json ---
Đã lưu thành công level 25x25 với 46 mũi tên.
--- Bản đồ kết quả (ASCII) ---
                           
          .<###>.          
        ########>##        
      .#############>      
     ##v###v<####.####     
    ##############^####    
   #############.####.##   
   ###<#############.<##   
  ######.##v#########.^##  
  v###v##################  
 ^#############v#########^ 
 #v###################>.## 
 ########v#############^## 
 ###.##vv################v 
 #####.#################v. 
 ##########>##v########### 
 ####################>#### 
  #v############v##.#####  
  ########.#######^######  
   ##<##.######.####<###   
   v########<#v<######^v   
    v#########<########    
     v#<######.######.     
      <##############      
        ###########        
          <###.<#          
                           
--- Đang render: 51 (25x25) ---
✅ Đã lưu hình ảnh vào: level_set/level_set_3/3_render/51.png
args: Args(level_set_path=PosixPath('level_set/level_set_3'), start_length=35, length_step=5, min_length=5, size=(30, 30), turn_probability=0.5, straight_weight=0.75, left_weight=0.25, right_weight=0.5, max_turns=6, generate_mode='advance', csv_path=PosixPath('level_set/level_set_3/[Data] levels - test dataframe.csv'), csv=    level_name    template_name  ...  difficulty  style
0           21     pentagon.png  ...      Normal    NaN
1           22         star.png  ...      Normal     AZ
2           23       square.png  ...        Hard    NaN
3           24     pentagon.png  ...      Normal    NaN
4           25  AIR BALLOON.png  ...      Normal    NaN
5           26       square.png  ...      Normal     AZ
6           27       circle.png  ...      Normal     AZ
7           28      hexagon.png  ...      Normal    NaN
8           29       square.png  ...        Hard     AZ
9           30         BODY.png  ...      Normal    NaN
10          31       circle.png  ...      Normal    NaN
11          32     pentagon.png  ...      Normal     AZ
12          33       square.png  ...        Hard    NaN
13          34         star.png  ...      Normal    NaN
14          35        CHESS.png  ...      Normal    NaN
15          36      hexagon.png  ...      Normal     AZ
16          37       square.png  ...      Normal     AZ
17          38       circle.png  ...      Normal    NaN
18          39       square.png  ...        Hard     AZ
19          40   CRUSTACEAN.png  ...      Normal    NaN
20          41     pentagon.png  ...      Normal    NaN
21          42         star.png  ...      Normal     AZ
22          43       square.png  ...        Hard    NaN
23          44     pentagon.png  ...      Normal    NaN
24          45  FLAT SHAPES.png  ...      Normal    NaN
25          46         star.png  ...      Normal     AZ
26          47       circle.png  ...      Normal     AZ
27          48      hexagon.png  ...      Normal    NaN
28          49       square.png  ...        Hard     AZ
29          50        HOUSE.png  ...      Normal    NaN
30          51       circle.png  ...      Normal    NaN
31          52     pentagon.png  ...      Normal     AZ
32          53       square.png  ...        Hard    NaN
33          54       square.png  ...      Normal    NaN
34          55        PLANE.png  ...      Normal    NaN
35          56      hexagon.png  ...      Normal     AZ
36          57       square.png  ...      Normal     AZ
37          58       circle.png  ...      Normal    NaN
38          59       square.png  ...        Hard     AZ
39          60       SPIDER.png  ...      Normal    NaN

[40 rows x 10 columns], item_path='level_set/level_set_3/1_0_original_icons/pentagon.png', item_name='pentagon.png', alter_item_name='52')
Đang xử lý: 'level_set/level_set_3/1_0_original_icons/pentagon.png' (Kích thước gốc: (250, 250))
==> Đã lưu vào: 'level_set/level_set_3/1_1_icons/pentagon.png' (Kích thước mới: (30, 30))
Đã tải ảnh 'level_set/level_set_3/1_1_icons/pentagon.png' (Kích thước: 30x30)
Sử dụng ngưỡng Alpha: 128
Hoàn thành! Đã lưu board vào 'level_set/level_set_3/1_board_test/52'.
--- Đang tải board từ: level_set/level_set_3/1_board_test/52 ---
Đã tải thành công 590 ô 'editable'.
Tổng số ô có thể vẽ: 590

========================================
--- BẮT ĐẦU VÒNG LẶP (Length = 35) ---
Ô đã chiếm: 0 / Ô còn trống: 590
Đề xuất tạo 17 mũi tên cho vòng lặp này...
Generating ADVANCED level in painted area... (This will be slow)
Trying to generate (adv) arrow 1/17...
Trying to generate (adv) arrow 2/17...
Trying to generate (adv) arrow 3/17...
Trying to generate (adv) arrow 4/17...
Trying to generate (adv) arrow 5/17...
Trying to generate (adv) arrow 6/17...
Trying to generate (adv) arrow 7/17...
Trying to generate (adv) arrow 8/17...
Trying to generate (adv) arrow 9/17...
Trying to generate (adv) arrow 10/17...
Trying to generate (adv) arrow 11/17...
Trying to generate (adv) arrow 12/17...
Trying to generate (adv) arrow 13/17...
Trying to generate (adv) arrow 14/17...
Trying to generate (adv) arrow 15/17...
Trying to generate (adv) arrow 16/17...
Trying to generate (adv) arrow 17/17...
Successfully generated 17 arrows!
Kết quả vòng lặp: Successfully generated 17 arrows!
Giảm độ dài từ 35...
Độ dài vòng tiếp theo: 30

========================================
--- BẮT ĐẦU VÒNG LẶP (Length = 30) ---
Ô đã chiếm: 346 / Ô còn trống: 244
Đề xuất tạo 8 mũi tên cho vòng lặp này...
Generating ADVANCED level in painted area... (This will be slow)
Trying to generate (adv) arrow 1/8...
Trying to generate (adv) arrow 2/8...
Could not find valid arrow 2. Stopping.
Successfully generated 1 arrows!
Kết quả vòng lặp: Successfully generated 1 arrows!
Giảm độ dài từ 30...
Độ dài vòng tiếp theo: 25

========================================
--- BẮT ĐẦU VÒNG LẶP (Length = 25) ---
Ô đã chiếm: 364 / Ô còn trống: 226
Đề xuất tạo 9 mũi tên cho vòng lặp này...
Generating ADVANCED level in painted area... (This will be slow)
Trying to generate (adv) arrow 1/9...
Trying to generate (adv) arrow 2/9...
Trying to generate (adv) arrow 3/9...
Trying to generate (adv) arrow 4/9...
Trying to generate (adv) arrow 5/9...
Trying to generate (adv) arrow 6/9...
Trying to generate (adv) arrow 7/9...
Trying to generate (adv) arrow 8/9...
Could not find valid arrow 8. Stopping.
Successfully generated 7 arrows!
Kết quả vòng lặp: Successfully generated 7 arrows!
Giảm độ dài từ 25...
Độ dài vòng tiếp theo: 20

========================================
--- BẮT ĐẦU VÒNG LẶP (Length = 20) ---
Ô đã chiếm: 450 / Ô còn trống: 140
Đề xuất tạo 7 mũi tên cho vòng lặp này...
Generating ADVANCED level in painted area... (This will be slow)
Trying to generate (adv) arrow 1/7...
Trying to generate (adv) arrow 2/7...
Trying to generate (adv) arrow 3/7...
Trying to generate (adv) arrow 4/7...
Could not find valid arrow 4. Stopping.
Successfully generated 3 arrows!
Kết quả vòng lặp: Successfully generated 3 arrows!
Giảm độ dài từ 20...
Độ dài vòng tiếp theo: 15

========================================
--- BẮT ĐẦU VÒNG LẶP (Length = 15) ---
Ô đã chiếm: 480 / Ô còn trống: 110
Đề xuất tạo 7 mũi tên cho vòng lặp này...
Generating ADVANCED level in painted area... (This will be slow)
Trying to generate (adv) arrow 1/7...
Trying to generate (adv) arrow 2/7...
Could not find valid arrow 2. Stopping.
Successfully generated 1 arrows!
Kết quả vòng lặp: Successfully generated 1 arrows!
Giảm độ dài từ 15...
Độ dài vòng tiếp theo: 10

========================================
--- BẮT ĐẦU VÒNG LẶP (Length = 10) ---
Ô đã chiếm: 487 / Ô còn trống: 103
Đề xuất tạo 10 mũi tên cho vòng lặp này...
Generating ADVANCED level in painted area... (This will be slow)
Trying to generate (adv) arrow 1/10...
Trying to generate (adv) arrow 2/10...
Trying to generate (adv) arrow 3/10...
Trying to generate (adv) arrow 4/10...
Could not find valid arrow 4. Stopping.
Successfully generated 3 arrows!
Kết quả vòng lặp: Successfully generated 3 arrows!
Giảm độ dài từ 10...
Độ dài vòng tiếp theo: 5

========================================
--- BẮT ĐẦU VÒNG LẶP (Length = 5) ---
Ô đã chiếm: 504 / Ô còn trống: 86
Đề xuất tạo 17 mũi tên cho vòng lặp này...
Generating ADVANCED level in painted area... (This will be slow)
Trying to generate (adv) arrow 1/17...
Trying to generate (adv) arrow 2/17...
Trying to generate (adv) arrow 3/17...
Trying to generate (adv) arrow 4/17...
Trying to generate (adv) arrow 5/17...
Trying to generate (adv) arrow 6/17...
Trying to generate (adv) arrow 7/17...
Trying to generate (adv) arrow 8/17...
Trying to generate (adv) arrow 9/17...
Trying to generate (adv) arrow 10/17...
Trying to generate (adv) arrow 11/17...
Trying to generate (adv) arrow 12/17...
Trying to generate (adv) arrow 13/17...
Trying to generate (adv) arrow 14/17...
Trying to generate (adv) arrow 15/17...
Trying to generate (adv) arrow 16/17...
Trying to generate (adv) arrow 17/17...
Successfully generated 17 arrows!
Kết quả vòng lặp: Successfully generated 17 arrows!
Tiếp tục lặp lại ở độ dài tối thiểu (5)...

========================================
--- BẮT ĐẦU VÒNG LẶP (Length = 5) ---
Ô đã chiếm: 552 / Ô còn trống: 38
Đề xuất tạo 8 mũi tên cho vòng lặp này...
Generating ADVANCED level in painted area... (This will be slow)
Trying to generate (adv) arrow 1/8...
Trying to generate (adv) arrow 2/8...
Trying to generate (adv) arrow 3/8...
Trying to generate (adv) arrow 4/8...
Trying to generate (adv) arrow 5/8...
Trying to generate (adv) arrow 6/8...
Trying to generate (adv) arrow 7/8...
Trying to generate (adv) arrow 8/8...
Successfully generated 8 arrows!
Kết quả vòng lặp: Successfully generated 8 arrows!
Tiếp tục lặp lại ở độ dài tối thiểu (5)...

========================================
--- BẮT ĐẦU VÒNG LẶP (Length = 5) ---
Ô đã chiếm: 572 / Ô còn trống: 18
Đề xuất tạo 4 mũi tên cho vòng lặp này...
Generating ADVANCED level in painted area... (This will be slow)
Trying to generate (adv) arrow 1/4...
Trying to generate (adv) arrow 2/4...
Could not find valid arrow 2. Stopping.
Successfully generated 1 arrows!
Kết quả vòng lặp: Successfully generated 1 arrows!
Tiếp tục lặp lại ở độ dài tối thiểu (5)...

========================================
--- BẮT ĐẦU VÒNG LẶP (Length = 5) ---
Ô đã chiếm: 574 / Ô còn trống: 16
Đề xuất tạo 3 mũi tên cho vòng lặp này...
Generating ADVANCED level in painted area... (This will be slow)
Trying to generate (adv) arrow 1/3...
Could not find valid arrow 1. Stopping.
Kết quả vòng lặp: Generation complete, but 0 valid arrows found. Try again.
Không thể tạo thêm mũi tên ở độ dài này.
Đã đạt độ dài tối thiểu và không thể tạo thêm. Dừng.

========================================
--- ĐÃ HOÀN TẤT TẤT CẢ CÁC VÒNG LẶP ---
Tổng cộng đã tạo: 58 mũi tên.
Đã lấp đầy 574 / 590 ô (97.3%)
--- Đang lưu kết quả ra: level_set/level_set_3/2_result_test/52.json ---
Đã lưu thành công level 30x28 với 58 mũi tên.
--- Bản đồ kết quả (ASCII) ---
                                
               #>               
             ######             
            ##.#####            
          ##v#^######>          
         ##############         
        ^#<##^###^#####.        
      #####^#############^      
     ##<#####<#############     
    ######>##^##.#########>#    
  ########>#####^#######>#####  
 ##.#######################>##^ 
 v#^##<#########^#>############ 
  ############^###############  
  ####.##<######.<############  
  .##################^########  
   ##>###^#######.##########>   
   ########<#################   
   ##########################   
    <####.########>#####>###    
    <##v##########.#####^#.#    
    ####<###.###<###########    
     ########>##.#####v#^##     
     ###########^##########     
     .#######>#####^##v###v     
      ###^<###############      
      #v#######>##########      
      #########.######v#>v      
       <############v###.       
                                
--- Đang render: 52 (30x28) ---
✅ Đã lưu hình ảnh vào: level_set/level_set_3/3_render/52.png
args: Args(level_set_path=PosixPath('level_set/level_set_3'), start_length=25, length_step=5, min_length=5, size=(25, 30), turn_probability=0.5, straight_weight=0.75, left_weight=0.25, right_weight=0.5, max_turns=6, generate_mode='basic', csv_path=PosixPath('level_set/level_set_3/[Data] levels - test dataframe.csv'), csv=    level_name    template_name  ...  difficulty  style
0           21     pentagon.png  ...      Normal    NaN
1           22         star.png  ...      Normal     AZ
2           23       square.png  ...        Hard    NaN
3           24     pentagon.png  ...      Normal    NaN
4           25  AIR BALLOON.png  ...      Normal    NaN
5           26       square.png  ...      Normal     AZ
6           27       circle.png  ...      Normal     AZ
7           28      hexagon.png  ...      Normal    NaN
8           29       square.png  ...        Hard     AZ
9           30         BODY.png  ...      Normal    NaN
10          31       circle.png  ...      Normal    NaN
11          32     pentagon.png  ...      Normal     AZ
12          33       square.png  ...        Hard    NaN
13          34         star.png  ...      Normal    NaN
14          35        CHESS.png  ...      Normal    NaN
15          36      hexagon.png  ...      Normal     AZ
16          37       square.png  ...      Normal     AZ
17          38       circle.png  ...      Normal    NaN
18          39       square.png  ...        Hard     AZ
19          40   CRUSTACEAN.png  ...      Normal    NaN
20          41     pentagon.png  ...      Normal    NaN
21          42         star.png  ...      Normal     AZ
22          43       square.png  ...        Hard    NaN
23          44     pentagon.png  ...      Normal    NaN
24          45  FLAT SHAPES.png  ...      Normal    NaN
25          46         star.png  ...      Normal     AZ
26          47       circle.png  ...      Normal     AZ
27          48      hexagon.png  ...      Normal    NaN
28          49       square.png  ...        Hard     AZ
29          50        HOUSE.png  ...      Normal    NaN
30          51       circle.png  ...      Normal    NaN
31          52     pentagon.png  ...      Normal     AZ
32          53       square.png  ...        Hard    NaN
33          54       square.png  ...      Normal    NaN
34          55        PLANE.png  ...      Normal    NaN
35          56      hexagon.png  ...      Normal     AZ
36          57       square.png  ...      Normal     AZ
37          58       circle.png  ...      Normal    NaN
38          59       square.png  ...        Hard     AZ
39          60       SPIDER.png  ...      Normal    NaN

[40 rows x 10 columns], item_path='level_set/level_set_3/1_0_original_icons/square.png', item_name='square.png', alter_item_name='53')
Đang xử lý: 'level_set/level_set_3/1_0_original_icons/square.png' (Kích thước gốc: (250, 250))
==> Đã lưu vào: 'level_set/level_set_3/1_1_icons/square.png' (Kích thước mới: (25, 30))
Đã tải ảnh 'level_set/level_set_3/1_1_icons/square.png' (Kích thước: 25x30)
Sử dụng ngưỡng Alpha: 128
Hoàn thành! Đã lưu board vào 'level_set/level_set_3/1_board_test/53'.
--- Đang tải board từ: level_set/level_set_3/1_board_test/53 ---
Đã tải thành công 750 ô 'editable'.
Tổng số ô có thể vẽ: 750

========================================
--- BẮT ĐẦU VÒNG LẶP (Length = 25) ---
Ô đã chiếm: 0 / Ô còn trống: 750
Đề xuất tạo 30 mũi tên cho vòng lặp này...
Generating level in painted area... (This will be slow)
Trying to generate arrow 1/30...
Trying to generate arrow 2/30...
Trying to generate arrow 3/30...
Trying to generate arrow 4/30...
Trying to generate arrow 5/30...
Trying to generate arrow 6/30...
Trying to generate arrow 7/30...
Trying to generate arrow 8/30...
Trying to generate arrow 9/30...
Trying to generate arrow 10/30...
Trying to generate arrow 11/30...
Trying to generate arrow 12/30...
Trying to generate arrow 13/30...
Trying to generate arrow 14/30...
Trying to generate arrow 15/30...
Trying to generate arrow 16/30...
Trying to generate arrow 17/30...
Trying to generate arrow 18/30...
Trying to generate arrow 19/30...
Trying to generate arrow 20/30...
Trying to generate arrow 21/30...
Trying to generate arrow 22/30...
Trying to generate arrow 23/30...
Trying to generate arrow 24/30...
Trying to generate arrow 25/30...
Trying to generate arrow 26/30...
Trying to generate arrow 27/30...
Trying to generate arrow 28/30...
Trying to generate arrow 29/30...
Trying to generate arrow 30/30...
Could not find valid arrow 30. Stopping.
Successfully generated 29 arrows!
Kết quả vòng lặp: Successfully generated 29 arrows!
Giảm độ dài từ 25...
Độ dài vòng tiếp theo: 20

========================================
--- BẮT ĐẦU VÒNG LẶP (Length = 20) ---
Ô đã chiếm: 595 / Ô còn trống: 155
Đề xuất tạo 8 mũi tên cho vòng lặp này...
Generating level in painted area... (This will be slow)
Trying to generate arrow 1/8...
Trying to generate arrow 2/8...
Trying to generate arrow 3/8...
Could not find valid arrow 3. Stopping.
Successfully generated 2 arrows!
Kết quả vòng lặp: Successfully generated 2 arrows!
Giảm độ dài từ 20...
Độ dài vòng tiếp theo: 15

========================================
--- BẮT ĐẦU VÒNG LẶP (Length = 15) ---
Ô đã chiếm: 615 / Ô còn trống: 135
Đề xuất tạo 9 mũi tên cho vòng lặp này...
Generating level in painted area... (This will be slow)
Trying to generate arrow 1/9...
Trying to generate arrow 2/9...
Trying to generate arrow 3/9...
Could not find valid arrow 3. Stopping.
Successfully generated 2 arrows!
Kết quả vòng lặp: Successfully generated 2 arrows!
Giảm độ dài từ 15...
Độ dài vòng tiếp theo: 10

========================================
--- BẮT ĐẦU VÒNG LẶP (Length = 10) ---
Ô đã chiếm: 631 / Ô còn trống: 119
Đề xuất tạo 12 mũi tên cho vòng lặp này...
Generating level in painted area... (This will be slow)
Trying to generate arrow 1/12...
Trying to generate arrow 2/12...
Trying to generate arrow 3/12...
Trying to generate arrow 4/12...
Trying to generate arrow 5/12...
Trying to generate arrow 6/12...
Trying to generate arrow 7/12...
Trying to generate arrow 8/12...
Trying to generate arrow 9/12...
Trying to generate arrow 10/12...
Could not find valid arrow 10. Stopping.
Successfully generated 9 arrows!
Kết quả vòng lặp: Successfully generated 9 arrows!
Giảm độ dài từ 10...
Độ dài vòng tiếp theo: 5

========================================
--- BẮT ĐẦU VÒNG LẶP (Length = 5) ---
Ô đã chiếm: 679 / Ô còn trống: 71
Đề xuất tạo 14 mũi tên cho vòng lặp này...
Generating level in painted area... (This will be slow)
Trying to generate arrow 1/14...
Trying to generate arrow 2/14...
Trying to generate arrow 3/14...
Trying to generate arrow 4/14...
Trying to generate arrow 5/14...
Trying to generate arrow 6/14...
Trying to generate arrow 7/14...
Trying to generate arrow 8/14...
Trying to generate arrow 9/14...
Trying to generate arrow 10/14...
Trying to generate arrow 11/14...
Trying to generate arrow 12/14...
Trying to generate arrow 13/14...
Trying to generate arrow 14/14...
Successfully generated 14 arrows!
Kết quả vòng lặp: Successfully generated 14 arrows!
Tiếp tục lặp lại ở độ dài tối thiểu (5)...

========================================
--- BẮT ĐẦU VÒNG LẶP (Length = 5) ---
Ô đã chiếm: 712 / Ô còn trống: 38
Đề xuất tạo 8 mũi tên cho vòng lặp này...
Generating level in painted area... (This will be slow)
Trying to generate arrow 1/8...
Trying to generate arrow 2/8...
Trying to generate arrow 3/8...
Trying to generate arrow 4/8...
Could not find valid arrow 4. Stopping.
Successfully generated 3 arrows!
Kết quả vòng lặp: Successfully generated 3 arrows!
Tiếp tục lặp lại ở độ dài tối thiểu (5)...

========================================
--- BẮT ĐẦU VÒNG LẶP (Length = 5) ---
Ô đã chiếm: 719 / Ô còn trống: 31
Đề xuất tạo 6 mũi tên cho vòng lặp này...
Generating level in painted area... (This will be slow)
Trying to generate arrow 1/6...
Could not find valid arrow 1. Stopping.
Kết quả vòng lặp: Generation complete, but 0 valid arrows found. Try again.
Không thể tạo thêm mũi tên ở độ dài này.
Đã đạt độ dài tối thiểu và không thể tạo thêm. Dừng.

========================================
--- ĐÃ HOÀN TẤT TẤT CẢ CÁC VÒNG LẶP ---
Tổng cộng đã tạo: 59 mũi tên.
Đã lấp đầy 719 / 750 ô (95.9%)
--- Đang lưu kết quả ra: level_set/level_set_3/2_result_test/53.json ---
Đã lưu thành công level 25x30 với 59 mũi tên.
--- Bản đồ kết quả (ASCII) ---
                           
 #>#######>###>^####^^#### 
 ################^.#####.# 
 ^#####<################## 
 ###########^############# 
 ########.#####<####.##### 
 #########^#############<# 
 ####.##.##.############^# 
 #>##^#######^###^######## 
 ##<##.##.##.######.^##### 
 #####<#####<#####<####### 
 #.###<################### 
 #####^##############^#### 
 ######################### 
 ##########.##########.### 
 v##############>######### 
 .#############<###.<####v 
 ######v.########.#.^##.## 
 ####v#################### 
 ######################### 
 #########>#####.##^##>#># 
 v##v#########<#^######### 
 <###############v######## 
 .####.######.############ 
 ###<##########.####.##### 
 ######<#v############<### 
 ##.##.<#########v######## 
 ###.##########v########## 
 ###>v###################> 
 #############>########### 
 ##########>##>v..#######> 
                           
--- Đang render: 53 (25x30) ---
✅ Đã lưu hình ảnh vào: level_set/level_set_3/3_render/53.png
args: Args(level_set_path=PosixPath('level_set/level_set_3'), start_length=25, length_step=5, min_length=5, size=(20, 20), turn_probability=0.5, straight_weight=0.75, left_weight=0.25, right_weight=0.5, max_turns=6, generate_mode='basic', csv_path=PosixPath('level_set/level_set_3/[Data] levels - test dataframe.csv'), csv=    level_name    template_name  ...  difficulty  style
0           21     pentagon.png  ...      Normal    NaN
1           22         star.png  ...      Normal     AZ
2           23       square.png  ...        Hard    NaN
3           24     pentagon.png  ...      Normal    NaN
4           25  AIR BALLOON.png  ...      Normal    NaN
5           26       square.png  ...      Normal     AZ
6           27       circle.png  ...      Normal     AZ
7           28      hexagon.png  ...      Normal    NaN
8           29       square.png  ...        Hard     AZ
9           30         BODY.png  ...      Normal    NaN
10          31       circle.png  ...      Normal    NaN
11          32     pentagon.png  ...      Normal     AZ
12          33       square.png  ...        Hard    NaN
13          34         star.png  ...      Normal    NaN
14          35        CHESS.png  ...      Normal    NaN
15          36      hexagon.png  ...      Normal     AZ
16          37       square.png  ...      Normal     AZ
17          38       circle.png  ...      Normal    NaN
18          39       square.png  ...        Hard     AZ
19          40   CRUSTACEAN.png  ...      Normal    NaN
20          41     pentagon.png  ...      Normal    NaN
21          42         star.png  ...      Normal     AZ
22          43       square.png  ...        Hard    NaN
23          44     pentagon.png  ...      Normal    NaN
24          45  FLAT SHAPES.png  ...      Normal    NaN
25          46         star.png  ...      Normal     AZ
26          47       circle.png  ...      Normal     AZ
27          48      hexagon.png  ...      Normal    NaN
28          49       square.png  ...        Hard     AZ
29          50        HOUSE.png  ...      Normal    NaN
30          51       circle.png  ...      Normal    NaN
31          52     pentagon.png  ...      Normal     AZ
32          53       square.png  ...        Hard    NaN
33          54       square.png  ...      Normal    NaN
34          55        PLANE.png  ...      Normal    NaN
35          56      hexagon.png  ...      Normal     AZ
36          57       square.png  ...      Normal     AZ
37          58       circle.png  ...      Normal    NaN
38          59       square.png  ...        Hard     AZ
39          60       SPIDER.png  ...      Normal    NaN

[40 rows x 10 columns], item_path='level_set/level_set_3/1_0_original_icons/square.png', item_name='square.png', alter_item_name='54')
Đang xử lý: 'level_set/level_set_3/1_0_original_icons/square.png' (Kích thước gốc: (250, 250))
==> Đã lưu vào: 'level_set/level_set_3/1_1_icons/square.png' (Kích thước mới: (20, 20))
Đã tải ảnh 'level_set/level_set_3/1_1_icons/square.png' (Kích thước: 20x20)
Sử dụng ngưỡng Alpha: 128
Hoàn thành! Đã lưu board vào 'level_set/level_set_3/1_board_test/54'.
--- Đang tải board từ: level_set/level_set_3/1_board_test/54 ---
Đã tải thành công 400 ô 'editable'.
Tổng số ô có thể vẽ: 400

========================================
--- BẮT ĐẦU VÒNG LẶP (Length = 25) ---
Ô đã chiếm: 0 / Ô còn trống: 400
Đề xuất tạo 16 mũi tên cho vòng lặp này...
Generating level in painted area... (This will be slow)
Trying to generate arrow 1/16...
Trying to generate arrow 2/16...
Trying to generate arrow 3/16...
Trying to generate arrow 4/16...
Trying to generate arrow 5/16...
Trying to generate arrow 6/16...
Trying to generate arrow 7/16...
Trying to generate arrow 8/16...
Trying to generate arrow 9/16...
Trying to generate arrow 10/16...
Trying to generate arrow 11/16...
Trying to generate arrow 12/16...
Trying to generate arrow 13/16...
Trying to generate arrow 14/16...
Trying to generate arrow 15/16...
Trying to generate arrow 16/16...
Successfully generated 16 arrows!
Kết quả vòng lặp: Successfully generated 16 arrows!
Giảm độ dài từ 25...
Độ dài vòng tiếp theo: 20

========================================
--- BẮT ĐẦU VÒNG LẶP (Length = 20) ---
Ô đã chiếm: 307 / Ô còn trống: 93
Đề xuất tạo 5 mũi tên cho vòng lặp này...
Generating level in painted area... (This will be slow)
Trying to generate arrow 1/5...
Trying to generate arrow 2/5...
Could not find valid arrow 2. Stopping.
Successfully generated 1 arrows!
Kết quả vòng lặp: Successfully generated 1 arrows!
Giảm độ dài từ 20...
Độ dài vòng tiếp theo: 15

========================================
--- BẮT ĐẦU VÒNG LẶP (Length = 15) ---
Ô đã chiếm: 317 / Ô còn trống: 83
Đề xuất tạo 6 mũi tên cho vòng lặp này...
Generating level in painted area... (This will be slow)
Trying to generate arrow 1/6...
Trying to generate arrow 2/6...
Trying to generate arrow 3/6...
Trying to generate arrow 4/6...
Could not find valid arrow 4. Stopping.
Successfully generated 3 arrows!
Kết quả vòng lặp: Successfully generated 3 arrows!
Giảm độ dài từ 15...
Độ dài vòng tiếp theo: 10

========================================
--- BẮT ĐẦU VÒNG LẶP (Length = 10) ---
Ô đã chiếm: 338 / Ô còn trống: 62
Đề xuất tạo 6 mũi tên cho vòng lặp này...
Generating level in painted area... (This will be slow)
Trying to generate arrow 1/6...
Trying to generate arrow 2/6...
Trying to generate arrow 3/6...
Trying to generate arrow 4/6...
Could not find valid arrow 4. Stopping.
Successfully generated 3 arrows!
Kết quả vòng lặp: Successfully generated 3 arrows!
Giảm độ dài từ 10...
Độ dài vòng tiếp theo: 5

========================================
--- BẮT ĐẦU VÒNG LẶP (Length = 5) ---
Ô đã chiếm: 353 / Ô còn trống: 47
Đề xuất tạo 9 mũi tên cho vòng lặp này...
Generating level in painted area... (This will be slow)
Trying to generate arrow 1/9...
Trying to generate arrow 2/9...
Trying to generate arrow 3/9...
Trying to generate arrow 4/9...
Trying to generate arrow 5/9...
Trying to generate arrow 6/9...
Trying to generate arrow 7/9...
Trying to generate arrow 8/9...
Trying to generate arrow 9/9...
Successfully generated 9 arrows!
Kết quả vòng lặp: Successfully generated 9 arrows!
Tiếp tục lặp lại ở độ dài tối thiểu (5)...

========================================
--- BẮT ĐẦU VÒNG LẶP (Length = 5) ---
Ô đã chiếm: 378 / Ô còn trống: 22
Đề xuất tạo 4 mũi tên cho vòng lặp này...
Generating level in painted area... (This will be slow)
Trying to generate arrow 1/4...
Trying to generate arrow 2/4...
Trying to generate arrow 3/4...
Could not find valid arrow 3. Stopping.
Successfully generated 2 arrows!
Kết quả vòng lặp: Successfully generated 2 arrows!
Tiếp tục lặp lại ở độ dài tối thiểu (5)...

========================================
--- BẮT ĐẦU VÒNG LẶP (Length = 5) ---
Ô đã chiếm: 384 / Ô còn trống: 16
Đề xuất tạo 3 mũi tên cho vòng lặp này...
Generating level in painted area... (This will be slow)
Trying to generate arrow 1/3...
Could not find valid arrow 1. Stopping.
Kết quả vòng lặp: Generation complete, but 0 valid arrows found. Try again.
Không thể tạo thêm mũi tên ở độ dài này.
Đã đạt độ dài tối thiểu và không thể tạo thêm. Dừng.

========================================
--- ĐÃ HOÀN TẤT TẤT CẢ CÁC VÒNG LẶP ---
Tổng cộng đã tạo: 34 mũi tên.
Đã lấp đầy 384 / 400 ô (96.0%)
--- Đang lưu kết quả ra: level_set/level_set_3/2_result_test/54.json ---
Đã lưu thành công level 20x20 với 34 mũi tên.
--- Bản đồ kết quả (ASCII) ---
                      
 #####.########>####> 
 ################^### 
 .#####>############> 
 <#<#.<#<############ 
 ########.########### 
 ############.##<#### 
 ##<#########>####### 
 ##############.##### 
 #################### 
 ###############^###. 
 v####<############<# 
 #####<#########<#### 
 #<#<#.#v##<####>#### 
 ####.##.############ 
 .#####.<###<######## 
 <#<####.############ 
 ##.###########^##### 
 ####.############### 
 ###################v 
 .v##########>#>v###> 
                      
--- Đang render: 54 (20x20) ---
✅ Đã lưu hình ảnh vào: level_set/level_set_3/3_render/54.png
args: Args(level_set_path=PosixPath('level_set/level_set_3'), start_length=25, length_step=5, min_length=5, size=(25, 25), turn_probability=0.5, straight_weight=0.75, left_weight=0.25, right_weight=0.5, max_turns=6, generate_mode='basic', csv_path=PosixPath('level_set/level_set_3/[Data] levels - test dataframe.csv'), csv=    level_name    template_name  ...  difficulty  style
0           21     pentagon.png  ...      Normal    NaN
1           22         star.png  ...      Normal     AZ
2           23       square.png  ...        Hard    NaN
3           24     pentagon.png  ...      Normal    NaN
4           25  AIR BALLOON.png  ...      Normal    NaN
5           26       square.png  ...      Normal     AZ
6           27       circle.png  ...      Normal     AZ
7           28      hexagon.png  ...      Normal    NaN
8           29       square.png  ...        Hard     AZ
9           30         BODY.png  ...      Normal    NaN
10          31       circle.png  ...      Normal    NaN
11          32     pentagon.png  ...      Normal     AZ
12          33       square.png  ...        Hard    NaN
13          34         star.png  ...      Normal    NaN
14          35        CHESS.png  ...      Normal    NaN
15          36      hexagon.png  ...      Normal     AZ
16          37       square.png  ...      Normal     AZ
17          38       circle.png  ...      Normal    NaN
18          39       square.png  ...        Hard     AZ
19          40   CRUSTACEAN.png  ...      Normal    NaN
20          41     pentagon.png  ...      Normal    NaN
21          42         star.png  ...      Normal     AZ
22          43       square.png  ...        Hard    NaN
23          44     pentagon.png  ...      Normal    NaN
24          45  FLAT SHAPES.png  ...      Normal    NaN
25          46         star.png  ...      Normal     AZ
26          47       circle.png  ...      Normal     AZ
27          48      hexagon.png  ...      Normal    NaN
28          49       square.png  ...        Hard     AZ
29          50        HOUSE.png  ...      Normal    NaN
30          51       circle.png  ...      Normal    NaN
31          52     pentagon.png  ...      Normal     AZ
32          53       square.png  ...        Hard    NaN
33          54       square.png  ...      Normal    NaN
34          55        PLANE.png  ...      Normal    NaN
35          56      hexagon.png  ...      Normal     AZ
36          57       square.png  ...      Normal     AZ
37          58       circle.png  ...      Normal    NaN
38          59       square.png  ...        Hard     AZ
39          60       SPIDER.png  ...      Normal    NaN

[40 rows x 10 columns], item_path='level_set/level_set_3/1_0_original_icons/PLANE.png', item_name='PLANE.png', alter_item_name='55')
Đang xử lý: 'level_set/level_set_3/1_0_original_icons/PLANE.png' (Kích thước gốc: (196, 196))
==> Đã lưu vào: 'level_set/level_set_3/1_1_icons/PLANE.png' (Kích thước mới: (25, 25))
Đã tải ảnh 'level_set/level_set_3/1_1_icons/PLANE.png' (Kích thước: 25x25)
Sử dụng ngưỡng Alpha: 128
Hoàn thành! Đã lưu board vào 'level_set/level_set_3/1_board_test/55'.
--- Đang tải board từ: level_set/level_set_3/1_board_test/55 ---
Đã tải thành công 223 ô 'editable'.
Tổng số ô có thể vẽ: 223

========================================
--- BẮT ĐẦU VÒNG LẶP (Length = 25) ---
Ô đã chiếm: 0 / Ô còn trống: 223
Đề xuất tạo 9 mũi tên cho vòng lặp này...
Generating level in painted area... (This will be slow)
Trying to generate arrow 1/9...
Trying to generate arrow 2/9...
Trying to generate arrow 3/9...
Trying to generate arrow 4/9...
Trying to generate arrow 5/9...
Trying to generate arrow 6/9...
Trying to generate arrow 7/9...
Trying to generate arrow 8/9...
Trying to generate arrow 9/9...
Successfully generated 9 arrows!
Kết quả vòng lặp: Successfully generated 9 arrows!
Giảm độ dài từ 25...
Độ dài vòng tiếp theo: 20

========================================
--- BẮT ĐẦU VÒNG LẶP (Length = 20) ---
Ô đã chiếm: 153 / Ô còn trống: 70
Đề xuất tạo 4 mũi tên cho vòng lặp này...
Generating level in painted area... (This will be slow)
Trying to generate arrow 1/4...
Trying to generate arrow 2/4...
Trying to generate arrow 3/4...
Could not find valid arrow 3. Stopping.
Successfully generated 2 arrows!
Kết quả vòng lặp: Successfully generated 2 arrows!
Giảm độ dài từ 20...
Độ dài vòng tiếp theo: 15

========================================
--- BẮT ĐẦU VÒNG LẶP (Length = 15) ---
Ô đã chiếm: 173 / Ô còn trống: 50
Đề xuất tạo 3 mũi tên cho vòng lặp này...
Generating level in painted area... (This will be slow)
Trying to generate arrow 1/3...
Could not find valid arrow 1. Stopping.
Kết quả vòng lặp: Generation complete, but 0 valid arrows found. Try again.
Không thể tạo thêm mũi tên ở độ dài này.
Giảm độ dài từ 15...
Độ dài vòng tiếp theo: 10

========================================
--- BẮT ĐẦU VÒNG LẶP (Length = 10) ---
Ô đã chiếm: 173 / Ô còn trống: 50
Đề xuất tạo 5 mũi tên cho vòng lặp này...
Generating level in painted area... (This will be slow)
Trying to generate arrow 1/5...
Trying to generate arrow 2/5...
Trying to generate arrow 3/5...
Trying to generate arrow 4/5...
Trying to generate arrow 5/5...
Could not find valid arrow 5. Stopping.
Successfully generated 4 arrows!
Kết quả vòng lặp: Successfully generated 4 arrows!
Giảm độ dài từ 10...
Độ dài vòng tiếp theo: 5

========================================
--- BẮT ĐẦU VÒNG LẶP (Length = 5) ---
Ô đã chiếm: 193 / Ô còn trống: 30
Đề xuất tạo 6 mũi tên cho vòng lặp này...
Generating level in painted area... (This will be slow)
Trying to generate arrow 1/6...
Trying to generate arrow 2/6...
Trying to generate arrow 3/6...
Trying to generate arrow 4/6...
Trying to generate arrow 5/6...
Trying to generate arrow 6/6...
Could not find valid arrow 6. Stopping.
Successfully generated 5 arrows!
Kết quả vòng lặp: Successfully generated 5 arrows!
Tiếp tục lặp lại ở độ dài tối thiểu (5)...

========================================
--- BẮT ĐẦU VÒNG LẶP (Length = 5) ---
Ô đã chiếm: 205 / Ô còn trống: 18
Đề xuất tạo 4 mũi tên cho vòng lặp này...
Generating level in painted area... (This will be slow)
Trying to generate arrow 1/4...
Could not find valid arrow 1. Stopping.
Kết quả vòng lặp: Generation complete, but 0 valid arrows found. Try again.
Không thể tạo thêm mũi tên ở độ dài này.
Đã đạt độ dài tối thiểu và không thể tạo thêm. Dừng.

========================================
--- ĐÃ HOÀN TẤT TẤT CẢ CÁC VÒNG LẶP ---
Tổng cộng đã tạo: 20 mũi tên.
Đã lấp đầy 205 / 223 ô (91.9%)
--- Đang lưu kết quả ra: level_set/level_set_3/2_result_test/55.json ---
Đã lưu thành công level 23x23 với 20 mũi tên.
--- Bản đồ kết quả (ASCII) ---
                          
                      .   
                     <##  
                    ####. 
  ##>.             ##.##  
 .#######         #####   
  #######.##     ####>    
    ####<#####>#####.     
     #>#######.##.##      
       #######^###^       
         .##>######       
          #####.###       
           ########       
          #########       
         .####<###>.      
        ^###. .####^      
       .####   ##.##      
      #####     ###<#     
 #########      #####     
 ########        ####     
    .##^         #####    
     v##          v###    
      #>           ###    
      ##           ##v    
      v#            #     
                          
--- Đang render: 55 (23x23) ---
✅ Đã lưu hình ảnh vào: level_set/level_set_3/3_render/55.png
args: Args(level_set_path=PosixPath('level_set/level_set_3'), start_length=20, length_step=5, min_length=5, size=(25, 25), turn_probability=0.5, straight_weight=0.75, left_weight=0.25, right_weight=0.5, max_turns=6, generate_mode='advance', csv_path=PosixPath('level_set/level_set_3/[Data] levels - test dataframe.csv'), csv=    level_name    template_name  ...  difficulty  style
0           21     pentagon.png  ...      Normal    NaN
1           22         star.png  ...      Normal     AZ
2           23       square.png  ...        Hard    NaN
3           24     pentagon.png  ...      Normal    NaN
4           25  AIR BALLOON.png  ...      Normal    NaN
5           26       square.png  ...      Normal     AZ
6           27       circle.png  ...      Normal     AZ
7           28      hexagon.png  ...      Normal    NaN
8           29       square.png  ...        Hard     AZ
9           30         BODY.png  ...      Normal    NaN
10          31       circle.png  ...      Normal    NaN
11          32     pentagon.png  ...      Normal     AZ
12          33       square.png  ...        Hard    NaN
13          34         star.png  ...      Normal    NaN
14          35        CHESS.png  ...      Normal    NaN
15          36      hexagon.png  ...      Normal     AZ
16          37       square.png  ...      Normal     AZ
17          38       circle.png  ...      Normal    NaN
18          39       square.png  ...        Hard     AZ
19          40   CRUSTACEAN.png  ...      Normal    NaN
20          41     pentagon.png  ...      Normal    NaN
21          42         star.png  ...      Normal     AZ
22          43       square.png  ...        Hard    NaN
23          44     pentagon.png  ...      Normal    NaN
24          45  FLAT SHAPES.png  ...      Normal    NaN
25          46         star.png  ...      Normal     AZ
26          47       circle.png  ...      Normal     AZ
27          48      hexagon.png  ...      Normal    NaN
28          49       square.png  ...        Hard     AZ
29          50        HOUSE.png  ...      Normal    NaN
30          51       circle.png  ...      Normal    NaN
31          52     pentagon.png  ...      Normal     AZ
32          53       square.png  ...        Hard    NaN
33          54       square.png  ...      Normal    NaN
34          55        PLANE.png  ...      Normal    NaN
35          56      hexagon.png  ...      Normal     AZ
36          57       square.png  ...      Normal     AZ
37          58       circle.png  ...      Normal    NaN
38          59       square.png  ...        Hard     AZ
39          60       SPIDER.png  ...      Normal    NaN

[40 rows x 10 columns], item_path='level_set/level_set_3/1_0_original_icons/hexagon.png', item_name='hexagon.png', alter_item_name='56')
Đang xử lý: 'level_set/level_set_3/1_0_original_icons/hexagon.png' (Kích thước gốc: (250, 250))
==> Đã lưu vào: 'level_set/level_set_3/1_1_icons/hexagon.png' (Kích thước mới: (25, 25))
Đã tải ảnh 'level_set/level_set_3/1_1_icons/hexagon.png' (Kích thước: 25x25)
Sử dụng ngưỡng Alpha: 128
Hoàn thành! Đã lưu board vào 'level_set/level_set_3/1_board_test/56'.
--- Đang tải board từ: level_set/level_set_3/1_board_test/56 ---
Đã tải thành công 397 ô 'editable'.
Tổng số ô có thể vẽ: 397

========================================
--- BẮT ĐẦU VÒNG LẶP (Length = 20) ---
Ô đã chiếm: 0 / Ô còn trống: 397
Đề xuất tạo 20 mũi tên cho vòng lặp này...
Generating ADVANCED level in painted area... (This will be slow)
Trying to generate (adv) arrow 1/20...
Trying to generate (adv) arrow 2/20...
Trying to generate (adv) arrow 3/20...
Trying to generate (adv) arrow 4/20...
Trying to generate (adv) arrow 5/20...
Trying to generate (adv) arrow 6/20...
Trying to generate (adv) arrow 7/20...
Trying to generate (adv) arrow 8/20...
Trying to generate (adv) arrow 9/20...
Trying to generate (adv) arrow 10/20...
Trying to generate (adv) arrow 11/20...
Trying to generate (adv) arrow 12/20...
Trying to generate (adv) arrow 13/20...
Trying to generate (adv) arrow 14/20...
Trying to generate (adv) arrow 15/20...
Trying to generate (adv) arrow 16/20...
Trying to generate (adv) arrow 17/20...
Trying to generate (adv) arrow 18/20...
Trying to generate (adv) arrow 19/20...
Trying to generate (adv) arrow 20/20...
Successfully generated 20 arrows!
Kết quả vòng lặp: Successfully generated 20 arrows!
Giảm độ dài từ 20...
Độ dài vòng tiếp theo: 15

========================================
--- BẮT ĐẦU VÒNG LẶP (Length = 15) ---
Ô đã chiếm: 288 / Ô còn trống: 109
Đề xuất tạo 7 mũi tên cho vòng lặp này...
Generating ADVANCED level in painted area... (This will be slow)
Trying to generate (adv) arrow 1/7...
Trying to generate (adv) arrow 2/7...
Trying to generate (adv) arrow 3/7...
Trying to generate (adv) arrow 4/7...
Trying to generate (adv) arrow 5/7...
Could not find valid arrow 5. Stopping.
Successfully generated 4 arrows!
Kết quả vòng lặp: Successfully generated 4 arrows!
Giảm độ dài từ 15...
Độ dài vòng tiếp theo: 10

========================================
--- BẮT ĐẦU VÒNG LẶP (Length = 10) ---
Ô đã chiếm: 331 / Ô còn trống: 66
Đề xuất tạo 7 mũi tên cho vòng lặp này...
Generating ADVANCED level in painted area... (This will be slow)
Trying to generate (adv) arrow 1/7...
Trying to generate (adv) arrow 2/7...
Trying to generate (adv) arrow 3/7...
Trying to generate (adv) arrow 4/7...
Trying to generate (adv) arrow 5/7...
Could not find valid arrow 5. Stopping.
Successfully generated 4 arrows!
Kết quả vòng lặp: Successfully generated 4 arrows!
Giảm độ dài từ 10...
Độ dài vòng tiếp theo: 5

========================================
--- BẮT ĐẦU VÒNG LẶP (Length = 5) ---
Ô đã chiếm: 353 / Ô còn trống: 44
Đề xuất tạo 9 mũi tên cho vòng lặp này...
Generating ADVANCED level in painted area... (This will be slow)
Trying to generate (adv) arrow 1/9...
Trying to generate (adv) arrow 2/9...
Trying to generate (adv) arrow 3/9...
Trying to generate (adv) arrow 4/9...
Trying to generate (adv) arrow 5/9...
Trying to generate (adv) arrow 6/9...
Trying to generate (adv) arrow 7/9...
Trying to generate (adv) arrow 8/9...
Trying to generate (adv) arrow 9/9...
Successfully generated 9 arrows!
Kết quả vòng lặp: Successfully generated 9 arrows!
Tiếp tục lặp lại ở độ dài tối thiểu (5)...

========================================
--- BẮT ĐẦU VÒNG LẶP (Length = 5) ---
Ô đã chiếm: 373 / Ô còn trống: 24
Đề xuất tạo 5 mũi tên cho vòng lặp này...
Generating ADVANCED level in painted area... (This will be slow)
Trying to generate (adv) arrow 1/5...
Trying to generate (adv) arrow 2/5...
Trying to generate (adv) arrow 3/5...
Trying to generate (adv) arrow 4/5...
Could not find valid arrow 4. Stopping.
Successfully generated 3 arrows!
Kết quả vòng lặp: Successfully generated 3 arrows!
Tiếp tục lặp lại ở độ dài tối thiểu (5)...

========================================
--- BẮT ĐẦU VÒNG LẶP (Length = 5) ---
Ô đã chiếm: 379 / Ô còn trống: 18
Đề xuất tạo 4 mũi tên cho vòng lặp này...
Generating ADVANCED level in painted area... (This will be slow)
Trying to generate (adv) arrow 1/4...
Could not find valid arrow 1. Stopping.
Kết quả vòng lặp: Generation complete, but 0 valid arrows found. Try again.
Không thể tạo thêm mũi tên ở độ dài này.
Đã đạt độ dài tối thiểu và không thể tạo thêm. Dừng.

========================================
--- ĐÃ HOÀN TẤT TẤT CẢ CÁC VÒNG LẶP ---
Tổng cộng đã tạo: 40 mũi tên.
Đã lấp đầy 379 / 397 ô (95.5%)
--- Đang lưu kết quả ra: level_set/level_set_3/2_result_test/56.json ---
Đã lưu thành công level 24x21 với 40 mũi tên.
--- Bản đồ kết quả (ASCII) ---
                           
       .^##>########       
      #>#############      
      ##############v      
     ########v#####>##     
    .v###############v.    
    #####<#############    
   ^##<################^   
   ###.##.###########v##   
  #######<###############  
  #####>##>########v#####  
 <#############>v########. 
  #######################  
  #########v####v########  
   ##.########.#.v##>###   
   #####v###.###<######v   
    ####.###<#######<##    
    ####>#vv.###v######    
     .<###<#####.#v##.     
      #######.<###.##      
      ##############v      
       <#########<#.       
                           
--- Đang render: 56 (24x21) ---
✅ Đã lưu hình ảnh vào: level_set/level_set_3/3_render/56.png
args: Args(level_set_path=PosixPath('level_set/level_set_3'), start_length=35, length_step=5, min_length=5, size=(35, 35), turn_probability=0.5, straight_weight=0.75, left_weight=0.25, right_weight=0.5, max_turns=6, generate_mode='advance', csv_path=PosixPath('level_set/level_set_3/[Data] levels - test dataframe.csv'), csv=    level_name    template_name  ...  difficulty  style
0           21     pentagon.png  ...      Normal    NaN
1           22         star.png  ...      Normal     AZ
2           23       square.png  ...        Hard    NaN
3           24     pentagon.png  ...      Normal    NaN
4           25  AIR BALLOON.png  ...      Normal    NaN
5           26       square.png  ...      Normal     AZ
6           27       circle.png  ...      Normal     AZ
7           28      hexagon.png  ...      Normal    NaN
8           29       square.png  ...        Hard     AZ
9           30         BODY.png  ...      Normal    NaN
10          31       circle.png  ...      Normal    NaN
11          32     pentagon.png  ...      Normal     AZ
12          33       square.png  ...        Hard    NaN
13          34         star.png  ...      Normal    NaN
14          35        CHESS.png  ...      Normal    NaN
15          36      hexagon.png  ...      Normal     AZ
16          37       square.png  ...      Normal     AZ
17          38       circle.png  ...      Normal    NaN
18          39       square.png  ...        Hard     AZ
19          40   CRUSTACEAN.png  ...      Normal    NaN
20          41     pentagon.png  ...      Normal    NaN
21          42         star.png  ...      Normal     AZ
22          43       square.png  ...        Hard    NaN
23          44     pentagon.png  ...      Normal    NaN
24          45  FLAT SHAPES.png  ...      Normal    NaN
25          46         star.png  ...      Normal     AZ
26          47       circle.png  ...      Normal     AZ
27          48      hexagon.png  ...      Normal    NaN
28          49       square.png  ...        Hard     AZ
29          50        HOUSE.png  ...      Normal    NaN
30          51       circle.png  ...      Normal    NaN
31          52     pentagon.png  ...      Normal     AZ
32          53       square.png  ...        Hard    NaN
33          54       square.png  ...      Normal    NaN
34          55        PLANE.png  ...      Normal    NaN
35          56      hexagon.png  ...      Normal     AZ
36          57       square.png  ...      Normal     AZ
37          58       circle.png  ...      Normal    NaN
38          59       square.png  ...        Hard     AZ
39          60       SPIDER.png  ...      Normal    NaN

[40 rows x 10 columns], item_path='level_set/level_set_3/1_0_original_icons/square.png', item_name='square.png', alter_item_name='57')
Đang xử lý: 'level_set/level_set_3/1_0_original_icons/square.png' (Kích thước gốc: (250, 250))
==> Đã lưu vào: 'level_set/level_set_3/1_1_icons/square.png' (Kích thước mới: (35, 35))
Đã tải ảnh 'level_set/level_set_3/1_1_icons/square.png' (Kích thước: 35x35)
Sử dụng ngưỡng Alpha: 128
Hoàn thành! Đã lưu board vào 'level_set/level_set_3/1_board_test/57'.
--- Đang tải board từ: level_set/level_set_3/1_board_test/57 ---
Đã tải thành công 1225 ô 'editable'.
Tổng số ô có thể vẽ: 1225

========================================
--- BẮT ĐẦU VÒNG LẶP (Length = 35) ---
Ô đã chiếm: 0 / Ô còn trống: 1225
Đề xuất tạo 35 mũi tên cho vòng lặp này...
Generating ADVANCED level in painted area... (This will be slow)
Trying to generate (adv) arrow 1/35...
Trying to generate (adv) arrow 2/35...
Trying to generate (adv) arrow 3/35...
Trying to generate (adv) arrow 4/35...
Trying to generate (adv) arrow 5/35...
Trying to generate (adv) arrow 6/35...
Trying to generate (adv) arrow 7/35...
Trying to generate (adv) arrow 8/35...
Trying to generate (adv) arrow 9/35...
Trying to generate (adv) arrow 10/35...
Trying to generate (adv) arrow 11/35...
Trying to generate (adv) arrow 12/35...
Trying to generate (adv) arrow 13/35...
Trying to generate (adv) arrow 14/35...
Trying to generate (adv) arrow 15/35...
Trying to generate (adv) arrow 16/35...
Trying to generate (adv) arrow 17/35...
Trying to generate (adv) arrow 18/35...
Trying to generate (adv) arrow 19/35...
Trying to generate (adv) arrow 20/35...
Trying to generate (adv) arrow 21/35...
Trying to generate (adv) arrow 22/35...
Trying to generate (adv) arrow 23/35...
Trying to generate (adv) arrow 24/35...
Trying to generate (adv) arrow 25/35...
Trying to generate (adv) arrow 26/35...
Trying to generate (adv) arrow 27/35...
Trying to generate (adv) arrow 28/35...
Trying to generate (adv) arrow 29/35...
Trying to generate (adv) arrow 30/35...
Trying to generate (adv) arrow 31/35...
Trying to generate (adv) arrow 32/35...
Trying to generate (adv) arrow 33/35...
Trying to generate (adv) arrow 34/35...
Trying to generate (adv) arrow 35/35...
Successfully generated 35 arrows!
Kết quả vòng lặp: Successfully generated 35 arrows!
Giảm độ dài từ 35...
Độ dài vòng tiếp theo: 30

========================================
--- BẮT ĐẦU VÒNG LẶP (Length = 30) ---
Ô đã chiếm: 779 / Ô còn trống: 446
Đề xuất tạo 15 mũi tên cho vòng lặp này...
Generating ADVANCED level in painted area... (This will be slow)
Trying to generate (adv) arrow 1/15...
Trying to generate (adv) arrow 2/15...
Trying to generate (adv) arrow 3/15...
Trying to generate (adv) arrow 4/15...
Trying to generate (adv) arrow 5/15...
Trying to generate (adv) arrow 6/15...
Trying to generate (adv) arrow 7/15...
Trying to generate (adv) arrow 8/15...
Trying to generate (adv) arrow 9/15...
Trying to generate (adv) arrow 10/15...
Trying to generate (adv) arrow 11/15...
Trying to generate (adv) arrow 12/15...
Could not find valid arrow 12. Stopping.
Successfully generated 11 arrows!
Kết quả vòng lặp: Successfully generated 11 arrows!
Giảm độ dài từ 30...
Độ dài vòng tiếp theo: 25

========================================
--- BẮT ĐẦU VÒNG LẶP (Length = 25) ---
Ô đã chiếm: 956 / Ô còn trống: 269
Đề xuất tạo 11 mũi tên cho vòng lặp này...
Generating ADVANCED level in painted area... (This will be slow)
Trying to generate (adv) arrow 1/11...
Trying to generate (adv) arrow 2/11...
Trying to generate (adv) arrow 3/11...
Trying to generate (adv) arrow 4/11...
Could not find valid arrow 4. Stopping.
Successfully generated 3 arrows!
Kết quả vòng lặp: Successfully generated 3 arrows!
Giảm độ dài từ 25...
Độ dài vòng tiếp theo: 20

========================================
--- BẮT ĐẦU VÒNG LẶP (Length = 20) ---
Ô đã chiếm: 995 / Ô còn trống: 230
Đề xuất tạo 12 mũi tên cho vòng lặp này...
Generating ADVANCED level in painted area... (This will be slow)
Trying to generate (adv) arrow 1/12...
Trying to generate (adv) arrow 2/12...
Trying to generate (adv) arrow 3/12...
Trying to generate (adv) arrow 4/12...
Trying to generate (adv) arrow 5/12...
Could not find valid arrow 5. Stopping.
Successfully generated 4 arrows!
Kết quả vòng lặp: Successfully generated 4 arrows!
Giảm độ dài từ 20...
Độ dài vòng tiếp theo: 15

========================================
--- BẮT ĐẦU VÒNG LẶP (Length = 15) ---
Ô đã chiếm: 1035 / Ô còn trống: 190
Đề xuất tạo 13 mũi tên cho vòng lặp này...
Generating ADVANCED level in painted area... (This will be slow)
Trying to generate (adv) arrow 1/13...
Trying to generate (adv) arrow 2/13...
Trying to generate (adv) arrow 3/13...
Trying to generate (adv) arrow 4/13...
Trying to generate (adv) arrow 5/13...
Trying to generate (adv) arrow 6/13...
Trying to generate (adv) arrow 7/13...
Trying to generate (adv) arrow 8/13...
Trying to generate (adv) arrow 9/13...
Trying to generate (adv) arrow 10/13...
Trying to generate (adv) arrow 11/13...
Could not find valid arrow 11. Stopping.
Successfully generated 10 arrows!
Kết quả vòng lặp: Successfully generated 10 arrows!
Giảm độ dài từ 15...
Độ dài vòng tiếp theo: 10

========================================
--- BẮT ĐẦU VÒNG LẶP (Length = 10) ---
Ô đã chiếm: 1109 / Ô còn trống: 116
Đề xuất tạo 12 mũi tên cho vòng lặp này...
Generating ADVANCED level in painted area... (This will be slow)
Trying to generate (adv) arrow 1/12...
Trying to generate (adv) arrow 2/12...
Trying to generate (adv) arrow 3/12...
Trying to generate (adv) arrow 4/12...
Trying to generate (adv) arrow 5/12...
Trying to generate (adv) arrow 6/12...
Trying to generate (adv) arrow 7/12...
Could not find valid arrow 7. Stopping.
Successfully generated 6 arrows!
Kết quả vòng lặp: Successfully generated 6 arrows!
Giảm độ dài từ 10...
Độ dài vòng tiếp theo: 5

========================================
--- BẮT ĐẦU VÒNG LẶP (Length = 5) ---
Ô đã chiếm: 1142 / Ô còn trống: 83
Đề xuất tạo 17 mũi tên cho vòng lặp này...
Generating ADVANCED level in painted area... (This will be slow)
Trying to generate (adv) arrow 1/17...
Trying to generate (adv) arrow 2/17...
Trying to generate (adv) arrow 3/17...
Trying to generate (adv) arrow 4/17...
Trying to generate (adv) arrow 5/17...
Trying to generate (adv) arrow 6/17...
Trying to generate (adv) arrow 7/17...
Trying to generate (adv) arrow 8/17...
Trying to generate (adv) arrow 9/17...
Trying to generate (adv) arrow 10/17...
Trying to generate (adv) arrow 11/17...
Trying to generate (adv) arrow 12/17...
Trying to generate (adv) arrow 13/17...
Trying to generate (adv) arrow 14/17...
Trying to generate (adv) arrow 15/17...
Trying to generate (adv) arrow 16/17...
Trying to generate (adv) arrow 17/17...
Successfully generated 17 arrows!
Kết quả vòng lặp: Successfully generated 17 arrows!
Tiếp tục lặp lại ở độ dài tối thiểu (5)...

========================================
--- BẮT ĐẦU VÒNG LẶP (Length = 5) ---
Ô đã chiếm: 1178 / Ô còn trống: 47
Đề xuất tạo 9 mũi tên cho vòng lặp này...
Generating ADVANCED level in painted area... (This will be slow)
Trying to generate (adv) arrow 1/9...
Trying to generate (adv) arrow 2/9...
Trying to generate (adv) arrow 3/9...
Trying to generate (adv) arrow 4/9...
Trying to generate (adv) arrow 5/9...
Trying to generate (adv) arrow 6/9...
Trying to generate (adv) arrow 7/9...
Trying to generate (adv) arrow 8/9...
Trying to generate (adv) arrow 9/9...
Successfully generated 9 arrows!
Kết quả vòng lặp: Successfully generated 9 arrows!
Tiếp tục lặp lại ở độ dài tối thiểu (5)...

========================================
--- BẮT ĐẦU VÒNG LẶP (Length = 5) ---
Ô đã chiếm: 1196 / Ô còn trống: 29
Đề xuất tạo 6 mũi tên cho vòng lặp này...
Generating ADVANCED level in painted area... (This will be slow)
Trying to generate (adv) arrow 1/6...
Trying to generate (adv) arrow 2/6...
Could not find valid arrow 2. Stopping.
Successfully generated 1 arrows!
Kết quả vòng lặp: Successfully generated 1 arrows!
Tiếp tục lặp lại ở độ dài tối thiểu (5)...

========================================
--- BẮT ĐẦU VÒNG LẶP (Length = 5) ---
Ô đã chiếm: 1198 / Ô còn trống: 27
Đề xuất tạo 5 mũi tên cho vòng lặp này...
Generating ADVANCED level in painted area... (This will be slow)
Trying to generate (adv) arrow 1/5...
Could not find valid arrow 1. Stopping.
Kết quả vòng lặp: Generation complete, but 0 valid arrows found. Try again.
Không thể tạo thêm mũi tên ở độ dài này.
Đã đạt độ dài tối thiểu và không thể tạo thêm. Dừng.

========================================
--- ĐÃ HOÀN TẤT TẤT CẢ CÁC VÒNG LẶP ---
Tổng cộng đã tạo: 96 mũi tên.
Đã lấp đầy 1198 / 1225 ô (97.8%)
--- Đang lưu kết quả ra: level_set/level_set_3/2_result_test/57.json ---
Đã lưu thành công level 35x35 với 96 mũi tên.
--- Bản đồ kết quả (ASCII) ---
                                     
 #######^#####^#>.###############>## 
 #####^############################# 
 ###^#####^^########<####>.########. 
 ############.<#<######v##^########^ 
 #<#######>##########>###v########## 
 #########>#######^#########.######> 
 #########^######################### 
 ###################<###########>v## 
 ######################v############ 
 ##############################^###^ 
 #####^###.############v############ 
 #############v################^#### 
 ################################.## 
 ######################<#########<## 
 ##.##############################># 
 ####v####<###<###########>#####>### 
 #^##.#######v#########v######.##### 
 ##v############v################### 
 ##.####v#############<############# 
 #########v##v############v######### 
 #######v##############<############ 
 .<###v###########v###<############# 
 #####<####################v.####### 
 ########<######v.v################# 
 ##.#<#################.############ 
 ########>#>#######>################ 
 #################################v# 
 ##v#########v###########v#####v#<## 
 #v###v###############v###.<#####.<# 
 ###v#.#######<#######<#########<### 
 ###.#####v################.######## 
 #<########################>#.v##### 
 #############v.<#<#############v.## 
 #####v#v#.v###################v#### 
 #######.####<#############>##v.#### 
                                     
--- Đang render: 57 (35x35) ---
✅ Đã lưu hình ảnh vào: level_set/level_set_3/3_render/57.png
args: Args(level_set_path=PosixPath('level_set/level_set_3'), start_length=20, length_step=5, min_length=5, size=(30, 30), turn_probability=0.5, straight_weight=0.75, left_weight=0.25, right_weight=0.5, max_turns=6, generate_mode='basic', csv_path=PosixPath('level_set/level_set_3/[Data] levels - test dataframe.csv'), csv=    level_name    template_name  ...  difficulty  style
0           21     pentagon.png  ...      Normal    NaN
1           22         star.png  ...      Normal     AZ
2           23       square.png  ...        Hard    NaN
3           24     pentagon.png  ...      Normal    NaN
4           25  AIR BALLOON.png  ...      Normal    NaN
5           26       square.png  ...      Normal     AZ
6           27       circle.png  ...      Normal     AZ
7           28      hexagon.png  ...      Normal    NaN
8           29       square.png  ...        Hard     AZ
9           30         BODY.png  ...      Normal    NaN
10          31       circle.png  ...      Normal    NaN
11          32     pentagon.png  ...      Normal     AZ
12          33       square.png  ...        Hard    NaN
13          34         star.png  ...      Normal    NaN
14          35        CHESS.png  ...      Normal    NaN
15          36      hexagon.png  ...      Normal     AZ
16          37       square.png  ...      Normal     AZ
17          38       circle.png  ...      Normal    NaN
18          39       square.png  ...        Hard     AZ
19          40   CRUSTACEAN.png  ...      Normal    NaN
20          41     pentagon.png  ...      Normal    NaN
21          42         star.png  ...      Normal     AZ
22          43       square.png  ...        Hard    NaN
23          44     pentagon.png  ...      Normal    NaN
24          45  FLAT SHAPES.png  ...      Normal    NaN
25          46         star.png  ...      Normal     AZ
26          47       circle.png  ...      Normal     AZ
27          48      hexagon.png  ...      Normal    NaN
28          49       square.png  ...        Hard     AZ
29          50        HOUSE.png  ...      Normal    NaN
30          51       circle.png  ...      Normal    NaN
31          52     pentagon.png  ...      Normal     AZ
32          53       square.png  ...        Hard    NaN
33          54       square.png  ...      Normal    NaN
34          55        PLANE.png  ...      Normal    NaN
35          56      hexagon.png  ...      Normal     AZ
36          57       square.png  ...      Normal     AZ
37          58       circle.png  ...      Normal    NaN
38          59       square.png  ...        Hard     AZ
39          60       SPIDER.png  ...      Normal    NaN

[40 rows x 10 columns], item_path='level_set/level_set_3/1_0_original_icons/circle.png', item_name='circle.png', alter_item_name='58')
Đang xử lý: 'level_set/level_set_3/1_0_original_icons/circle.png' (Kích thước gốc: (250, 250))
==> Đã lưu vào: 'level_set/level_set_3/1_1_icons/circle.png' (Kích thước mới: (30, 30))
Đã tải ảnh 'level_set/level_set_3/1_1_icons/circle.png' (Kích thước: 30x30)
Sử dụng ngưỡng Alpha: 128
Hoàn thành! Đã lưu board vào 'level_set/level_set_3/1_board_test/58'.
--- Đang tải board từ: level_set/level_set_3/1_board_test/58 ---
Đã tải thành công 716 ô 'editable'.
Tổng số ô có thể vẽ: 716

========================================
--- BẮT ĐẦU VÒNG LẶP (Length = 20) ---
Ô đã chiếm: 0 / Ô còn trống: 716
Đề xuất tạo 36 mũi tên cho vòng lặp này...
Generating level in painted area... (This will be slow)
Trying to generate arrow 1/36...
Trying to generate arrow 2/36...
Trying to generate arrow 3/36...
Trying to generate arrow 4/36...
Trying to generate arrow 5/36...
Trying to generate arrow 6/36...
Trying to generate arrow 7/36...
Trying to generate arrow 8/36...
Trying to generate arrow 9/36...
Trying to generate arrow 10/36...
Trying to generate arrow 11/36...
Trying to generate arrow 12/36...
Trying to generate arrow 13/36...
Trying to generate arrow 14/36...
Trying to generate arrow 15/36...
Trying to generate arrow 16/36...
Trying to generate arrow 17/36...
Trying to generate arrow 18/36...
Trying to generate arrow 19/36...
Trying to generate arrow 20/36...
Trying to generate arrow 21/36...
Trying to generate arrow 22/36...
Trying to generate arrow 23/36...
Trying to generate arrow 24/36...
Trying to generate arrow 25/36...
Trying to generate arrow 26/36...
Trying to generate arrow 27/36...
Trying to generate arrow 28/36...
Trying to generate arrow 29/36...
Trying to generate arrow 30/36...
Trying to generate arrow 31/36...
Trying to generate arrow 32/36...
Trying to generate arrow 33/36...
Trying to generate arrow 34/36...
Trying to generate arrow 35/36...
Trying to generate arrow 36/36...
Successfully generated 36 arrows!
Kết quả vòng lặp: Successfully generated 36 arrows!
Giảm độ dài từ 20...
Độ dài vòng tiếp theo: 15

========================================
--- BẮT ĐẦU VÒNG LẶP (Length = 15) ---
Ô đã chiếm: 569 / Ô còn trống: 147
Đề xuất tạo 10 mũi tên cho vòng lặp này...
Generating level in painted area... (This will be slow)
Trying to generate arrow 1/10...
Trying to generate arrow 2/10...
Trying to generate arrow 3/10...
Trying to generate arrow 4/10...
Trying to generate arrow 5/10...
Trying to generate arrow 6/10...
Trying to generate arrow 7/10...
Trying to generate arrow 8/10...
Could not find valid arrow 8. Stopping.
Successfully generated 7 arrows!
Kết quả vòng lặp: Successfully generated 7 arrows!
Giảm độ dài từ 15...
Độ dài vòng tiếp theo: 10

========================================
--- BẮT ĐẦU VÒNG LẶP (Length = 10) ---
Ô đã chiếm: 619 / Ô còn trống: 97
Đề xuất tạo 10 mũi tên cho vòng lặp này...
Generating level in painted area... (This will be slow)
Trying to generate arrow 1/10...
Trying to generate arrow 2/10...
Trying to generate arrow 3/10...
Could not find valid arrow 3. Stopping.
Successfully generated 2 arrows!
Kết quả vòng lặp: Successfully generated 2 arrows!
Giảm độ dài từ 10...
Độ dài vòng tiếp theo: 5

========================================
--- BẮT ĐẦU VÒNG LẶP (Length = 5) ---
Ô đã chiếm: 629 / Ô còn trống: 87
Đề xuất tạo 17 mũi tên cho vòng lặp này...
Generating level in painted area... (This will be slow)
Trying to generate arrow 1/17...
Trying to generate arrow 2/17...
Trying to generate arrow 3/17...
Trying to generate arrow 4/17...
Trying to generate arrow 5/17...
Trying to generate arrow 6/17...
Trying to generate arrow 7/17...
Trying to generate arrow 8/17...
Trying to generate arrow 9/17...
Trying to generate arrow 10/17...
Trying to generate arrow 11/17...
Trying to generate arrow 12/17...
Trying to generate arrow 13/17...
Trying to generate arrow 14/17...
Trying to generate arrow 15/17...
Trying to generate arrow 16/17...
Trying to generate arrow 17/17...
Successfully generated 17 arrows!
Kết quả vòng lặp: Successfully generated 17 arrows!
Tiếp tục lặp lại ở độ dài tối thiểu (5)...

========================================
--- BẮT ĐẦU VÒNG LẶP (Length = 5) ---
Ô đã chiếm: 669 / Ô còn trống: 47
Đề xuất tạo 9 mũi tên cho vòng lặp này...
Generating level in painted area... (This will be slow)
Trying to generate arrow 1/9...
Trying to generate arrow 2/9...
Trying to generate arrow 3/9...
Trying to generate arrow 4/9...
Trying to generate arrow 5/9...
Could not find valid arrow 5. Stopping.
Successfully generated 4 arrows!
Kết quả vòng lặp: Successfully generated 4 arrows!
Tiếp tục lặp lại ở độ dài tối thiểu (5)...

========================================
--- BẮT ĐẦU VÒNG LẶP (Length = 5) ---
Ô đã chiếm: 680 / Ô còn trống: 36
Đề xuất tạo 7 mũi tên cho vòng lặp này...
Generating level in painted area... (This will be slow)
Trying to generate arrow 1/7...
Could not find valid arrow 1. Stopping.
Kết quả vòng lặp: Generation complete, but 0 valid arrows found. Try again.
Không thể tạo thêm mũi tên ở độ dài này.
Đã đạt độ dài tối thiểu và không thể tạo thêm. Dừng.

========================================
--- ĐÃ HOÀN TẤT TẤT CẢ CÁC VÒNG LẶP ---
Tổng cộng đã tạo: 66 mũi tên.
Đã lấp đầy 680 / 716 ô (95.0%)
--- Đang lưu kết quả ra: level_set/level_set_3/2_result_test/58.json ---
Đã lưu thành công level 30x30 với 66 mũi tên.
--- Bản đồ kết quả (ASCII) ---
                                
            ####>#>.            
         ^###########^^         
        #########^######        
      #>##v####.#########.      
     ####################^.     
    #####>##############.##.    
    ##########>^########>.##    
   .############v#^#####.###.   
  ###########<############.^##  
  ###v###>.##.############>###  
  ^##>###.#############^######  
 ############v.######>########. 
 #############>#######^^###^### 
 ######>###.###>##.############ 
 #######^###########vv####^#### 
 ##############>############v^# 
 ###########v###########>###### 
 ######^###################.### 
 ####.##v##>##>#####>###v###### 
  ############################  
  .v.########.########.#v##.##  
  <#########<####v#######^####  
   ####.#####################   
    #####<###.##<##v##<#####    
    ##.##.######.##.#######v    
     ###########>####.####.     
      <#v#####<###########      
        .######.##<####>        
         ######<###>###         
            <######.            
                                
--- Đang render: 58 (30x30) ---
✅ Đã lưu hình ảnh vào: level_set/level_set_3/3_render/58.png
args: Args(level_set_path=PosixPath('level_set/level_set_3'), start_length=20, length_step=5, min_length=5, size=(20, 30), turn_probability=0.5, straight_weight=0.75, left_weight=0.25, right_weight=0.5, max_turns=6, generate_mode='advance', csv_path=PosixPath('level_set/level_set_3/[Data] levels - test dataframe.csv'), csv=    level_name    template_name  ...  difficulty  style
0           21     pentagon.png  ...      Normal    NaN
1           22         star.png  ...      Normal     AZ
2           23       square.png  ...        Hard    NaN
3           24     pentagon.png  ...      Normal    NaN
4           25  AIR BALLOON.png  ...      Normal    NaN
5           26       square.png  ...      Normal     AZ
6           27       circle.png  ...      Normal     AZ
7           28      hexagon.png  ...      Normal    NaN
8           29       square.png  ...        Hard     AZ
9           30         BODY.png  ...      Normal    NaN
10          31       circle.png  ...      Normal    NaN
11          32     pentagon.png  ...      Normal     AZ
12          33       square.png  ...        Hard    NaN
13          34         star.png  ...      Normal    NaN
14          35        CHESS.png  ...      Normal    NaN
15          36      hexagon.png  ...      Normal     AZ
16          37       square.png  ...      Normal     AZ
17          38       circle.png  ...      Normal    NaN
18          39       square.png  ...        Hard     AZ
19          40   CRUSTACEAN.png  ...      Normal    NaN
20          41     pentagon.png  ...      Normal    NaN
21          42         star.png  ...      Normal     AZ
22          43       square.png  ...        Hard    NaN
23          44     pentagon.png  ...      Normal    NaN
24          45  FLAT SHAPES.png  ...      Normal    NaN
25          46         star.png  ...      Normal     AZ
26          47       circle.png  ...      Normal     AZ
27          48      hexagon.png  ...      Normal    NaN
28          49       square.png  ...        Hard     AZ
29          50        HOUSE.png  ...      Normal    NaN
30          51       circle.png  ...      Normal    NaN
31          52     pentagon.png  ...      Normal     AZ
32          53       square.png  ...        Hard    NaN
33          54       square.png  ...      Normal    NaN
34          55        PLANE.png  ...      Normal    NaN
35          56      hexagon.png  ...      Normal     AZ
36          57       square.png  ...      Normal     AZ
37          58       circle.png  ...      Normal    NaN
38          59       square.png  ...        Hard     AZ
39          60       SPIDER.png  ...      Normal    NaN

[40 rows x 10 columns], item_path='level_set/level_set_3/1_0_original_icons/square.png', item_name='square.png', alter_item_name='59')
Đang xử lý: 'level_set/level_set_3/1_0_original_icons/square.png' (Kích thước gốc: (250, 250))
==> Đã lưu vào: 'level_set/level_set_3/1_1_icons/square.png' (Kích thước mới: (20, 30))
Đã tải ảnh 'level_set/level_set_3/1_1_icons/square.png' (Kích thước: 20x30)
Sử dụng ngưỡng Alpha: 128
Hoàn thành! Đã lưu board vào 'level_set/level_set_3/1_board_test/59'.
--- Đang tải board từ: level_set/level_set_3/1_board_test/59 ---
Đã tải thành công 600 ô 'editable'.
Tổng số ô có thể vẽ: 600

========================================
--- BẮT ĐẦU VÒNG LẶP (Length = 20) ---
Ô đã chiếm: 0 / Ô còn trống: 600
Đề xuất tạo 30 mũi tên cho vòng lặp này...
Generating ADVANCED level in painted area... (This will be slow)
Trying to generate (adv) arrow 1/30...
Trying to generate (adv) arrow 2/30...
Trying to generate (adv) arrow 3/30...
Trying to generate (adv) arrow 4/30...
Trying to generate (adv) arrow 5/30...
Trying to generate (adv) arrow 6/30...
Trying to generate (adv) arrow 7/30...
Trying to generate (adv) arrow 8/30...
Trying to generate (adv) arrow 9/30...
Trying to generate (adv) arrow 10/30...
Trying to generate (adv) arrow 11/30...
Trying to generate (adv) arrow 12/30...
Trying to generate (adv) arrow 13/30...
Trying to generate (adv) arrow 14/30...
Trying to generate (adv) arrow 15/30...
Trying to generate (adv) arrow 16/30...
Trying to generate (adv) arrow 17/30...
Trying to generate (adv) arrow 18/30...
Trying to generate (adv) arrow 19/30...
Trying to generate (adv) arrow 20/30...
Trying to generate (adv) arrow 21/30...
Trying to generate (adv) arrow 22/30...
Trying to generate (adv) arrow 23/30...
Trying to generate (adv) arrow 24/30...
Trying to generate (adv) arrow 25/30...
Trying to generate (adv) arrow 26/30...
Trying to generate (adv) arrow 27/30...
Trying to generate (adv) arrow 28/30...
Trying to generate (adv) arrow 29/30...
Trying to generate (adv) arrow 30/30...
Successfully generated 30 arrows!
Kết quả vòng lặp: Successfully generated 30 arrows!
Giảm độ dài từ 20...
Độ dài vòng tiếp theo: 15

========================================
--- BẮT ĐẦU VÒNG LẶP (Length = 15) ---
Ô đã chiếm: 488 / Ô còn trống: 112
Đề xuất tạo 7 mũi tên cho vòng lặp này...
Generating ADVANCED level in painted area... (This will be slow)
Trying to generate (adv) arrow 1/7...
Trying to generate (adv) arrow 2/7...
Trying to generate (adv) arrow 3/7...
Trying to generate (adv) arrow 4/7...
Trying to generate (adv) arrow 5/7...
Could not find valid arrow 5. Stopping.
Successfully generated 4 arrows!
Kết quả vòng lặp: Successfully generated 4 arrows!
Giảm độ dài từ 15...
Độ dài vòng tiếp theo: 10

========================================
--- BẮT ĐẦU VÒNG LẶP (Length = 10) ---
Ô đã chiếm: 517 / Ô còn trống: 83
Đề xuất tạo 8 mũi tên cho vòng lặp này...
Generating ADVANCED level in painted area... (This will be slow)
Trying to generate (adv) arrow 1/8...
Trying to generate (adv) arrow 2/8...
Trying to generate (adv) arrow 3/8...
Trying to generate (adv) arrow 4/8...
Trying to generate (adv) arrow 5/8...
Could not find valid arrow 5. Stopping.
Successfully generated 4 arrows!
Kết quả vòng lặp: Successfully generated 4 arrows!
Giảm độ dài từ 10...
Độ dài vòng tiếp theo: 5

========================================
--- BẮT ĐẦU VÒNG LẶP (Length = 5) ---
Ô đã chiếm: 540 / Ô còn trống: 60
Đề xuất tạo 12 mũi tên cho vòng lặp này...
Generating ADVANCED level in painted area... (This will be slow)
Trying to generate (adv) arrow 1/12...
Trying to generate (adv) arrow 2/12...
Trying to generate (adv) arrow 3/12...
Trying to generate (adv) arrow 4/12...
Trying to generate (adv) arrow 5/12...
Trying to generate (adv) arrow 6/12...
Trying to generate (adv) arrow 7/12...
Trying to generate (adv) arrow 8/12...
Trying to generate (adv) arrow 9/12...
Trying to generate (adv) arrow 10/12...
Trying to generate (adv) arrow 11/12...
Trying to generate (adv) arrow 12/12...
Successfully generated 12 arrows!
Kết quả vòng lặp: Successfully generated 12 arrows!
Tiếp tục lặp lại ở độ dài tối thiểu (5)...

========================================
--- BẮT ĐẦU VÒNG LẶP (Length = 5) ---
Ô đã chiếm: 570 / Ô còn trống: 30
Đề xuất tạo 6 mũi tên cho vòng lặp này...
Generating ADVANCED level in painted area... (This will be slow)
Trying to generate (adv) arrow 1/6...
Trying to generate (adv) arrow 2/6...
Trying to generate (adv) arrow 3/6...
Trying to generate (adv) arrow 4/6...
Trying to generate (adv) arrow 5/6...
Trying to generate (adv) arrow 6/6...
Successfully generated 6 arrows!
Kết quả vòng lặp: Successfully generated 6 arrows!
Tiếp tục lặp lại ở độ dài tối thiểu (5)...

========================================
--- BẮT ĐẦU VÒNG LẶP (Length = 5) ---
Ô đã chiếm: 583 / Ô còn trống: 17
Đề xuất tạo 3 mũi tên cho vòng lặp này...
Generating ADVANCED level in painted area... (This will be slow)
Trying to generate (adv) arrow 1/3...
Trying to generate (adv) arrow 2/3...
Trying to generate (adv) arrow 3/3...
Could not find valid arrow 3. Stopping.
Successfully generated 2 arrows!
Kết quả vòng lặp: Successfully generated 2 arrows!
Tiếp tục lặp lại ở độ dài tối thiểu (5)...

========================================
--- BẮT ĐẦU VÒNG LẶP (Length = 5) ---
Ô đã chiếm: 587 / Ô còn trống: 13
Đề xuất tạo 3 mũi tên cho vòng lặp này...
Generating ADVANCED level in painted area... (This will be slow)
Trying to generate (adv) arrow 1/3...
Could not find valid arrow 1. Stopping.
Kết quả vòng lặp: Generation complete, but 0 valid arrows found. Try again.
Không thể tạo thêm mũi tên ở độ dài này.
Đã đạt độ dài tối thiểu và không thể tạo thêm. Dừng.

========================================
--- ĐÃ HOÀN TẤT TẤT CẢ CÁC VÒNG LẶP ---
Tổng cộng đã tạo: 58 mũi tên.
Đã lấp đầy 587 / 600 ô (97.8%)
--- Đang lưu kết quả ra: level_set/level_set_3/2_result_test/59.json ---
Đã lưu thành công level 20x30 với 58 mũi tên.
--- Bản đồ kết quả (ASCII) ---
                      
 ###############>#>## 
 #############>###### 
 ################>### 
 #.###^#^##########># 
 v^################># 
 ####>##########>##># 
 ####>######v######## 
 ####.###########>### 
 <####^######^#####># 
 #################### 
 ######^##########>## 
 #################### 
 ####>##^^####>###### 
 ######v##.########## 
 #v#########<######># 
 ######>###########^v 
 ########<#<######### 
 ####>#########vv#### 
 ####.########>..#### 
 ########.<#########v 
 #v#############>#### 
 ####>############### 
 #########>########## 
 ##############vv#### 
 #########.#####.v### 
 #################### 
 ###<#####>.######### 
 #################### 
 #v##########<####.#v 
 ###vv.<###<#<######. 
                      
--- Đang render: 59 (20x30) ---
✅ Đã lưu hình ảnh vào: level_set/level_set_3/3_render/59.png
args: Args(level_set_path=PosixPath('level_set/level_set_3'), start_length=20, length_step=5, min_length=5, size=(35, 35), turn_probability=0.5, straight_weight=0.75, left_weight=0.25, right_weight=0.5, max_turns=6, generate_mode='basic', csv_path=PosixPath('level_set/level_set_3/[Data] levels - test dataframe.csv'), csv=    level_name    template_name  ...  difficulty  style
0           21     pentagon.png  ...      Normal    NaN
1           22         star.png  ...      Normal     AZ
2           23       square.png  ...        Hard    NaN
3           24     pentagon.png  ...      Normal    NaN
4           25  AIR BALLOON.png  ...      Normal    NaN
5           26       square.png  ...      Normal     AZ
6           27       circle.png  ...      Normal     AZ
7           28      hexagon.png  ...      Normal    NaN
8           29       square.png  ...        Hard     AZ
9           30         BODY.png  ...      Normal    NaN
10          31       circle.png  ...      Normal    NaN
11          32     pentagon.png  ...      Normal     AZ
12          33       square.png  ...        Hard    NaN
13          34         star.png  ...      Normal    NaN
14          35        CHESS.png  ...      Normal    NaN
15          36      hexagon.png  ...      Normal     AZ
16          37       square.png  ...      Normal     AZ
17          38       circle.png  ...      Normal    NaN
18          39       square.png  ...        Hard     AZ
19          40   CRUSTACEAN.png  ...      Normal    NaN
20          41     pentagon.png  ...      Normal    NaN
21          42         star.png  ...      Normal     AZ
22          43       square.png  ...        Hard    NaN
23          44     pentagon.png  ...      Normal    NaN
24          45  FLAT SHAPES.png  ...      Normal    NaN
25          46         star.png  ...      Normal     AZ
26          47       circle.png  ...      Normal     AZ
27          48      hexagon.png  ...      Normal    NaN
28          49       square.png  ...        Hard     AZ
29          50        HOUSE.png  ...      Normal    NaN
30          51       circle.png  ...      Normal    NaN
31          52     pentagon.png  ...      Normal     AZ
32          53       square.png  ...        Hard    NaN
33          54       square.png  ...      Normal    NaN
34          55        PLANE.png  ...      Normal    NaN
35          56      hexagon.png  ...      Normal     AZ
36          57       square.png  ...      Normal     AZ
37          58       circle.png  ...      Normal    NaN
38          59       square.png  ...        Hard     AZ
39          60       SPIDER.png  ...      Normal    NaN

[40 rows x 10 columns], item_path='level_set/level_set_3/1_0_original_icons/SPIDER.png', item_name='SPIDER.png', alter_item_name='60')
Đang xử lý: 'level_set/level_set_3/1_0_original_icons/SPIDER.png' (Kích thước gốc: (256, 231))
==> Đã lưu vào: 'level_set/level_set_3/1_1_icons/SPIDER.png' (Kích thước mới: (35, 35))
Đã tải ảnh 'level_set/level_set_3/1_1_icons/SPIDER.png' (Kích thước: 35x35)
Sử dụng ngưỡng Alpha: 128
Hoàn thành! Đã lưu board vào 'level_set/level_set_3/1_board_test/60'.
--- Đang tải board từ: level_set/level_set_3/1_board_test/60 ---
Đã tải thành công 401 ô 'editable'.
Tổng số ô có thể vẽ: 401

========================================
--- BẮT ĐẦU VÒNG LẶP (Length = 20) ---
Ô đã chiếm: 0 / Ô còn trống: 401
Đề xuất tạo 20 mũi tên cho vòng lặp này...
Generating level in painted area... (This will be slow)
Trying to generate arrow 1/20...
Trying to generate arrow 2/20...
Trying to generate arrow 3/20...
Trying to generate arrow 4/20...
Trying to generate arrow 5/20...
Trying to generate arrow 6/20...
Trying to generate arrow 7/20...
Trying to generate arrow 8/20...
Trying to generate arrow 9/20...
Trying to generate arrow 10/20...
Trying to generate arrow 11/20...
Trying to generate arrow 12/20...
Trying to generate arrow 13/20...
Trying to generate arrow 14/20...
Trying to generate arrow 15/20...
Trying to generate arrow 16/20...
Trying to generate arrow 17/20...
Trying to generate arrow 18/20...
Trying to generate arrow 19/20...
Trying to generate arrow 20/20...
Successfully generated 20 arrows!
Kết quả vòng lặp: Successfully generated 20 arrows!
Giảm độ dài từ 20...
Độ dài vòng tiếp theo: 15

========================================
--- BẮT ĐẦU VÒNG LẶP (Length = 15) ---
Ô đã chiếm: 312 / Ô còn trống: 89
Đề xuất tạo 6 mũi tên cho vòng lặp này...
Generating level in painted area... (This will be slow)
Trying to generate arrow 1/6...
Trying to generate arrow 2/6...
Trying to generate arrow 3/6...
Trying to generate arrow 4/6...
Could not find valid arrow 4. Stopping.
Successfully generated 3 arrows!
Kết quả vòng lặp: Successfully generated 3 arrows!
Giảm độ dài từ 15...
Độ dài vòng tiếp theo: 10

========================================
--- BẮT ĐẦU VÒNG LẶP (Length = 10) ---
Ô đã chiếm: 338 / Ô còn trống: 63
Đề xuất tạo 6 mũi tên cho vòng lặp này...
Generating level in painted area... (This will be slow)
Trying to generate arrow 1/6...
Trying to generate arrow 2/6...
Trying to generate arrow 3/6...
Trying to generate arrow 4/6...
Trying to generate arrow 5/6...
Trying to generate arrow 6/6...
Could not find valid arrow 6. Stopping.
Successfully generated 5 arrows!
Kết quả vòng lặp: Successfully generated 5 arrows!
Giảm độ dài từ 10...
Độ dài vòng tiếp theo: 5

========================================
--- BẮT ĐẦU VÒNG LẶP (Length = 5) ---
Ô đã chiếm: 364 / Ô còn trống: 37
Đề xuất tạo 7 mũi tên cho vòng lặp này...
Generating level in painted area... (This will be slow)
Trying to generate arrow 1/7...
Trying to generate arrow 2/7...
Trying to generate arrow 3/7...
Trying to generate arrow 4/7...
Trying to generate arrow 5/7...
Trying to generate arrow 6/7...
Trying to generate arrow 7/7...
Successfully generated 7 arrows!
Kết quả vòng lặp: Successfully generated 7 arrows!
Tiếp tục lặp lại ở độ dài tối thiểu (5)...

========================================
--- BẮT ĐẦU VÒNG LẶP (Length = 5) ---
Ô đã chiếm: 379 / Ô còn trống: 22
Đề xuất tạo 4 mũi tên cho vòng lặp này...
Generating level in painted area... (This will be slow)
Trying to generate arrow 1/4...
Trying to generate arrow 2/4...
Could not find valid arrow 2. Stopping.
Successfully generated 1 arrows!
Kết quả vòng lặp: Successfully generated 1 arrows!
Tiếp tục lặp lại ở độ dài tối thiểu (5)...

========================================
--- BẮT ĐẦU VÒNG LẶP (Length = 5) ---
Ô đã chiếm: 381 / Ô còn trống: 20
Đề xuất tạo 4 mũi tên cho vòng lặp này...
Generating level in painted area... (This will be slow)
Trying to generate arrow 1/4...
Could not find valid arrow 1. Stopping.
Kết quả vòng lặp: Generation complete, but 0 valid arrows found. Try again.
Không thể tạo thêm mũi tên ở độ dài này.
Đã đạt độ dài tối thiểu và không thể tạo thêm. Dừng.

========================================
--- ĐÃ HOÀN TẤT TẤT CẢ CÁC VÒNG LẶP ---
Tổng cộng đã tạo: 36 mũi tên.
Đã lấp đầy 381 / 401 ô (95.0%)
--- Đang lưu kết quả ra: level_set/level_set_3/2_result_test/60.json ---
Đã lưu thành công level 35x33 với 36 mũi tên.
--- Bản đồ kết quả (ASCII) ---
                                     
          #               #          
          #               #          
         ##               ##         
         #                 #         
         #                 #         
         #                 #         
   #    ##                 v^    ^   
   ##   #                   #   ##   
    #   ##      #####      ##   #    
    v    ##    ######^    ##    #    
     #    v#   ###^###   ##    #     
     #     v^  ####.##  ##     #     
     ##     ####.^#######     ##     
      ###.   ###>######^   ####      
        ###>.###############.        
           .#######^###>##           
              ######<##              
             .##########             
          ############.####          
      ###>v######>##>#######>^^      
     ^##   ###########^###   ###     
    ##    .###############.    ##    
    #    ##############.####    #    
   ##  <##  #######.#####  ###  ##   
  ##  ##    ####<#######.    #^  ##  
 ##   ##    ##<##^^######    ^#   ## 
      ##    .#########>##    ##      
      ##     .##>#######     ##      
      .#      ########.      ##      
       #       .##.###       #       
       #         #>.         #       
       #                     #       
       v                     #       
                                     
--- Đang render: 60 (35x33) ---
✅ Đã lưu hình ảnh vào: level_set/level_set_3/3_render/60.png
